ModuleGroup,Module,Report,ReportKey,CustomerReportKey,AreaName,ControllerName,ActionName,CloudApplicationKey,CloudApplicationActionKey,Querystring,Description,Note
Accounting,Accounts Payable,Accounts Payable Aging,479,216495,VisionPlex,screen,Index,3076,7385,__actionKey=7385,,
Accounting,Accounts Payable,Accounts Payable By VAT Type,5132,,VisionPlex,screen,Index,7571,25252,__actionKey=25252,,
Accounting,Accounts Payable,Accounts Payable Check Overrun Detail,1532,,Accounting,ApCheck,ViewApCheckOverrun,167,11957,,,
Accounting,Accounts Payable,Accounts Payable Withholding VAT Tax Codes,5162,,VisionPlex,screen,Index,7610,25366,__actionKey=25366,,
Accounting,Accounts Payable,AP and AR Summary by Currency,2237,,VisionPlex,screen,Index,2581,6890,__actionKey=6890,,
Accounting,Accounts Payable,AP Invoice Account No PO Type Account No,1007,,VisionPlex,screen,Index,2301,6608,__actionKey=6608,,
Accounting,Accounts Payable,AP Invoice Period vs Date,1017,,VisionPlex,screen,Index,1650,5957,__actionKey=5957,,
Accounting,Accounts Payable,AP Invoice Web Service Instances Invoice Link,5114,,VisionPlex,screen,Index,4044,8357,__actionKey=8357,,
Accounting,Accounts Payable,AP Invoice With PO,1466,,VisionPlex,screen,Index,3127,7437,__actionKey=7437,,
Accounting,Accounts Payable,AP Invoices Cross PCN,484,,VisionPlex,screen,Index,5717,19565,__actionKey=19565,,
Accounting,Accounts Payable,AP Retroactive Invoices,1003,,VisionPlex,screen,Index,1783,6090,__actionKey=6090,,
Accounting,Accounts Payable,AP Value Added Taxes,1596,,VisionPlex,screen,Index,2922,7231,__actionKey=7231,,
Accounting,Accounts Payable,Capital Expenditures,2241,,VisionPlex,screen,Index,3424,7737,__actionKey=7737,,
Accounting,Accounts Payable,Cash Disbursements,592,,VisionPlex,screen,Index,2899,7208,__actionKey=7208,,
Accounting,Accounts Payable,Cash Requirements,1006,216864,VisionPlex,screen,Index,3057,7366,__actionKey=7366,,
Accounting,Accounts Payable,Enterprise Cash Requirements,5954,,VisionPlex,screen,Index,7870,27093,__actionKey=27093,,
Accounting,Accounts Payable,Invoice Currency Unrealized Gain Loss,642,,VisionPlex,screen,Index,1768,6075,__actionKey=6075,,
Accounting,Accounts Payable,Outstanding Accounts Payable Invoices,2242,,VisionPlex,screen,Index,1571,5877,__actionKey=5877,,
Accounting,Accounts Payable,Payment Register xPCN,687,,VisionPlex,screen,Index,2474,6782,__actionKey=6782,,
Accounting,Accounts Payable,Pre-Check Register,279,,Accounting,AccountsPayableReports,ViewAPInvoicesPrecheck,685,2699,,,
Accounting,Accounts Payable,Purchase Report,2323,,VisionPlex,screen,Index,3430,7743,__actionKey=7743,,
Accounting,Accounts Payable,Purchases By Reference Number,1002,,VisionPlex,screen,Index,3577,7890,__actionKey=7890,,
Accounting,Accounts Payable,Purchases Report,280,,Accounting,AccountsPayableReports,ViewReportPurchase,685,2700,,,
Accounting,Accounts Payable,Supplier 1099s,591,216865,VisionPlex,screen,Index,2303,6610,__actionKey=6610,,
Accounting,Accounts Payable,Supplier Banking,1499,,VisionPlex,screen,Index,3918,8231,__actionKey=8231,,
Accounting,Accounts Payable,Supplier Invoice Discrepancies,1009,,VisionPlex,screen,Index,2302,6609,__actionKey=6609,,
Accounting,Accounts Payable,Supplier Invoices Across Multiple Locations,1474,,VisionPlex,screen,Index,1797,6104,__actionKey=6104,,
Accounting,Accounts Payable,Supplier Payments,1358,,VisionPlex,screen,Index,3465,7778,__actionKey=7778,,
Accounting,Accounts Payable,Supplier Purchasing History,1571,,VisionPlex,screen,Index,1428,5733,__actionKey=5733,,
Accounting,Accounts Payable,Tax Code Amounts,1004,,VisionPlex,screen,Index,3016,7325,__actionKey=7325,,
Accounting,Accounts Payable,Uninvoiced Receipts,444,,VisionPlex,screen,Index,2828,7137,__actionKey=7137,,
Accounting,Accounts Payable,Value Added Tax Payable (AP),1477,,VisionPlex,screen,Index,3597,7910,__actionKey=7910,,
Accounting,Accounts Receivable,A/R Invoices xPCN,634,,VisionPlex,screen,Index,1838,6145,__actionKey=6145,,
Accounting,Accounts Receivable,Accounts Receivable Aging,480,216496,VisionPlex,screen,Index,3074,7383,__actionKey=7383,,
Accounting,Accounts Receivable,Accounts Receivable Aging by Building and Outside Sales,148,,Accounting,ArAgingReports,ViewArAgingByBuildingAndOutsideSales,1270,9855,,"Aging report of AR invoices grouped by building, outside salesperson, and customer",
Accounting,Accounts Receivable,Accounts Receivable Aging by Day and Balance,3,,Accounting,ArAgingReports,ViewReportArAgingByDayAndBalance,1270,9837,,Specialized aging report showing all receivables (customer invoices) filtered by days/balance outstanding.,
Accounting,Accounts Receivable,Accounts Receivable Aging by Salesperson,281,,Accounting,ArAgingReports,ArAgingBySalespersonView,1270,9499,,,
Accounting,Accounts Receivable,Accounts Receivable Aging Reports,2,,Accounting,ArAgingReports,Index,1270,4890,,Aging schedule for customer invoices.,
Accounting,Accounts Receivable,Accounts Receivable Applied Invoices,4,,Accounting,ArInvoiceReports,ReportARInvoicesApplied,1163,9525,,Show customer credit memos applied to outstanding invoices.,
Accounting,Accounts Receivable,Accounts Receivable By VAT Type,5205,,VisionPlex,screen,Index,7607,25354,__actionKey=25354,,
Accounting,Accounts Receivable,Accounts Receivable Cash Receipts by Payor,288,,Accounting,ARReceiptsReports,ViewCashReceiptsForPayor,1138,10271,,,
Accounting,Accounts Receivable,Accounts Receivable Check Details,287,,Accounting,ARReceiptsReports,ViewArCheckDetail,1138,10269,,,
Accounting,Accounts Receivable,Accounts Receivable Expanded Aging,108,216866,Accounting,ArAgingReports,ArAgingExpandedView,1270,9619,,,
Accounting,Accounts Receivable,Accounts Receivable Invoice Details,15025,,Accounting,_,ViewArInvoiceDetailsEUNReportAction,9859,37665,,,
Accounting,Accounts Receivable,Accounts Receivable Invoice Factura ATEB,424,,VisionPlex,screen,Index,2643,6952,__actionKey=6952,,
Accounting,Accounts Receivable,Accounts Receivable Invoice Numbers,1599,,Accounting,ArInvoiceReports,reportarinvoicelist,1163,4371,,,
Accounting,Accounts Receivable,Accounts Receivable Invoice Print History,5,,Accounting,ArInvoiceReports,ReportArInvoicesPrintHistory,1163,9535,,Show when and by whom a customer invoice has been printed.  Report allows resetting invoices for re-printing a batch.,
Accounting,Accounts Receivable,Accounts Receivable Invoices by Type,282,,Accounting,ArInvoiceReports,ArinvoicesByType,1163,3947,,,
Accounting,Accounts Receivable,Accounts Receivable Management,285,,Accounting,ArManagementReports,Index,1222,4201,,,
Accounting,Accounts Receivable,Accounts Receivable Percentage of Completion,71,,Accounting,ArInvoiceReports,ReportPercentageOfCompletion,1163,4239,,Customer Orders Percentage of Completion Report based on Budget estimates (ETC) and Actual Costs to Date.,
Accounting,Accounts Receivable,Accounts Receivable Receipts,286,,Accounting,ARReceiptsReports,Index,1138,3817,,,
Accounting,Accounts Receivable,Accounts Receivable Summary by Currency,386,,VisionPlex,screen,Index,2580,6889,__actionKey=6889,,
Accounting,Accounts Receivable,Accounts Receivable Summary by Part Product Type,283,,Accounting,ArInvoiceReports,ReportArInvoiceSummaryByPartProductType,1163,4394,,,
Accounting,Accounts Receivable,Accounts Receivable Transactions,284,,Accounting,ArManagementReports,ARTransactionsGridView,1222,9514,,,
Accounting,Accounts Receivable,Accounts Receivable Value Added Tax Payables,174,,Accounting,ArInvoiceReports,ArValueAddedTaxPayable,1163,9576,,Invoices paid showing conversion between base and foreign currency amounts for tax reporting.,
Accounting,Accounts Receivable,Accounts Receivable Value Added Taxes,399,,VisionPlex,screen,Index,2923,7232,__actionKey=7232,,
Accounting,Accounts Receivable,Accounts Receivable Withholding VAT Tax Codes,5206,,VisionPlex,screen,Index,7605,25351,__actionKey=25351,,
Accounting,Accounts Receivable,Accounts Receivables for Follow Up,243,,Accounting,ArInvoiceReports,ReportArForFollowup,1163,9574,,"Shows AR by customer over 60 days and a specified dollar amount, with column for disposition from credit communications",
Accounting,Accounts Receivable,AR Consolidated Aging By Detail,406,,VisionPlex,screen,Index,6430,21306,__actionKey=21306,,
Accounting,Accounts Receivable,AR Invoice Register Shipments,1069,,VisionPlex,screen,Index,1497,5802,__actionKey=5802,,
Accounting,Accounts Receivable,AR Invoice Web Service Instances Invoice Links,2234,,VisionPlex,screen,Index,3953,8266,__actionKey=8266,,
Accounting,Accounts Receivable,AR Invoices Aggregated by Location,2247,,VisionPlex,screen,Index,2851,7160,__actionKey=7160,,
Accounting,Accounts Receivable,AR Invoices by Locations,1605,,VisionPlex,screen,Index,2840,7149,__actionKey=7149,,
Accounting,Accounts Receivable,AR Invoices by PO Part Summarized,2246,,VisionPlex,screen,Index,3960,8273,__actionKey=8273,,
Accounting,Accounts Receivable,AR Invoices No Order,1606,,VisionPlex,screen,Index,2306,6613,__actionKey=6613,,
Accounting,Accounts Receivable,AR Invoices Outstanding,1391,,VisionPlex,screen,Index,1573,5879,__actionKey=5879,,
Accounting,Accounts Receivable,AR Invoices Summary,396,,Accounting,ReportArInvoiceSummary,Index,231,593,,,
Accounting,Accounts Receivable,AR Past Due,1280,,VisionPlex,screen,Index,7299,23922,__actionKey=23922,,
Accounting,Accounts Receivable,AR Retroactive Invoice Balances,1478,,VisionPlex,screen,Index,7084,23450,__actionKey=23450,,
Accounting,Accounts Receivable,AR Retroactive Original Invoice Detail,1584,,VisionPlex,screen,Index,1949,6256,__actionKey=6256,,
Accounting,Accounts Receivable,AR Retroactive Original Invoice Summary,1583,,VisionPlex,screen,Index,1948,6255,__actionKey=6255,,
Accounting,Accounts Receivable,AR Total Invoice Summary,884,,VisionPlex,screen,Index,2916,7225,__actionKey=7225,,
Accounting,Accounts Receivable,Billing Summary,1483,,VisionPlex,screen,Index,7104,23502,__actionKey=23502,,
Accounting,Accounts Receivable,Billing Summary with Unit Price,1560,,VisionPlex,screen,Index,2892,7201,__actionKey=7201,,
Accounting,Accounts Receivable,Billing Summary with Units,881,,VisionPlex,screen,Index,2304,6611,__actionKey=6611,,
Accounting,Accounts Receivable,Credit Memos,1557,,VisionPlex,screen,Index,3613,7926,__actionKey=7926,,
Accounting,Accounts Receivable,Credit Memos by Reason,1603,,VisionPlex,screen,Index,3695,8008,__actionKey=8008,,
Accounting,Accounts Receivable,Customer Invoice Aging Schedules,380,,Accounting,CustomerInvoiceScheduling,ArInvoicingScheduleAging,1181,9464,,,
Accounting,Accounts Receivable,Customer Invoice Scheduled Deposits,379,,Accounting,CustomerInvoiceScheduling,ArInvoicingScheduleDepositsView,1181,9460,,,
Accounting,Accounts Receivable,Customer Invoice Ship Date Mismatch,2248,,VisionPlex,screen,Index,2308,6615,__actionKey=6615,,
Accounting,Accounts Receivable,Customer Invoices Issued,1481,,VisionPlex,screen,Index,3232,7543,__actionKey=7543,,
Accounting,Accounts Receivable,Customer Invoices Needing Attention,1482,,VisionPlex,screen,Index,3602,7915,__actionKey=7915,,
Accounting,Accounts Receivable,Customer Revenue and Hours Analysis,2243,,VisionPlex,screen,Index,3428,7741,__actionKey=7741,,
Accounting,Accounts Receivable,Customer Revenue Breakdown Analysis ,994,,VisionPlex,screen,Index,3427,7740,__actionKey=7740,,
Accounting,Accounts Receivable,Customer Revenue by Part,289,,Accounting,ARRevenueReports,ReportCustomerbyPart,4238,9527,,,
Accounting,Accounts Receivable,Customer Revenue by Period,290,,Accounting,ARRevenueReports,ReportCustomerRevenuebyPeriodViewAction,4238,10020,,,
Accounting,Accounts Receivable,Customer Revenue by Product Type,291,,Accounting,ARRevenueReports,ReportCustomerRevenueByProductType,4238,10403,,,
Accounting,Accounts Receivable,Customer Sales and Profitability Analysis,1547,,VisionPlex,screen,Index,3721,8034,__actionKey=8034,,
Accounting,Accounts Receivable,Customer Statements,192,219425,Accounting,CustomerStatements,Index,1234,5138,,Standard report showing customers outstanding invoices in a presentable format.,
Accounting,Accounts Receivable,Customer Write-Offs,1191,,VisionPlex,screen,Index,3605,7918,__actionKey=7918,,
Accounting,Accounts Receivable,Customers Credit Detail Inquiry,1604,,VisionPlex,screen,Index,1472,5777,__actionKey=5777,,
Accounting,Accounts Receivable,Daily Sales History,292,,Accounting,ARRevenueReports,ReportDailySales,4238,10406,,,
Accounting,Accounts Receivable,Enterprise Cash Receipt Deposit Summaries,364,,VisionPlex,screen,Index,2015,6322,__actionKey=6322,,
Accounting,Accounts Receivable,Expected Receipts,1192,,Accounting,ArInvoiceReports,ArExpectedReceipts,1163,18987,,,
Accounting,Accounts Receivable,Invoice Journal History,398,,VisionPlex,screen,Index,3522,7835,__actionKey=7835,,
Accounting,Accounts Receivable,Invoices by Day and Account,1598,,Accounting,ArInvoiceReports,ReportArInvoicesByDayAndAccount,1163,3944,,,
Accounting,Accounts Receivable,Mexico SAT Payments Proof,5272,,VisionPlex,screen,Index,7692,25796,__actionKey=25796,,
Accounting,Accounts Receivable,Multi-Entity Accounts Receivable Credits,385,,VisionPlex,screen,Index,4029,8342,__actionKey=8342,,
Accounting,Accounts Receivable,Multi-Entity Cash Receipts Payor Detail,1585,,VisionPlex,screen,Index,7437,24340,__actionKey=24340,,
Accounting,Accounts Receivable,OneStream Extract,352,,VisionPlex,screen,Index,6360,20918,__actionKey=20918,,
Accounting,Accounts Receivable,Revenue and Returns,1317,,VisionPlex,screen,Index,1801,6108,__actionKey=6108,,
Accounting,Accounts Receivable,Revenue Breakdown Analysis,993,,VisionPlex,screen,Index,3431,7744,__actionKey=7744,,
Accounting,Accounts Receivable,Revenue by Customer Category,1563,,VisionPlex,screen,Index,1654,5961,__actionKey=5961,,
Accounting,Accounts Receivable,"Revenue by Period, State, Customer",1025,,VisionPlex,screen,Index,2817,7126,__actionKey=7126,,
Accounting,Accounts Receivable,"Revenue by Period, State, Customer, Invoice",927,,VisionPlex,screen,Index,2904,7213,__actionKey=7213,,
Accounting,Accounts Receivable,Revenue Geographics,594,,VisionPlex,screen,Index,3668,7981,__actionKey=7981,,
Accounting,Accounts Receivable,Sales By Customer and Part,1313,,VisionPlex,screen,Index,7250,23737,__actionKey=23737,,
Accounting,Accounts Receivable,Sales By Region Customer Part and Product Type,1384,,VisionPlex,screen,Index,3055,7364,__actionKey=7364,,
Accounting,Accounts Receivable,Sales Journal,363,,VisionPlex,screen,Index,3714,8027,__actionKey=8027,,
Accounting,Accounts Receivable,Sales Register,774,,VisionPlex,screen,Index,2897,7206,__actionKey=7206,,
Accounting,Accounts Receivable,Shipment Revenue by Customer and Account,1315,,VisionPlex,screen,Index,2458,6766,__actionKey=6766,,
Accounting,Accounts Receivable,Shipper Invoice Integrity,2232,,VisionPlex,screen,Index,2945,7254,__actionKey=7254,,
Accounting,Accounts Receivable,Shipper Invoices By Truck,1203,,Accounting,ArManagementReports,ViewShipperInvoicesByTruckGrid,1222,23916,,,
Accounting,Accounts Receivable,xPCN Cash Receipts - Payor Summary,1388,,VisionPlex,screen,Index,2016,6323,__actionKey=6323,,
Accounting,Accounts Receivable,Zero Amount AR Invoice Lines ,1550,,VisionPlex,screen,Index,2305,6612,__actionKey=6612,,
Accounting,Auto Tax Calculation,Item Taxes Popup,1497,,VisionPlex,screen,Index,2632,6941,__actionKey=6941,,
Accounting,Budgeting,Budget Plus Actual Report,8,,Accounting,FinancialBudgetReports,ViewBudgetView,4571,12254,,,
Accounting,Budgeting,Budget Report,21,,Accounting,FinancialBudgetReports,Index,4571,10930,,Show budget by account by period for a selected fiscal year,
Accounting,Credit Checking,Customer Credit Watch,310,,Accounting,CustomerCreditReports,Index,4676,12017,,,
Accounting,Financial Statements,Account Activities by Period and Job,431,,VisionPlex,screen,Index,1405,5710,__actionKey=5710,,
Accounting,Financial Statements,Accounting Job Period Summary,5719,,VisionPlex,screen,Index,1447,5752,__actionKey=5752,,
Accounting,Financial Statements,Budget Comparison Plus Actual Report,7,,Accounting,FinancialStatements,ViewBudgetCompare,1380,10459,,,
Accounting,Financial Statements,Cash Flow,249,216867,Accounting,FinancialStatements,ViewFinancialStatementsCashFlowStatementGrid,1380,5671,,Financial Statements Multi-level Cash Flow .net,
Accounting,Financial Statements,Cash Forecast,5767,,VisionPlex,screen,Index,1597,5904,__actionKey=5904,,
Accounting,Financial Statements,Cash Receipts by Day and Account,11,,Accounting,ARReports,Index,1369,5590,,Show cash received by day and account for a date range,
Accounting,Financial Statements,Financial Statements,245,219426,Accounting,FinancialStatements,ViewFinancialStatement,1380,9116,,Multi-level Financial Statements.,
Accounting,Financial Statements,Intrastat Purchasing,1308,,VisionPlex,screen,Index,6614,22198,__actionKey=22198,,
Accounting,Financial Statements,Intrastat Returns,1309,,VisionPlex,screen,Index,6615,22199,__actionKey=22199,,
Accounting,Financial Statements,Intrastat Sales,1310,,VisionPlex,screen,Index,6616,22200,__actionKey=22200,,
Accounting,Financial Statements,Reports Designed,11247,,VisionPlex,screen,Index,3900,8213,__actionKey=8213,,
Accounting,Fixed Assets,Asset Class Net Value,1035,,VisionPlex,screen,Index,2926,7235,__actionKey=7235,,
Accounting,Fixed Assets,Asset Gross Value,668,,VisionPlex,screen,Index,2902,7211,__actionKey=7211,,
Accounting,Fixed Assets,Net Value by Asset,1057,,VisionPlex,screen,Index,3234,7546,__actionKey=7546,,
Accounting,General Ledger,Account Activity Customer Detail,1611,,VisionPlex,screen,Index,1878,6185,__actionKey=6185,,
Accounting,General Ledger,Account Activity Customer Summary,1609,,VisionPlex,screen,Index,1877,6184,__actionKey=6184,,
Accounting,General Ledger,Account Activity Detail,302,216868,Accounting,GlJournalReports,Index,4629,11490,,,
Accounting,General Ledger,Account Activity Links,829,,VisionPlex,screen,Index,3157,7468,__actionKey=7468,,
Accounting,General Ledger,Account Activity xPCN Summary,1209,,VisionPlex,screen,Index,1986,6293,__actionKey=6293,,
Accounting,General Ledger,Account Balance Revaluation,5960,,VisionPlex,screen,Index,7915,27190,__actionKey=27190,,
Accounting,General Ledger,Account Reconciliation Detail by Status,1608,,VisionPlex,screen,Index,3351,7663,__actionKey=7663,,
Accounting,General Ledger,Account Transactions,885,,VisionPlex,screen,Index,1969,6276,__actionKey=6276,,
Accounting,General Ledger,Accounting Transactions Revalued,1577,,VisionPlex,screen,Index,1982,6289,__actionKey=6289,,
Accounting,General Ledger,Accounting Workload Statistics,1610,,VisionPlex,screen,Index,3540,7853,__actionKey=7853,,
Accounting,General Ledger,Enterprise Account Activity,1311,,VisionPlex,screen,Index,2211,6518,__actionKey=6518,,
Accounting,General Ledger,GL Transactions By Period,2315,,VisionPlex,screen,Index,2712,7021,__actionKey=7021,,
Accounting,General Ledger,Inventory Valuation Actual Costs,450,,VisionPlex,screen,Index,2498,6807,__actionKey=6807,,
Accounting,General Ledger,Journal Entries Cross-PCN,1320,,VisionPlex,screen,Index,1843,6150,__actionKey=6150,,
Accounting,General Ledger,Ledger Transactions - Mexico,5757,,VisionPlex,screen,Index,7780,26165,__actionKey=26165,,
Accounting,General Ledger,Master GL Journal,9326,,VisionPlex,screen,Index,5611,18893,__actionKey=18893,,
Accounting,General Ledger,Statutory Account Trial Balance,1564,,VisionPlex,screen,Index,7186,23637,__actionKey=23637,,
Accounting,General Ledger,Statutory Accounts By Date,5773,,VisionPlex,screen,Index,7791,26219,__actionKey=26219,,
Accounting,Hours Tracking,Billable Hours by Employee,2311,,VisionPlex,screen,Index,3432,7745,__actionKey=7745,,
Accounting,Hours Tracking,Hours Breakdown by Customer Group,1329,,VisionPlex,screen,Index,3425,7738,__actionKey=7738,,
Accounting,Hours Tracking,Hours by Project for Month,175,,Accounting,HoursTrackingReports,ProjectForMonthReportView,4544,12521,,Shows the hours tracked against a customer in a given month broken down by project.,
Accounting,Hours Tracking,Internal Hours Tracking Report,178,,Accounting,HoursTrackingReports,ViewInternalHoursTrackingReport,4544,10867,,Track percentage of hours worked internally on Plexus projects,
Accounting,Hours Tracking,Weekly Time Cards,6309,,HumanResources,TimesheetWeekly,Index,4673,14133,,,
Accounting,Project Accounting,Accounting Job Budget Summary Detail,508,,VisionPlex,screen,Index,2610,6919,__actionKey=6919,,
Accounting,Project Accounting,Accounting Job Gross Margin Details,883,,VisionPlex,screen,Index,3298,7610,__actionKey=7610,,
Accounting,Project Accounting,Accounting Job Reports,300,,Accounting,AccountingJobsReports,Index,1266,4878,,,
Accounting,Project Accounting,Accounting Jobs Budget Expense Summary,585,,VisionPlex,screen,Index,4054,8367,__actionKey=8367,,
Accounting,Project Accounting,Accounting Jobs Budget Summary,773,,VisionPlex,screen,Index,2614,6923,__actionKey=6923,,
Accounting,Project Accounting,Labor Hours for Accounting Jobs,5156,,VisionPlex,screen,Index,5583,18698,__actionKey=18698,,
Accounting,Project Accounting,Project Account Expense Summary,886,,VisionPlex,screen,Index,1836,6143,__actionKey=6143,,
Accounting,Project Accounting,Project Accounting xPCN Summary,888,,VisionPlex,screen,Index,1859,6166,__actionKey=6166,,
Accounting,Self-Billing,Self-Billing Accrual History,12282,,Accounting,_,ViewSelfBillingAccrualHistory,9389,33705,,,
Accounting,Self-Billing,Self-Billing Invoice History,12283,,Accounting,_,ViewSelfBillingInvoiceHistory,9414,33860,,,
Business Intelligence,VisionPlex,Honda Custom 820 Download,19173,,VisionPlex,screen,Index,10347,42221,__actionKey=42221,,
Business Intelligence,VisionPlex,Raw Material,17766,,Community,RawMaterialsReport,Index,10173,40707,,,
Business Intelligence,VisionPlex,Unbuilt Inventory - Start of Day Report,422216,,VisionPlex,screen,Index,11229,55980,__actionKey=55980,,
Business Intelligence,VisionPlex,XML Column Test,5261,,VisionPlex,screen,Index,7680,25702,__actionKey=25702,,
Communication,Automatic Email Notification,Auto Emails,2378,,VisionPlex,screen,Index,4060,8373,__actionKey=8373,,
Communication,Communication Log,Communication Log Activity Detail,337,,Communication,CommunicationLogReports,CommunicationLogActivityView,1162,4237,,,
Communication,Communication Log,Communication Log History,339,,Communication,CommunicationLogReports,Index,1162,3942,,,
Communication,Communication Log,Communication Recontact Log,966,,VisionPlex,screen,Index,1976,6283,__actionKey=6283,,
Communication,Communication Log,Customer Calls for Six Months,338,,Communication,CommunicationLogReports,CustomerCallSixMonthView,1162,4121,,,
Communication,Contact Management,Christmas Cards,1498,,VisionPlex,screen,Index,2325,6632,__actionKey=6632,,
Communication,Contact Management,Customer Contacts,273,,Communication,CustomerContact,Index,1376,5627,,,
Communication,In - Out Board,In Out Board History,981,,Communication,inoutboardhistory,Index,6421,21244,,,
Communication,Integrated Faxing,Fax Queue,1294,,VisionPlex,screen,Index,3684,7997,__actionKey=7997,,
Communication,Team and Group Setup,Group Members,800,,VisionPlex,screen,Index,2327,6634,__actionKey=6634,,
Costing,Actual Costing,Actual Cost GL Journal Posted Report,306,,Costing,ActualCostReports,ViewActualCostJournalPostedReport,733,9683,,,
Costing,Actual Costing,COGS Shipping,1407,,VisionPlex,screen,Index,2256,6563,__actionKey=6563,,
Costing,Actual Costing,Container Cost Detail,447,295467,VisionPlex,screen,Index,3251,7563,__actionKey=7563,,
Costing,Actual Costing,Container Cost Summaries,346,,Costing,ContainerCostSummary,Index,6325,20671,,,
Costing,Actual Costing,Container Source Materials,5650,,VisionPlex,screen,Index,2999,7308,__actionKey=7308,,
Costing,Actual Costing,Cost Summary by Workcenter,5721,,VisionPlex,screen,Index,3660,7973,__actionKey=7973,,
Costing,Actual Costing,Cost Tracking,457,273135,VisionPlex,screen,Index,151,6752,__actionKey=6752,,
Costing,Actual Costing,Daily Shipment Margins,2250,,VisionPlex,screen,Index,2940,7249,__actionKey=7249,,
Costing,Actual Costing,Gross Profits,482,295469,VisionPlex,screen,Index,3104,7413,__actionKey=7413,,
Costing,Actual Costing,Hours By Workcenter,1392,,VisionPlex,screen,Index,7417,24221,__actionKey=24221,,
Costing,Actual Costing,In Process Order Profit Analysis,5750,,VisionPlex,screen,Index,3594,7907,__actionKey=7907,,
Costing,Actual Costing,Indirect Labor Hours Activity,1350,,VisionPlex,screen,Index,2630,6939,__actionKey=6939,,
Costing,Actual Costing,Inventory Actual Costs,376,,VisionPlex,screen,Index,3662,7975,__actionKey=7975,,
Costing,Actual Costing,Inventory Costs,955,,VisionPlex,screen,Index,7067,23386,__actionKey=23386,,
Costing,Actual Costing,Inventory Valuation Actual Cost Summary By Accounting Job,1207,,VisionPlex,screen,Index,2806,7115,__actionKey=7115,,
Costing,Actual Costing,Inventory Valuation Actual PiT Cost Type Summary,1347,295472,VisionPlex,screen,Index,3113,7423,__actionKey=7423,,
Costing,Actual Costing,Inventory Valuation PiT Container Account,5755,295473,VisionPlex,screen,Index,2847,7156,__actionKey=7156,,
Costing,Actual Costing,Job Actual Cost Report,244,,Costing,ActualCostReports,ViewActualCostReportsJobActualCostReportGrid,733,9669,,Gets the actual cost of the Job,
Costing,Actual Costing,Job Cost Detail Report,202,295470,Costing,customactualcostreports,JobCostDetail,1202,9540,,,
Costing,Actual Costing,Job Cost Summary,1438,295468,VisionPlex,screen,Index,3010,7319,__actionKey=7319,,
Costing,Actual Costing,Job Cost Variance From Standard,5199,295465,VisionPlex,screen,Index,2622,6931,__actionKey=6931,,
Costing,Actual Costing,Job Cost Variance From Standard Summary,2249,295466,VisionPlex,screen,Index,3280,7592,__actionKey=7592,,
Costing,Actual Costing,Job Costs Activity Discrepancies,6189,,VisionPlex,screen,Index,3907,8220,__actionKey=8220,,
Costing,Actual Costing,Labor Productivity,2254,295471,VisionPlex,screen,Index,3607,7920,__actionKey=7920,,
Costing,Actual Costing,Labor Tracking by Job,5751,,VisionPlex,screen,Index,2255,6562,__actionKey=6562,,
Costing,Actual Costing,On Hand Inventory Valuation,5748,295474,VisionPlex,screen,Index,3615,7928,__actionKey=7928,,
Costing,Actual Costing,Operations Schedule,110,,Costing,customactualcostreports,ViewCustomActualCostReportsOperationsSchedule,1202,9121,,,
Costing,Actual Costing,Order Profit Analysis,205,,Costing,ActualCostReports,ViewActualCostReportsOrderLineDetailGrid,733,9672,,A report that analyzes order lines for costs,
Costing,Actual Costing,Part Cost Analysis,377,,VisionPlex,screen,Index,3653,7966,__actionKey=7966,,
Costing,Actual Costing,Part Cost Summary,350,,VisionPlex,screen,Index,3204,7515,__actionKey=7515,,
Costing,Actual Costing,Part Cost Summary No Job,1019,,VisionPlex,screen,Index,3635,7948,__actionKey=7948,,
Costing,Actual Costing,Part Cost Variance,52,,Costing,customactualcostreports,ViewPartCostVariance,1202,9597,,Part variances between actual and costing method.,
Costing,Actual Costing,Payroll Analysis,2295,,VisionPlex,screen,Index,3225,7536,__actionKey=7536,,
Costing,Actual Costing,Production Labor Cost Summary,5745,,VisionPlex,screen,Index,3742,8055,__actionKey=8055,,
Costing,Actual Costing,Production Labor Costs,5749,,VisionPlex,screen,Index,3636,7949,__actionKey=7949,,
Costing,Actual Costing,Shipment Summary,2298,,VisionPlex,screen,Index,3525,7838,__actionKey=7838,,
Costing,Actual Costing,Standard vs Actual Variance,2251,,VisionPlex,screen,Index,2366,6673,__actionKey=6673,,
Costing,Actual Costing,Tool Job Cost Variance,2296,,VisionPlex,screen,Index,3665,7978,__actionKey=7978,,
Costing,Advanced Standard Costing,Cell Backflush Details,2257,,VisionPlex,screen,Index,2562,6871,__actionKey=6871,,
Costing,Advanced Standard Costing,Contribution Margins,9328,,VisionPlex,screen,Index,1888,6195,__actionKey=6195,,
Costing,Advanced Standard Costing,Cost Model Discrepancy,422,216869,VisionPlex,screen,Index,1575,5881,__actionKey=5881,,
Costing,Advanced Standard Costing,Cost Of Goods Shipped,1060,,VisionPlex,screen,Index,2310,6617,__actionKey=6617,,
Costing,Advanced Standard Costing,Cost of Goods Sold,1063,,VisionPlex,screen,Index,7189,23642,__actionKey=23642,,
Costing,Advanced Standard Costing,Cost Type Sales Matrix,155,,Costing,StandardCostReports,CostTypeSalesMatrix,668,4776,,"Report showing the Standard Cost of parts broken down by Cost Type.  At a part level, the total is then compared to selling prices and shipped prices.",
Costing,Advanced Standard Costing,Cost Variance by Part Operation,40,,Costing,StandardCostReports,ViewCostVariance,668,2605,,,
Costing,Advanced Standard Costing,Gross Margin,309,216870,Costing,GrossMargin,Index,1107,3731,,,
Costing,Advanced Standard Costing,Gross Margin by Percent,980,,Costing,GrossMargin,ViewGrossMarginByPercent,1107,22810,,,
Costing,Advanced Standard Costing,Gross Margin Forecast,308,216871,Costing,GrossMargin,GrossMarginForecastView,1107,5670,,,
Costing,Advanced Standard Costing,Inventory Adj Summarized by Container,1000,,VisionPlex,screen,Index,2249,6556,__actionKey=6556,,
Costing,Advanced Standard Costing,Inventory Snapshots,5602,,Costing,InventorySnapshot,Index,4376,10114,,,
Costing,Advanced Standard Costing,Inventory Types for Parts with Cost Models,1406,,VisionPlex,screen,Index,2248,6555,__actionKey=6555,,
Costing,Advanced Standard Costing,Production Cost By Workcenter Type,1344,,VisionPlex,screen,Index,2182,6489,__actionKey=6489,,
Costing,Advanced Standard Costing,Production Variance,172,,Costing,StandardCostReports,ProductionVariance,668,3749,,,
Costing,Advanced Standard Costing,Purchase Price Variance (PPV),48,216872,Costing,StandardCostReports,Index,668,2599,,Part variance between purchased price and costing method price.,
Costing,Advanced Standard Costing,Purchase Price Variance Monthly Forecast,136,,Costing,StandardCostReports,ViewPPVForecastMonthly,668,2606,,"Shows the forecasted monthly quantities, last year's unit cost, and the unit cost for the given cost model.",
Costing,Advanced Standard Costing,Purchase Price Variance Price Comparison,134,,Costing,StandardCostReports,ViewPPVPriceComparison,668,2607,,"A report showing the variance between the PO price, the Adjusted price, and the cost model price.  Searchable by date.",
Costing,Advanced Standard Costing,Rework Cost,5026,216873,VisionPlex,screen,Index,4028,8341,__actionKey=8341,,
Costing,Advanced Standard Costing,SCAR Manufacturing Variance,10925,,VisionPlex,screen,Index,2428,6735,__actionKey=6735,,
Costing,Advanced Standard Costing,Standard Consumption,1568,,VisionPlex,screen,Index,3039,7348,__actionKey=7348,,
Costing,Advanced Standard Costing,Standard Cost Activity Depletion,5716,,VisionPlex,screen,Index,3693,8006,__actionKey=8006,,
Costing,Advanced Standard Costing,Standard Cost Activity History,458,216874,VisionPlex,screen,Index,3575,7888,__actionKey=7888,,
Costing,Advanced Standard Costing,Standard Cost Variance Report (SCVR),5649,,VisionPlex,screen,Index,3219,7530,__actionKey=7530,,
Costing,Advanced Standard Costing,Zero Cost Part Operations,5754,216875,VisionPlex,screen,Index,2395,6702,__actionKey=6702,,
Costing,Cost Setup,Cost Account Orphans,1179,,VisionPlex,screen,Index,1809,6116,__actionKey=6116,,
Costing,Cost Setup,Use For Cost Accounts,1345,,VisionPlex,screen,Index,2907,7216,__actionKey=7216,,
Costing,Inventory Valuation - Standard Cost,Active Uncosted Inventory,1018,,VisionPlex,screen,Index,1997,6304,__actionKey=6304,,
Costing,Inventory Valuation - Standard Cost,Aged Inventory Valuation,1014,,VisionPlex,screen,Index,2276,6583,__actionKey=6583,,
Costing,Inventory Valuation - Standard Cost,Inventory Valuation by Building,650,,VisionPlex,screen,Index,3096,7405,__actionKey=7405,,
Costing,Job Costing,Job Cost Variance Report,203,,Costing,JobCostReports,ViewJobCostSummaryWithVarianceGrid,1237,10091,,A job cost summary report that also shows the variance.,
Costing,Job Costing,Job Cost Variances,49,,Costing,JobCostReports,ViewJobCostVarianceGrid,1237,5301,,Part variances for jobs between actual and standard costing method.,
Costing,Job Costing,Job Costs,2297,,VisionPlex,screen,Index,3530,7843,__actionKey=7843,,
Costing,Job Costing,Job Production Efficiency with Costs,68,,Costing,JobCostReports,ViewJobProductionEfficiencyWithCostsGrid,1237,10093,,The report displays the same information as the job production efficiency report except that there is a column for operation cost.  The operation cost is computed by taking the cost of the workcenter * production hours + cost of the workcenter * setup hours.,
Costing,Job Costing,Stranded Job Costs,5276,,VisionPlex,screen,Index,2521,6830,__actionKey=6830,,
Costing,Part Cost Structure,Cost Model BOM Discrepancies,470,216876,VisionPlex,screen,Index,2243,6550,__actionKey=6550,,
Costing,Part Cost Structure,Cost Model Comparison,478,216877,VisionPlex,screen,Index,6523,21766,__actionKey=21766,,
Costing,Part Cost Structure,Cost Rollup Queue,646,216878,VisionPlex,screen,Index,2244,6551,__actionKey=6551,,
Costing,Part Cost Structure,Cost Sub Type Breakdown Matrix,1005,216879,VisionPlex,screen,Index,2765,7074,__actionKey=7074,,
Costing,Part Cost Structure,Cost Type Breakdown Matrix,459,,VisionPlex,screen,Index,2241,6548,__actionKey=6548,,
Costing,Part Cost Structure,Exploded Cost Structure,10942,,Costing,CostComponents,CostComponentsExplodedViewGrid,1260,10200,,,
Costing,Part Cost Structure,Missing Cost Components,651,216880,VisionPlex,screen,Index,2240,6547,__actionKey=6547,,
Costing,Part Cost Structure,Operation Type Cost Sub Type,647,,VisionPlex,screen,Index,3223,7534,__actionKey=7534,,
Costing,Part Cost Structure,Part Cost by Sub Type,867,,VisionPlex,screen,Index,6959,23016,__actionKey=23016,,
Costing,Part Cost Structure,Part Cost Structure FIFO and LIFO,5603,,VisionPlex,screen,Index,1678,5985,__actionKey=5985,,
Costing,Part Cost Structure,Standard Cost Revision History,896,,VisionPlex,screen,Index,5831,19967,__actionKey=19967,,
Engineering,Bill of Materials,Bill of Documents,5083,,VisionPlex,screen,Index,2919,7228,__actionKey=7228,,
Engineering,Bill of Materials,Bill of Materials Calculator,5726,,Engineering,BillOfMaterialsIndentedCalculator,Index,6642,22295,,,
Engineering,Bill of Materials,Bill of Materials Component Comparison,1575,,VisionPlex,screen,Index,4144,8457,__actionKey=8457,,
Engineering,Bill of Materials,Bill of Materials Items Status,184,,Engineering,BomItemStatus,Index,1286,5042,,,
Engineering,Bill of Materials,BOM Component Availability,5121,,VisionPlex,screen,Index,1373,5623,__actionKey=5623,,
Engineering,Bill of Materials,Exploded BOM by Operation,1534,,VisionPlex,screen,Index,1927,6234,__actionKey=6234,,
Engineering,Bill of Materials,Exploded BOM Standard Hours,1530,,VisionPlex,screen,Index,1372,5622,__actionKey=5622,,
Engineering,Bill of Materials,Part Material Where Used,369,216888,Engineering,PartMaterialWhereUsed,Index,6345,20815,,,
Engineering,Bill of Materials,Rolled up Bill of Materials,5084,,VisionPlex,screen,Index,3050,7359,__actionKey=7359,,
Engineering,Customer Part Management,Customer Part Pricing,840,,VisionPlex,screen,Index,3254,7566,__actionKey=7566,,
Engineering,Customer Part Management,Customer Parts by Customer and Assignment,5085,,VisionPlex,screen,Index,3694,8007,__actionKey=8007,,
Engineering,Engineering Change Request,Engineering Change Comparison for Parts,5066,,VisionPlex,screen,Index,3019,7328,__actionKey=7328,,
Engineering,Engineering Change Request,Engineering Change Request Target Date Completions,5020,,VisionPlex,screen,Index,2517,6826,__actionKey=6826,,
Engineering,Engineering Change Request,Engineering Change Request Tool Revision Comparisons,835,,VisionPlex,screen,Index,2099,6406,__actionKey=6406,,
Engineering,Manufacturer Part,Exploded Bill of Materials Manufacturer Parts,837,,VisionPlex,screen,Index,2657,6966,__actionKey=6966,,
Engineering,Option Configurator,Build Questions & Answers,2321,,VisionPlex,screen,Index,2889,7198,__actionKey=7198,,
Engineering,Option Configurator,Option Configurator - Part BOM Search,2312,,VisionPlex,screen,Index,2100,6407,__actionKey=6407,,
Engineering,Part List,Active and Unused Parts,795,216889,VisionPlex,screen,Index,3993,8306,__actionKey=8306,,
Engineering,Part List,Cost Value Added,5086,,Engineering,ValueAddedReport,Index,708,2831,,,
Engineering,Part List,Data Problem Alert,5123,,VisionPlex,screen,Index,2368,6675,__actionKey=6675,,
Engineering,Part List,Downstream Trace,1440,216890,VisionPlex,screen,Index,3058,7367,__actionKey=7367,,
Engineering,Part List,Monthly Forge Production by Buildings,1064,,VisionPlex,screen,Index,3506,7819,__actionKey=7819,,
Engineering,Part List,Part Commodity Codes,712,,VisionPlex,screen,Index,2096,6403,__actionKey=6403,,
Engineering,Part List,Part Obsolescence,22571,,VisionPlex,screen,Index,1546,5852,__actionKey=5852,,
Engineering,Part List,Part Obsolescence - Quick,5122,,VisionPlex,screen,Index,2093,6400,__actionKey=6400,,
Engineering,Part List,Part Process Plans,805,,Engineering,partprocessplan,Index,1092,3676,,,
Engineering,Part List,Part Status Analysis,2305,,VisionPlex,screen,Index,3619,7932,__actionKey=7932,,
Engineering,Part List,Part Summary,5137,,Engineering,PartNoSummary,Index,550,2024,,,
Engineering,Part List,Parts Without Images,1066,,VisionPlex,screen,Index,2370,6677,__actionKey=6677,,
Engineering,Part List,Production Requirements Summary,2340,,VisionPlex,screen,Index,3512,7825,__actionKey=7825,,
Engineering,Part List,Purchased Part Data,1540,,VisionPlex,screen,Index,2367,6674,__actionKey=6674,,
Engineering,Part List,Purchased Parts on Part Operations,1541,,VisionPlex,screen,Index,2095,6402,__actionKey=6402,,
Engineering,Process Routings,Parts with Invalid Operations,5718,216891,VisionPlex,screen,Index,2097,6404,__actionKey=6404,,
Engineering,Process Routings,Process Routings (Quick),1480,,VisionPlex,screen,Index,2373,6680,__actionKey=6680,,
Engineering,Supplier Part,Enterprise Part Prices,2338,,VisionPlex,screen,Index,3963,8276,__actionKey=8276,,
Engineering,Supplier Part,Supplier Part Price Date Gaps,6310,,VisionPlex,screen,Index,7828,26474,__actionKey=26474,,
Human Resources,Applicant Tracking,High-Potential,745,,VisionPlex,screen,Index,2790,7099,__actionKey=7099,,
Human Resources,Applicant Tracking,Talent Pools,746,,VisionPlex,screen,Index,2799,7108,__actionKey=7108,,
Human Resources,Department List,Department Staffing Report,12,,HumanResources,departmentreports,Index,4646,11733,,"Departmental Report Including Manager, Hourly, Salary, Direct & Indirect Employee Counts",
Human Resources,Employee List,Contract Employee Rates,5747,,VisionPlex,screen,Index,2315,6622,__actionKey=6622,,
Human Resources,Employee List,Department Employee List,1332,,VisionPlex,screen,Index,1413,5718,__actionKey=5718,,
Human Resources,Employee List,Department Employees,213,,HumanResources,EmployeeReports,DepartmentReportView,1073,9938,,List Employees grouped by their department.,
Human Resources,Employee List,Drivers License,1330,,VisionPlex,screen,Index,2318,6625,__actionKey=6625,,
Human Resources,Employee List,Emergency Contact Information,5204,,VisionPlex,screen,Index,2317,6624,__actionKey=6624,,
Human Resources,Employee List,Employee Active Head Count,56,,HumanResources,EmployeeReports,EmployeeActiveHeadCountView,1073,9941,,Head Count Report,
Human Resources,Employee List,Employee Addresses and Spouses,235,,HumanResources,EmployeeReports,EmployeeListwSpouseReportView,1073,9943,,"Full Name, Address, Home Phone, Spouse Name. Based on Employee Status",
Human Resources,Employee List,Employee Assignments,59,,HumanResources,EmployeeAssignments,Index,1075,3547,,"List of Name, Shift, Department, Position, Reports To",
Human Resources,Employee List,Employee Birthdays,941,,VisionPlex,screen,Index,2316,6623,__actionKey=6623,,
Human Resources,Employee List,Employee Dates,5753,,VisionPlex,screen,Index,2010,6317,__actionKey=6317,,
Human Resources,Employee List,Employee Employments,726,,VisionPlex,screen,Index,2838,7147,__actionKey=7147,,
Human Resources,Employee List,Employee Ethnic Positions,225,,HumanResources,EmployeeReports,EthnicPositionReportGridView,1073,9948,,List employee by their positon and ethnic origin.,
Human Resources,Employee List,Employee Health Insurance,786,,HumanResources,EmployeeReports,ViewEmployeeHealthInsuranceGrid,1073,9957,,,
Human Resources,Employee List,Employee Insurance,749,,VisionPlex,screen,Index,1954,6261,__actionKey=6261,,
Human Resources,Employee List,Employee Position Competency Assessments,766,,VisionPlex,screen,Index,2760,7069,__actionKey=7069,,
Human Resources,Employee List,Employee Record Detail,734,,VisionPlex,screen,Index,5635,19095,__actionKey=19095,,
Human Resources,Employee List,Employee Reports,153,,HumanResources,EmployeeReports,Index,1073,3511,,Summary Report showing Employee Details.,
Human Resources,Employee List,Employee Seniority,212,,HumanResources,EmployeeReports,SeniorityReportGridView,1073,9955,,List employees based upon their Hire Date.,
Human Resources,Employee List,Employee Shift Positions,173,,HumanResources,EmployeeShifts,PositionByShiftView,4239,9542,,List of Positions and Count of Employees by Shift Group,
Human Resources,Employee List,Employee Terminations,1397,,VisionPlex,screen,Index,2313,6620,__actionKey=6620,,
Human Resources,Employee List,Employee Turnover,150,,HumanResources,EmployeeReports,EmployeeTurnoverReportGridView,1073,9945,,<br><br><b>Turnover Percentage Calculation:</b><br>((# Hired <i>[Temporary]</i> + # Hired <i>[Full Time]</i>) / Average # Employees),
Human Resources,Employee List,Employees by Status,5654,,VisionPlex,screen,Index,2319,6626,__actionKey=6626,,
Human Resources,Employee List,Enterprise Telephones,725,,VisionPlex,screen,Index,2650,6959,__actionKey=6959,,
Human Resources,Employee List,Insurance Eligibility,1013,,VisionPlex,screen,Index,1683,5990,__actionKey=5990,,
Human Resources,Employee List,Insurance Eligibility Report,750,,VisionPlex,screen,Index,2764,7073,__actionKey=7073,,
Human Resources,Employee List,Matrix Organization Chart,57,,HumanResources,EmployeeReports,MatrixOrgReportView,1073,9950,,A Matrix of Departments ( Columns ) and Product Types ( Rows ),
Human Resources,Employee List,New Hires and Terminations,13,,HumanResources,EmployeeReports,EmployeeNewHiresTerminationsReportView,1073,9944,,List of New Hires / Terminations for a given Date Range,
Human Resources,Employee List,Organization Chart,20,,HumanResources,EmployeeReports,OrgChartFilteredGridView,1073,9951,,Displays the Organization based upon the Reports To field - Filterable by Department and Employee Status.,
Human Resources,Employee List,Terminations,19167,,VisionPlex,screen,Index,1739,6046,__actionKey=6046,,
Human Resources,Employee Records,Employee Record Revisions,736,,VisionPlex,screen,Index,2724,7033,__actionKey=7033,,
Human Resources,Employee Records,Employee Records,226,,HumanResources,EmployeeRecordReports,Index,1223,4475,,List employee records.,
Human Resources,Employee Records,Employee Time in Position,789,,HumanResources,EmployeeRecordReports,ViewEmployeeTimeInPosition,1223,4621,,,
Human Resources,Employee Review System,Employee Review Measurements,781,,VisionPlex,screen,Index,1722,6029,__actionKey=6029,,
Human Resources,Employee Review System,Performance Reviews,653,,VisionPlex,screen,Index,2037,6344,__actionKey=6344,,
Human Resources,Employee Suggestion System,Suggestion Details,754,,VisionPlex,screen,Index,2323,6630,__actionKey=6630,,
Human Resources,Injury Tracking,Injuries by Building,5746,,VisionPlex,screen,Index,3336,7648,__actionKey=7648,,
Human Resources,Injury Tracking,Injuries by Category,5717,,VisionPlex,screen,Index,3338,7650,__actionKey=7650,,
Human Resources,Injury Tracking,Injuries by Group,5744,,VisionPlex,screen,Index,3340,7652,__actionKey=7652,,
Human Resources,Injury Tracking,Injuries by Month,1346,,VisionPlex,screen,Index,3335,7647,__actionKey=7647,,
Human Resources,Injury Tracking,Injuries by Severity,5728,,VisionPlex,screen,Index,3341,7653,__actionKey=7653,,
Human Resources,Injury Tracking,Injury Days by Plant,5656,,VisionPlex,screen,Index,2321,6628,__actionKey=6628,,
Human Resources,Point System,Employee Points,796,,HumanResources,employeepointsreports,ViewEmployeePointsReportsGrid,4449,14805,,,
Human Resources,Positions and Job Descriptions,Incentive Positions,1331,,VisionPlex,screen,Index,2320,6627,__actionKey=6627,,
Human Resources,Skill Matrix,Skill Reports,30,,HumanResources,SkillReports,Index,4615,11337,,Report on Skill Group Members,
Human Resources,Time and Attendance Labor Tracking,Attendance Analysis,247,,HumanResources,Attendance,ViewAttendanceAnalysisGrid,4266,18725,,Report on Clockin Types,
Human Resources,Time and Attendance Labor Tracking,Attendance Missing Hours,737,,VisionPlex,screen,Index,2469,6777,__actionKey=6777,,
Human Resources,Time and Attendance Labor Tracking,Attendance Status,744,,HumanResources,AttendanceStatus,Index,4580,10999,,,
Human Resources,Time and Attendance Labor Tracking,Badge Reads,740,,VisionPlex,screen,Index,1470,5775,__actionKey=5775,,
Human Resources,Time and Attendance Labor Tracking,Cost Labor Variance,738,,VisionPlex,screen,Index,2598,6907,__actionKey=6907,,
Human Resources,Time and Attendance Labor Tracking,Employee Labor Cost,12371,,HumanResources,LaborReports,ViewLaborCostByEmployeeGrid,4716,13076,,,
Human Resources,Time and Attendance Labor Tracking,Employee Labor Summary,5774,,HumanResources,LaborReports,ViewEmployeeLaborSummaryGrid,4716,13084,,,
Human Resources,Time and Attendance Labor Tracking,Labor Efficiencies,18414,,HumanResources,LaborReports,ViewLaborEfficiencyReport,4716,13077,,,
Human Resources,Time and Attendance Labor Tracking,Labor Efficiency Summary,449,,HumanResources,LaborReports,ViewLaborEfficiencySummary,4716,12382,,,
Human Resources,Time and Attendance Labor Tracking,Labor Hours Statistics,784,,HumanResources,LaborReports,ViewLaborHoursStatisticsReport,4716,13078,,,
Human Resources,Time and Attendance Labor Tracking,Labor Records,717,216892,HumanResources,LaborReports,Index,4716,13059,,,
Human Resources,Time and Attendance Labor Tracking,Labor Sites and Departments,16006,,HumanResources,LaborReports,ViewSiteAndDepartment,4716,13080,,,
Human Resources,Time and Attendance Labor Tracking,Labor Sites and Departments Summary,16007,,HumanResources,LaborReports,ViewSiteAndDepartmentSummary,4716,13081,,,
Human Resources,Time and Attendance Labor Tracking,Labor Summary,739,,VisionPlex,screen,Index,2924,7233,__actionKey=7233,,
Human Resources,Time and Attendance Labor Tracking,Supervisor Overtime Summary,915,,HumanResources,LaborReports,ViewSupervisorOtSummary,4716,13082,,,
Human Resources,Time and Attendance Labor Tracking,Time Record Revisions,741,,VisionPlex,screen,Index,2042,6349,__actionKey=6349,,
Human Resources,Time Clock Payroll Interface,Employee Overtime Levels,82,,HumanResources,PayrollAnalysisReports,ViewPayrollAnalysisReportsEmployeeOtLevelsGrid,4711,13446,,"Report on Processed Attendance Records
Weekly, Monthly, Quarterly & Yearly",
Human Resources,Time Clock Payroll Interface,Employee Tier Levels,72,,HumanResources,PayrollAnalysisReports,ViewPayrollAnalysisReportsEmployeeTierLevelsGrid,4711,12353,,"Report on Processed Attendance Records
Weekly, Monthly, Quarterly & Yearly",
Human Resources,Time Clock Payroll Interface,Excessive Breaks,78,,HumanResources,PayrollAnalysisReports,ViewPayrollAnalysisReportsExcessiveReportGrid,4711,13458,,"Report on Processed Attendance Records
Weekly, Monthly, Quarterly & Yearly",
Human Resources,Time Clock Payroll Interface,Hours by Department,12957,,HumanResources,PayrollMaintenance,Index,4807,13241,,,
Human Resources,Time Clock Payroll Interface,Hours Worked by Department,758,,VisionPlex,screen,Index,2920,7229,__actionKey=7229,,
Human Resources,Time Clock Payroll Interface,Incentive Pay Payroll Hours,5197,,HumanResources,IncentivePay,ViewIncentivePayIncentivePayrollReportGrid,4871,18044,,,
Human Resources,Time Clock Payroll Interface,Incentive Pay Position Rate,169,,HumanResources,IncentivePay,ViewIncentivePayIncentivePositionRateGrid,4871,18047,,"Display Part, Workcenter, Payroll STD and Positions",
Human Resources,Time Clock Payroll Interface,Paragon Payroll Analysis Details,80,,HumanResources,PayrollAnalysisReports,ViewPayrollAnalysisReportsParagonPayrollAnalysisGrid,4711,19129,,"Report on Processed Attendance Records
Weekly, Monthly, Quarterly & Yearly",
Human Resources,Time Clock Payroll Interface,Pay Rate Histories,757,,VisionPlex,screen,Index,1742,6049,__actionKey=6049,,
Human Resources,Time Clock Payroll Interface,Payroll Analysis Bonus,92,,HumanResources,PayrollAnalysisReports,ViewPayrollAnalysisReportsBonusReportGrid,4711,13442,,"Report on Processed Attendance Records
Weekly, Monthly, Quarterly & Yearly",
Human Resources,Time Clock Payroll Interface,Payroll Analysis Ceridian View,83,,HumanResources,PayrollAnalysisReports,ViewPayrollAnalysisReportsCeridianViewGrid,4711,13448,,"Report on Processed Attendance Records
Weekly, Monthly, Quarterly & Yearly",
Human Resources,Time Clock Payroll Interface,Payroll Analysis Daily Overtime Summary,87,,HumanResources,PayrollAnalysisReports,ViewPayrollAnalysisReportsDailyOtSummaryGrid,4711,13430,,"Report on Processed Attendance Records
Weekly, Monthly, Quarterly & Yearly",
Human Resources,Time Clock Payroll Interface,Payroll Analysis Daily Summary,90,,HumanResources,PayrollAnalysisReports,ViewPayrollAnalysisReportsDailySummaryGrid,4711,13436,,"Report on Processed Attendance Records
Weekly, Monthly, Quarterly & Yearly",
Human Resources,Time Clock Payroll Interface,Payroll Analysis Department Details,73,,HumanResources,PayrollAnalysisReports,ViewPayrollAnalysisReportsDepartmentDetailsGrid,4711,13422,,"Report on Processed Attendance Records
Weekly, Monthly, Quarterly & Yearly",
Human Resources,Time Clock Payroll Interface,Payroll Analysis Labor Type,89,,HumanResources,PayrollAnalysisReports,ViewPayrollAnalysisReportsLaborTypeGrid,4711,13434,,"Report on Processed Attendance Records
Weekly, Monthly, Quarterly & Yearly",
Human Resources,Time Clock Payroll Interface,Payroll Analysis Night Shift,86,,HumanResources,PayrollAnalysisReports,ViewPayrollAnalysisReportsNightShiftGrid,4711,13454,,"Report on Processed Attendance Records
Weekly, Monthly, Quarterly & Yearly",
Human Resources,Time Clock Payroll Interface,Payroll Analysis of Overtime and Double Time,74,,HumanResources,PayrollAnalysisReports,ViewPayrollAnalysisReportsOtDtSummaryGrid,4711,13424,,"Report on Processed Attendance Records
Weekly, Monthly, Quarterly & Yearly",
Human Resources,Time Clock Payroll Interface,Payroll Analysis Overtime,76,,HumanResources,PayrollAnalysisReports,ViewPayrollAnalysisReportsOtDetailsGrid,4711,13428,,"Report on Processed Attendance Records
Weekly, Monthly, Quarterly & Yearly",
Human Resources,Time Clock Payroll Interface,Payroll Analysis Pay Rates,85,,HumanResources,PayrollAnalysisReports,ViewPayrollAnalysisReportsPayRatesGrid,4711,13452,,"Report on Processed Attendance Records
Weekly, Monthly, Quarterly & Yearly",
Human Resources,Time Clock Payroll Interface,Payroll Analysis Shift Details,84,,HumanResources,PayrollAnalysisReports,ViewPayrollAnalysisReportsShiftDetailsGrid,4711,13450,,"Report on Processed Attendance Records
Weekly, Monthly, Quarterly & Yearly",
Human Resources,Time Clock Payroll Interface,Payroll Analysis Sunday Report,91,,HumanResources,PayrollAnalysisReports,ViewPayrollAnalysisReportsSundayWorkGrid,4711,13438,,"Report on Processed Attendance Records
Weekly, Monthly, Quarterly & Yearly",
Human Resources,Time Clock Payroll Interface,Payroll Analysis Time Detail Report,75,,HumanResources,PayrollAnalysisReports,ViewPayrollAnalysisReportsTimeDetailGrid,4711,13426,,"Report on Processed Attendance Records
Weekly, Monthly, Quarterly & Yearly",
Human Resources,Time Clock Payroll Interface,Payroll Labor,759,,HumanResources,payrollreports,Index,4739,12617,,,
Human Resources,Time Clock Payroll Interface,Payroll Record Overtime Analysis,88,,HumanResources,PayrollAnalysisReports,ViewPayrollAnalysisReportsOtAnalysisGrid,4711,13432,,"Report on Processed Attendance Records
Weekly, Monthly, Quarterly & Yearly",
Human Resources,Time Clock Payroll Interface,Payroll Summary by Department,2380,,HumanResources,payrollreports,ViewPayrollSummaryByDepartment,4739,12682,,,
Human Resources,Time Clock Payroll Interface,Payroll Summary by Employee,2230,,HumanResources,payrollreports,ViewPayrollSummaryByDeptEmployee,4739,19934,,,
Human Resources,Time Clock Payroll Interface,Payroll Variances,81,,HumanResources,PayrollAnalysisReports,ViewPayrollAnalysisReportsVarianceDetailsGrid,4711,13444,,"Report on Processed Attendance Records
Weekly, Monthly, Quarterly & Yearly",
Human Resources,Time Clock Payroll Interface,RH7 Payroll Absenteeism Medical Vacations,5159,,HumanResources,payrollreports,ViewPayrollReportsEmployeeAbsenteeismGrid,4739,23443,,,
Human Resources,Time Clock Payroll Interface,RH7 Payroll Overtime,5158,,HumanResources,payrollreports,ViewPayrollReportsOvertimeGrid,4739,23994,,,
Human Resources,Time Clock Payroll Interface,Time Clock Breaks,77,,HumanResources,PayrollAnalysisReports,ViewPayrollAnalysisReportsBreaksCounterGrid,4711,13456,,"Report on Processed Attendance Records
Weekly, Monthly, Quarterly & Yearly",
Human Resources,Time Off Tracking,Company Work Schedule,27,,HumanResources,timeoffreports,Index,4272,9703,,Report on the Next 30 Days of Employee Attendance Schedules,
Human Resources,Time Off Tracking,Offered Overtime Revisions,472,,VisionPlex,screen,Index,6525,21797,__actionKey=21797,,
Human Resources,Time Off Tracking,Time Off Hourly Accrual Liability,732,,VisionPlex,screen,Index,2491,6799,__actionKey=6799,,
Human Resources,Time Off Tracking,Vacation Tracking Reports,760,,HumanResources,VacationTrackingReports,Index,4208,9325,,,
Human Resources,Timesheet Tracking,Area Labor Hours,942,,VisionPlex,screen,Index,6952,23004,__actionKey=23004,,
Human Resources,Timesheet Tracking,Hourly Rates,833,,VisionPlex,screen,Index,3564,7877,__actionKey=7877,,
Human Resources,Timesheet Tracking,Hours Lacking,132,,HumanResources,TimesheetReports,ViewTimesheetReportsTimeTrackingHoursLackingGrid,4573,13466,,Displays the employees who do not have the specified amount of hours.,
Human Resources,Timesheet Tracking,Monthly Time Tracking Log Summary,788,,HumanResources,TimeSheetMonthly,Index,4365,10048,,,
Human Resources,Timesheet Tracking,Timesheet Reports,162,,HumanResources,TimesheetReports,Index,4573,13464,,,
Human Resources,Training Tracking,Cross-PCN Training Requests,477,,VisionPlex,screen,Index,6540,21876,__actionKey=21876,,
Human Resources,Training Tracking,Employee Transcripts,763,,VisionPlex,screen,Index,3293,7605,__actionKey=7605,,
Human Resources,Training Tracking,Multi-Entity Training Request Admin,476,,VisionPlex,screen,Index,3226,7537,__actionKey=7537,,
Human Resources,Training Tracking,Re-Training Requirements Report,5889,,HumanResources,TrainingReports,ViewTrainingReportsReGrid,6413,21618,,,
Human Resources,Training Tracking,Skills and Courses by Position,413,,VisionPlex,screen,Index,2875,7184,__actionKey=7184,,
Human Resources,Training Tracking,Training Report,5585,,HumanResources,TrainingReports,Index,6413,21200,,,
Inventory,Advanced Inventory Traceability-Product Genealogy,Actual Depletion Including Cells,1363,220980,VisionPlex,screen,Index,4085,8398,__actionKey=8398,,
Inventory,Advanced Inventory Traceability-Product Genealogy,Container Trace,5210,,VisionPlex,screen,Index,3398,7711,__actionKey=7711,,
Inventory,Advanced Inventory Traceability-Product Genealogy,Container Trace By BOM,1442,,VisionPlex,screen,Index,3641,7954,__actionKey=7954,,
Inventory,Advanced Inventory Traceability-Product Genealogy,Container Traces,5211,,Inventory,ContainerTrace,Index,4780,12957,,,
Inventory,Advanced Inventory Traceability-Product Genealogy,Container Traces by Production,1070,,VisionPlex,screen,Index,3366,7678,__actionKey=7678,,
Inventory,Advanced Inventory Traceability-Product Genealogy,Container Traces By Production,1447,,VisionPlex,screen,Index,3649,7962,__actionKey=7962,,
Inventory,Advanced Inventory Traceability-Product Genealogy,Downstream Trace Summary,1164,,VisionPlex,screen,Index,3059,7368,__actionKey=7368,,
Inventory,Advanced Inventory Traceability-Product Genealogy,Upstream Traceability,1364,216893,VisionPlex,screen,Index,4014,8327,__actionKey=8327,,
Inventory,Container Types,Container Type Item Where Used,839,,VisionPlex,screen,Index,3699,8012,__actionKey=8012,,
Inventory,Container Types,Container Type Transactions,185,,Inventory,ContainerTypeTransaction,Index,1261,4852,,Container transaction report,
Inventory,Container Types,Enterprise Packaging Owner Reconciliation,1246,,VisionPlex,screen,Index,3878,8191,__actionKey=8191,,
Inventory,Container Types,Packaging Ownership Transactions,1251,,VisionPlex,screen,Index,2684,6993,__actionKey=6993,,
Inventory,Customer Consignment Inventory,Customer Shipper Details,911,,VisionPlex,screen,Index,3700,8013,__actionKey=8013,,
Inventory,Customer Receiving,Customer Receipt History,939,,VisionPlex,screen,Index,6997,23146,__actionKey=23146,,
Inventory,Cycle Count,Cycle Count Accuracy Over Period,1316,,VisionPlex,screen,Index,3936,8249,__actionKey=8249,,
Inventory,Cycle Count,Cycle Count Item Detail,166,,Inventory,CycleCountItemDetail,Index,4951,14236,,Displays the details for all containers of all active cycles.,
Inventory,Cycle Count,Cycle Inventory Analysis by Quantity,671,,VisionPlex,screen,Index,1619,5926,__actionKey=5926,,
Inventory,Cycle Count,Cycle Inventory By Part,1182,,VisionPlex,screen,Index,2391,6698,__actionKey=6698,,
Inventory,Cycle Count,Cycle Inventory Container Variance,1181,,VisionPlex,screen,Index,3193,7504,__actionKey=7504,,
Inventory,Cycle Count,Cycle Inventory Item Detail,2400,,VisionPlex,screen,Index,2891,7200,__actionKey=7200,,
Inventory,Cycle Count,Cycle Inventory Summary,2399,,VisionPlex,screen,Index,7418,24222,__actionKey=24222,,
Inventory,Cycle Count,Cycle Status by Location,627,,VisionPlex,screen,Index,1568,5874,__actionKey=5874,,
Inventory,Inventory Tracking,Adjustment Detail By Part,933,,VisionPlex,screen,Index,2964,7273,__actionKey=7273,,
Inventory,Inventory Tracking,Adjustment Summary By Part,932,,VisionPlex,screen,Index,2963,7272,__actionKey=7272,,
Inventory,Inventory Tracking,Aged Inventory,127,,Inventory,AgedInventory,Index,4724,12457,,"Inventory report grouped by Aging (0 to 30 days, 31 to 60 days, etc..)",
Inventory,Inventory Tracking,Coil Utilization,1249,,VisionPlex,screen,Index,1764,6071,__actionKey=6071,,
Inventory,Inventory Tracking,Container Adds,1033,,VisionPlex,screen,Index,2383,6690,__actionKey=6690,,
Inventory,Inventory Tracking,Container Batch Detail,540,,VisionPlex,screen,Index,6608,22189,__actionKey=22189,,
Inventory,Inventory Tracking,Container Changes,2398,,VisionPlex,screen,Index,3116,7426,__actionKey=7426,,
Inventory,Inventory Tracking,Container Count by Location,1032,,VisionPlex,screen,Index,2146,6453,__actionKey=6453,,
Inventory,Inventory Tracking,Container Detail by Part,5264,,VisionPlex,screen,Index,1464,5769,__actionKey=5769,,
Inventory,Inventory Tracking,Container History,5208,,Inventory,ContainerHistory,Index,4824,13303,,,
Inventory,Inventory Tracking,Container History Over Time,1322,,VisionPlex,screen,Index,2914,7223,__actionKey=7223,,
Inventory,Inventory Tracking,Container Last Action History,142,,Inventory,ContainerHistoryReport,Index,4829,13315,,Report on the Container Change table.,
Inventory,Inventory Tracking,Container Last Action Summary,143,,Inventory,LastActionSummary,Index,5003,14649,,Report on the Container Change table.,
Inventory,Inventory Tracking,Container Trace By Tracking No,2395,,VisionPlex,screen,Index,5724,19609,__actionKey=19609,,
Inventory,Inventory Tracking,Container Trace Summary,1382,,VisionPlex,screen,Index,2163,6470,__actionKey=6470,,
Inventory,Inventory Tracking,Container Traceability By Job,704,,VisionPlex,screen,Index,3533,7846,__actionKey=7846,,
Inventory,Inventory Tracking,Containers By Supplier,1165,,VisionPlex,screen,Index,2797,7106,__actionKey=7106,,
Inventory,Inventory Tracking,Containers Enterprise Summary,1385,,VisionPlex,screen,Index,3383,7695,__actionKey=7695,,
Inventory,Inventory Tracking,Containers Updated,2394,,VisionPlex,screen,Index,2679,6988,__actionKey=6988,,
Inventory,Inventory Tracking,Customer WIP Inventory,55,,Inventory,CustomerWipInventory,Index,1185,4051,,Displays information like the WIP Job Report only the information is for jobs/containers that are in customer inventory.,
Inventory,Inventory Tracking,Days Components on Hand,1371,,VisionPlex,screen,Index,3272,7584,__actionKey=7584,,
Inventory,Inventory Tracking,Defect Chart,2286,,VisionPlex,screen,Index,3435,7748,__actionKey=7748,,
Inventory,Inventory Tracking,Depleted vs Received,5023,,VisionPlex,screen,Index,1714,6021,__actionKey=6021,,
Inventory,Inventory Tracking,Depletion History,5209,216894,VisionPlex,screen,Index,3165,7476,__actionKey=7476,,
Inventory,Inventory Tracking,Enterprise Group Inventory,559,,VisionPlex,screen,Index,2965,7274,__actionKey=7274,,
Inventory,Inventory Tracking,Exploded Bill of Materials Inventory,834,216895,VisionPlex,screen,Index,1909,6216,__actionKey=6216,,
Inventory,Inventory Tracking,Inventory Activity,902,216896,VisionPlex,screen,Index,3065,7374,__actionKey=7374,,
Inventory,Inventory Tracking,Inventory Analysis,1029,,VisionPlex,screen,Index,6899,22894,__actionKey=22894,,
Inventory,Inventory Tracking,Inventory and Pricing,2396,,VisionPlex,screen,Index,2389,6696,__actionKey=6696,,
Inventory,Inventory Tracking,Inventory by Attribute,1180,,VisionPlex,screen,Index,2601,6910,__actionKey=6910,,
Inventory,Inventory Tracking,Inventory by Customer Supplier,5018,,VisionPlex,screen,Index,3078,7387,__actionKey=7387,,
Inventory,Inventory Tracking,Inventory by Customers,5029,,VisionPlex,screen,Index,3089,7398,__actionKey=7398,,
Inventory,Inventory Tracking,Inventory by Location,1220,,Inventory,InventoryByLocation,Index,4373,10095,,,
Inventory,Inventory Tracking,Inventory by Location and Part,1229,,VisionPlex,screen,Index,2803,7112,__actionKey=7112,,
Inventory,Inventory Tracking,Inventory by Location and Part Attributes,107,,Inventory,InventoryByLocationPartAttribute,Index,4557,10848,,Search for inventory based on its attribute values.,
Inventory,Inventory Tracking,Inventory by Part and Location,640,,VisionPlex,screen,Index,3099,7408,__actionKey=7408,,
Inventory,Inventory Tracking,Inventory by Part Type,900,,VisionPlex,screen,Index,1708,6015,__actionKey=6015,,
Inventory,Inventory Tracking,Inventory by Part Type Summary,144,,Inventory,InventoryByPartType,Index,4374,10096,,,
Inventory,Inventory Tracking,Inventory by Shelf Life,826,219514,VisionPlex,screen,Index,2986,7295,__actionKey=7295,,
Inventory,Inventory Tracking,Inventory By Tracking Number,1030,,VisionPlex,screen,Index,3003,7312,__actionKey=7312,,
Inventory,Inventory Tracking,Inventory by Type,1307,,VisionPlex,screen,Index,1641,5948,__actionKey=5948,,
Inventory,Inventory Tracking,Inventory Detail By Supplier,2393,,VisionPlex,screen,Index,3007,7316,__actionKey=7316,,
Inventory,Inventory Tracking,Inventory History by Part,98,,Inventory,InventoryHistoryByPart,Index,4844,13506,,,
Inventory,Inventory Tracking,Inventory Level Graph,1323,,VisionPlex,screen,Index,3075,7384,__actionKey=7384,,
Inventory,Inventory Tracking,Inventory Lookup,901,,VisionPlex,screen,Index,2822,7131,__actionKey=7131,,
Inventory,Inventory Tracking,Inventory Move History,115,,Inventory,InventoryMoveHistory,Index,4415,10172,,Inventory Move History,
Inventory,Inventory Tracking,Inventory Ship Ready,1306,,VisionPlex,screen,Index,1496,5801,__actionKey=5801,,
Inventory,Inventory Tracking,Inventory Status Summary,43,,Inventory,InventoryStatusSummary,Index,4268,9676,,Inventory Status Summary,
Inventory,Inventory Tracking,Inventory Summary,938,216897,VisionPlex,screen,Index,2810,7119,__actionKey=7119,,
Inventory,Inventory Tracking,Inventory Summary by Lot,5004,,VisionPlex,screen,Index,2142,6449,__actionKey=6449,,
Inventory,Inventory Tracking,Inventory Traceability,674,,VisionPlex,screen,Index,2665,6974,__actionKey=6974,,
Inventory,Inventory Tracking,Inventory Transaction History,24,216899,Inventory,InventoryTransactionHistory,Index,4502,10495,,Inventory Transaction Report,
Inventory,Inventory Tracking,Inventory Transactions,5723,,VisionPlex,screen,Index,4149,8462,__actionKey=8462,,
Inventory,Inventory Tracking,Inventory Transactions by Part,1326,216898,Inventory,InventoryTransactionsByPart,Index,4943,20076,,,
Inventory,Inventory Tracking,Inventory Transfer Requirements,167,,Inventory,InventoryTransferRequirements,Index,4836,13380,,Displays inventory transfer requirements based on current inventory levels at each destination builing.,
Inventory,Inventory Tracking,Inventory Turns,222,,Inventory,InventoryTurns,Index,4337,9933,,Inventory Turns,
Inventory,Inventory Tracking,Inventory Turns by Raw Days and WIP Days,5005,,VisionPlex,screen,Index,1904,6211,__actionKey=6211,,
Inventory,Inventory Tracking,Inventory Variance,934,216900,VisionPlex,screen,Index,3072,7381,__actionKey=7381,,
Inventory,Inventory Tracking,Inventory With Heat Actuals,5608,,Inventory,InventoryWithHeatActuals,Index,7699,25819,,,
Inventory,Inventory Tracking,Job Bill of Material Inventory Requirements,825,216901,VisionPlex,screen,Index,2007,6314,__actionKey=6314,,
Inventory,Inventory Tracking,Master Units Count,5725,,VisionPlex,screen,Index,2872,7181,__actionKey=7181,,
Inventory,Inventory Tracking,Minimum Inventory Analysis,5080,216902,VisionPlex,screen,Index,3284,7596,__actionKey=7596,,
Inventory,Inventory Tracking,Part Location Inventory,5027,,VisionPlex,screen,Index,1441,5746,__actionKey=5746,,
Inventory,Inventory Tracking,Part Status,5028,,VisionPlex,screen,Index,2991,7300,__actionKey=7300,,
Inventory,Inventory Tracking,Production Yield,5919,216904,VisionPlex,screen,Index,3037,7346,__actionKey=7346,,
Inventory,Inventory Tracking,Raw Material and Purchased Inventory,1325,,VisionPlex,screen,Index,2143,6450,__actionKey=6450,,
Inventory,Inventory Tracking,Slow Moving Stock,984,216903,Inventory,SlowMovingStock,Index,6676,22397,,,
Inventory,Inventory Tracking,Tracking Number Inventory,5163,,Inventory,lotinventory,Index,6354,20882,,,
Inventory,Inventory Tracking,WIP/FG Inventory Transactions,5010,,VisionPlex,screen,Index,2953,7262,__actionKey=7262,,
Inventory,Inventory Tracking,Work In Progress Inventory,959,,VisionPlex,screen,Index,2811,7120,__actionKey=7120,,
Inventory,Inventory Tracking,Workcenter Loaded Source Inventory,954,,VisionPlex,screen,Index,2541,6850,__actionKey=6850,,
Inventory,Inventory Tracking,Zero Quantity Containers,899,216905,VisionPlex,screen,Index,2376,6683,__actionKey=6683,,
Inventory,Lot Traceability,Lot Traceability - REMOVAL PENDING,6201,,VisionPlex,screen,Index,5540,18315,__actionKey=18315,,
Inventory,Master Units,Master Unit History,5911,,VisionPlex,screen,Index,2800,7109,__actionKey=7109,,
Inventory,Master Units,Master Units By Date,1581,,VisionPlex,screen,Index,2696,7005,__actionKey=7005,,
Inventory,Scrap Sales Tracking,Shippable Scrap Transactions by Location,943,,VisionPlex,screen,Index,1638,5945,__actionKey=5945,,
Inventory,Supplier Consignment,Supplier Consignment Consumption,1166,,VisionPlex,screen,Index,2818,7127,__actionKey=7127,,
Inventory,Supplier Consignment,Supplier Consignment Invoices Restrict Payment,10924,,VisionPlex,screen,Index,3916,8229,__actionKey=8229,,
Inventory,Supplier Consignment,Supplier Consignment Summary Usage,1157,,VisionPlex,screen,Index,3785,8098,__actionKey=8098,,
Inventory,Supplier Consignment,Supplier Consignment Usage (hard coded filter),161,,Inventory,SupplierConsignmentUsage,Index,4271,9697,,,
Inventory,Supplier Consignment,Supplier Consignment Usages,1156,,VisionPlex,screen,Index,2896,7205,__actionKey=7205,,
Maintenance,Equipment Log,Equipment Tax Classification,1439,,VisionPlex,screen,Index,2287,6594,__actionKey=6594,,
Maintenance,Equipment Log,PM Requirements,5106,,VisionPlex,screen,Index,2983,7292,__actionKey=7292,,
Maintenance,Preventive Maintenance,Maintenance Analysis By Equipment ID,969,,VisionPlex,screen,Index,1521,5826,__actionKey=5826,,
Maintenance,Preventive Maintenance,Maintenance Analysis By Subsystem,972,,VisionPlex,screen,Index,3778,8091,__actionKey=8091,,
Maintenance,Preventive Maintenance,Maintenance Analysis by Work Request Failure,1441,,VisionPlex,screen,Index,7266,23785,__actionKey=23785,,
Maintenance,Preventive Maintenance,Maintenance Analysis Summary,2289,,VisionPlex,screen,Index,7355,24051,__actionKey=24051,,
Maintenance,Preventive Maintenance,Maintenance Measurement Graph,970,,VisionPlex,screen,Index,3441,7754,__actionKey=7754,,
Maintenance,Preventive Maintenance,Maintenance Task Analysis,971,,VisionPlex,screen,Index,3761,8074,__actionKey=8074,,
Maintenance,Preventive Maintenance,PM Forecast Completion Dates,1092,,VisionPlex,screen,Index,3381,7693,__actionKey=7693,,
Maintenance,Preventive Maintenance,PM Forecast Production Hours,1484,,VisionPlex,screen,Index,3382,7694,__actionKey=7694,,
Maintenance,Preventive Maintenance,Work Request Items,1549,,VisionPlex,screen,Index,2205,6512,__actionKey=6512,,
Maintenance,Work Requests,Equipment Daily Production to Work Request,2299,,VisionPlex,screen,Index,2201,6508,__actionKey=6508,,
Maintenance,Work Requests,Maintenance Failures,1485,,VisionPlex,screen,Index,2056,6363,__actionKey=6363,,
Maintenance,Work Requests,Maintenance Performance Indicators,2260,,VisionPlex,screen,Index,3131,7441,__actionKey=7441,,
Maintenance,Work Requests,Maintenance Work Request Count Non PM Details,1512,,VisionPlex,screen,Index,7243,23719,__actionKey=23719,,
Maintenance,Work Requests,Maintenance Work Request Management,1163,,VisionPlex,screen,Index,2027,6334,__actionKey=6334,,
Maintenance,Work Requests,Past Due Work Requests Report,1362,,VisionPlex,screen,Index,1540,5846,__actionKey=5846,,
Maintenance,Work Requests,Required Spares,1510,,VisionPlex,screen,Index,3669,7982,__actionKey=7982,,
Maintenance,Work Requests,Time Spent By Work Requests,1349,,VisionPlex,screen,Index,3197,7508,__actionKey=7508,,
Maintenance,Work Requests,Work Request Completions,5182,,VisionPlex,screen,Index,2646,6955,__actionKey=6955,,
Maintenance,Work Requests,Work Request Costs,7895,,Maintenance,WorkRequests,ViewWorkRequestCostReport,4777,19014,,,
Maintenance,Work Requests,Work Request's Tasks by Equipment ID,1597,,VisionPlex,screen,Index,3671,7984,__actionKey=7984,,
Maintenance,Work Requests,Work Requests Tech Services,12335,,Maintenance,WorkRequests,WorkRequestsTechServices,4777,34737,,,
Management,Issue Management,Open Issues,2265,,VisionPlex,screen,Index,2346,6653,__actionKey=6653,,
Management,Workflow,Aging Workflows,1237,,VisionPlex,screen,Index,3455,7768,__actionKey=7768,,
Management,Workflow,Workflow Current Backlog,5131,,VisionPlex,screen,Index,2324,6631,__actionKey=6631,,
Management,Workflow,Workflow Estimated Time to Completion,1062,,VisionPlex,screen,Index,6828,22726,__actionKey=22726,,
Management,Workflow,Workflow Request Type,675,,VisionPlex,screen,Index,3976,8289,__actionKey=8289,,
Materials,Heat Traceability,Heat Trace,210,,Materials,HeatTrace,Index,358,1110,,,
Platform,Currency,Currency Exchange Rate History,5067,,VisionPlex,screen,Index,4015,8328,__actionKey=8328,,
Platform,Document Control System,Checked Out Documents,1518,216881,VisionPlex,screen,Index,7206,20823,__actionKey=20823,,
Platform,Document Control System,Document Last Approvals,490,216882,VisionPlex,screen,Index,2271,6578,__actionKey=6578,,
Platform,Document Control System,Documents Last Rejected,489,216883,VisionPlex,screen,Index,2274,6581,__actionKey=6581,,
Platform,Document Control System,Documents Pending Approval,487,216884,VisionPlex,screen,Index,6317,20613,__actionKey=20613,,
Platform,Document Control System,Documents Simple,1184,216885,VisionPlex,screen,Index,2272,6579,__actionKey=6579,,
Platform,Document Control System,Master Documents,1068,216886,VisionPlex,screen,Index,1434,5739,__actionKey=5739,,
Platform,Login,Remote Access,5015,,VisionPlex,screen,Index,2330,6637,__actionKey=6637,,
Platform,Revision Tracking,Module Revision Audit,5963,,VisionPlex,screen,Index,3062,7371,__actionKey=7371,,
Platform,Settings Manager,Customer Settings History,639,216887,VisionPlex,screen,Index,2333,6640,__actionKey=6640,,
Platform,Settings Manager,Enterprise Customer Settings History,1570,,VisionPlex,screen,Index,3923,8236,__actionKey=8236,,
Platform,Setup Tables,Harmonized Tariff Codes,481,,VisionPlex,screen,Index,6541,21877,__actionKey=21877,,
Platform,SQL,Enterprise Purge Log,6468,,VisionPlex,screen,Index,7944,27563,__actionKey=27563,,
Platform,User Support,User Support Responses,1574,,VisionPlex,screen,Index,2335,6642,__actionKey=6642,,
Platform,Web Services,Classic Data Sources,7938,,Platform,ClassicDataSources,Index,7951,27615,,,
Platform,Web Services,Classic Web Service Instances,1205,,VisionPlex,screen,Index,2717,7026,__actionKey=7026,,
Platform,Web Services,Classic Web Services Transition Tool,7937,,Platform,WebServiceTransition,Index,8004,27853,,,
Platform,Web Services,Instance Messages,5600,,VisionPlex,screen,Index,2717,25965,__actionKey=25965,,
Production Tracking,Control Panel,Setup BOM,973,,VisionPlex,screen,Index,3385,7698,__actionKey=7698,,
Production Tracking,Heat Treat Manager,Heat Treat Dispatch,154,,ProductionTracking,HeatTreatDispatch,Index,5535,18271,,A Dispatch view of the Heat Treat Jobs and information,
Production Tracking,Job Templates,Inventory Summary by Job Template,5183,,ProductionTracking,InventorySummaryByJobTemplate,Index,4503,10519,,,
Production Tracking,Job Tracker,Job Status Report,9,216906,ProductionTracking,JobTracker,JobStatusReport,687,2889,,List of Orders by month including job information.,
Production Tracking,Job Tracking System,Completed Jobs Summary,1047,,VisionPlex,screen,Index,2444,6751,__actionKey=6751,,
Production Tracking,Job Tracking System,Containers With Incorrect Job,1291,,VisionPlex,screen,Index,2155,6462,__actionKey=6462,,
Production Tracking,Job Tracking System,Dispatch Lists by Die Maker,2385,,VisionPlex,screen,Index,1887,6194,__actionKey=6194,,
Production Tracking,Job Tracking System,Job Activities,5195,,VisionPlex,screen,Index,4135,8448,__actionKey=8448,,
Production Tracking,Job Tracking System,Job Aging,1292,,VisionPlex,screen,Index,1466,5771,__actionKey=5771,,
Production Tracking,Job Tracking System,Job Container Check,1254,,VisionPlex,screen,Index,2728,7037,__actionKey=7037,,
Production Tracking,Job Tracking System,Job Dispatch Pick Loads,1528,,VisionPlex,screen,Index,3041,7350,__actionKey=7350,,
Production Tracking,Job Tracking System,Job Heats,5198,,VisionPlex,screen,Index,5810,19862,__actionKey=19862,,
Production Tracking,Job Tracking System,Job Labor Costs,227,,ProductionTracking,JobProduction,ViewLaborCostsReport,1198,10850,,,
Production Tracking,Job Tracking System,Job Op Batches,2364,295451,VisionPlex,screen,Index,3962,8275,__actionKey=8275,,
Production Tracking,Job Tracking System,Job Op Production Variance,2355,,VisionPlex,screen,Index,3278,7590,__actionKey=7590,,
Production Tracking,Job Tracking System,Job Operation Summary,10958,,VisionPlex,screen,Index,3393,7706,__actionKey=7706,,
Production Tracking,Job Tracking System,Job Ops Completed No Production,2390,,VisionPlex,screen,Index,2486,6794,__actionKey=6794,,
Production Tracking,Job Tracking System,Job Production Efficiency,1231,216907,VisionPlex,screen,Index,2689,6998,__actionKey=6998,,
Production Tracking,Job Tracking System,Job Production Efficiency Summary,105,216909,ProductionTracking,JobProduction,ViewWorkcenterJobSummaryReport,1198,5225,,,
Production Tracking,Job Tracking System,Job Production Efficiency Summary,1046,216908,VisionPlex,screen,Index,3623,7936,__actionKey=7936,,
Production Tracking,Job Tracking System,Job Production Records,207,,ProductionTracking,JobProduction,Index,1198,4210,,Job Production Records,
Production Tracking,Job Tracking System,Job Release Quantity Check,1321,,VisionPlex,screen,Index,2157,6464,__actionKey=6464,,
Production Tracking,Job Tracking System,Job Status with Costs,2281,,VisionPlex,screen,Index,3638,7951,__actionKey=7951,,
Production Tracking,Job Tracking System,Job Substitution Inventory,9368,,ProductionTracking,SubstituteInventory,JobSubstitution,8561,31110,,,
Production Tracking,Job Tracking System,Job Supply Usage,5194,,Engineering,JobSupplyUsageReport,Index,403,1323,,,
Production Tracking,Job Tracking System,Job Template Container Problems,2386,,VisionPlex,screen,Index,2936,7245,__actionKey=7245,,
Production Tracking,Job Tracking System,Job Trace,228,,ProductionTracking,JobProduction,ViewJobTraceReport,1198,11001,,Trace Job Splits and Merges,
Production Tracking,Job Tracking System,Job Work In Progress,16311,,Engineering,WIPJobReport,Index,280,760,,,
Production Tracking,Job Tracking System,Job Work In Progress Exceptions,5177,,Engineering,JobWipExceptionsReport,Index,730,2964,,,
Production Tracking,Job Tracking System,Jobs With Prior Incomplete Ops,1334,,VisionPlex,screen,Index,2229,6536,__actionKey=6536,,
Production Tracking,Job Tracking System,Labor Hours by Department,1293,216910,VisionPlex,screen,Index,3829,8142,__actionKey=8142,,
Production Tracking,Job Tracking System,Mass Job Cancel,2374,,VisionPlex,screen,Index,4115,8428,__actionKey=8428,,
Production Tracking,Job Tracking System,Open Shipped Jobs,1319,,VisionPlex,screen,Index,2153,6460,__actionKey=6460,,
Production Tracking,Job Tracking System,Overage Jobs,1408,,VisionPlex,screen,Index,3536,7849,__actionKey=7849,,
Production Tracking,Job Tracking System,Part Substitution Inventory,9369,,ProductionTracking,SubstituteInventory,PartSubstitution,8561,31112,,,
Production Tracking,Job Tracking System,Planned Jobs Summary by Workcenter,787,,VisionPlex,screen,Index,6815,22704,__actionKey=22704,,
Production Tracking,Job Tracking System,Scheduled Job Requirements,124,216911,ProductionTracking,JobPlanning,ScheduledJobRequirementsView,4278,11406,,"List of Components required by scheduled Jobs, Current Inventory and Required Amount.  Includes option for requirements only.",
Production Tracking,Job Tracking System,Scheduled Job Requirements (VP),1238,,VisionPlex,screen,Index,2836,7145,__actionKey=7145,,
Production Tracking,Job Tracking System,Scheduled Jobs by Department,2389,,VisionPlex,screen,Index,1635,5942,__actionKey=5942,,
Production Tracking,Job Tracking System,Scheduled Jobs by Department Summary,2388,216912,VisionPlex,screen,Index,1653,5960,__actionKey=5960,,
Production Tracking,Job Tracking System,Scheduled Jobs by Workcenter,2387,,VisionPlex,screen,Index,2130,6437,__actionKey=6437,,
Production Tracking,Job Tracking System,Scheduled Jobs by Workcenter Group,1472,216913,VisionPlex,screen,Index,2802,7111,__actionKey=7111,,
Production Tracking,Production Tracking,Actual Depletion,9563,,VisionPlex,screen,Index,2903,7212,__actionKey=7212,,
Production Tracking,Production Tracking,Average Hourly Production,976,216914,VisionPlex,screen,Index,2998,7307,__actionKey=7307,,
Production Tracking,Production Tracking,Container Depletion,2357,,VisionPlex,screen,Index,7428,24251,__actionKey=24251,,
Production Tracking,Production Tracking,Container Trace Depletions,949,,VisionPlex,screen,Index,2148,6455,__actionKey=6455,,
Production Tracking,Production Tracking,Cost Sub Type Hours Summary,2391,,VisionPlex,screen,Index,1728,6035,__actionKey=6035,,
Production Tracking,Production Tracking,Daily Achievement Report,422445,,VisionPlex,screen,Index,11234,56211,__actionKey=56211,,
Production Tracking,Production Tracking,Daily Production Detail Reason,2300,216915,VisionPlex,screen,Index,2386,6693,__actionKey=6693,,
Production Tracking,Production Tracking,Daily Shifts,5938,216917,VisionPlex,screen,Index,7898,25676,__actionKey=25676,,
Production Tracking,Production Tracking,Daily Work,1509,,VisionPlex,screen,Index,2393,6700,__actionKey=6700,,
Production Tracking,Production Tracking,Depletion Accuracy,5107,,VisionPlex,screen,Index,4855,13554,__actionKey=13554,,
Production Tracking,Production Tracking,Downtime Analysis Reasons,220,216916,ProductionTracking,DowntimeAnalysis,ViewProductionTrackingDowntimeAnalysisReason,4649,12272,,Downtime Reason Analysis,
Production Tracking,Production Tracking,Downtime Event Type Pareto Analysis,2370,216918,VisionPlex,screen,Index,3093,7402,__actionKey=7402,,
Production Tracking,Production Tracking,Efficiency Report,1487,216919,VisionPlex,screen,Index,3141,7452,__actionKey=7452,,
Production Tracking,Production Tracking,Employee Production,2302,216920,VisionPlex,screen,Index,1425,5730,__actionKey=5730,,
Production Tracking,Production Tracking,Employee Production By Department,2368,216925,VisionPlex,screen,Index,1424,5729,__actionKey=5729,,
Production Tracking,Production Tracking,Executive Daily Summary (Daily Production),2359,216921,VisionPlex,screen,Index,3215,7526,__actionKey=7526,,
Production Tracking,Production Tracking,Executive Summaries,810,,ProductionTracking,ExecutiveSummary,Index,4912,14066,,,
Production Tracking,Production Tracking,Job Op Completion No Depletion,2358,,VisionPlex,screen,Index,2504,6813,__actionKey=6813,,
Production Tracking,Production Tracking,Job Production Report,977,216922,VisionPlex,screen,Index,2264,6571,__actionKey=6571,,
Production Tracking,Production Tracking,Kit Details,18387,,ProductionTracking,_,Index,10198,41349,,,
Production Tracking,Production Tracking,Kit Details By Job,18388,,ProductionTracking,_,KitDetailsByJob,10198,41350,,,
Production Tracking,Production Tracking,Multi-Out Production Summary,962,,ProductionTracking,ProductionHistory,ViewProductionHistorySummaryMultioutGrid,4712,18688,,,
Production Tracking,Production Tracking,OEE Report,625,216924,VisionPlex,screen,Index,2404,6711,__actionKey=6711,,AA
Production Tracking,Production Tracking,Produced Containers,974,,VisionPlex,screen,Index,2152,6459,__actionKey=6459,,
Production Tracking,Production Tracking,Production and Scrap by Month,1488,216923,VisionPlex,screen,Index,1710,6017,__actionKey=6017,,
Production Tracking,Production Tracking,Production and Scrap Report,978,216926,VisionPlex,screen,Index,2413,6720,__actionKey=6720,,
Production Tracking,Production Tracking,Production And Scrap Values,1367,,VisionPlex,screen,Index,2887,7196,__actionKey=7196,,
Production Tracking,Production Tracking,Production by Operator,964,216927,ProductionTracking,ProductionHistory,ViewProductionHistoryProductionByOperatorGrid,4712,18690,,,
Production Tracking,Production Tracking,Production Efficiency,1162,216930,VisionPlex,screen,Index,1586,5893,__actionKey=5893,,
Production Tracking,Production Tracking,Production Efficiency By Cost Sub Type,2369,,VisionPlex,screen,Index,2879,7188,__actionKey=7188,,
Production Tracking,Production Tracking,Production Efficiency by Shift,961,216928,VisionPlex,screen,Index,2911,7220,__actionKey=7220,,
Production Tracking,Production Tracking,Production Forecast Hours,963,216931,ProductionTracking,ProductionHistory,ViewProductionHistoryProductionForecastHoursGrid,4712,12355,,,
Production Tracking,Production Tracking,Production History,821,216932,ProductionTracking,ProductionHistory,Index,4712,13891,,,
Production Tracking,Production Tracking,Production History Details,926,216929,ProductionTracking,ProductionHistory,ViewProductionHistoryDetailedProductionHistoryGrid,4712,13224,,,
Production Tracking,Production Tracking,Production History Summaries,5186,,ProductionTracking,ProductionHistory,ViewProductionHistoryReportProductionSummaryGrid,4712,18695,,,
Production Tracking,Production Tracking,Production Performance,334,216933,ProductionTracking,ProductionHistory,ViewProductionHistoryProductionPerformanceReportGrid,4712,19198,,,
Production Tracking,Production Tracking,Production Records,5185,,ProductionTracking,ProductionRecords,Index,4686,13220,,,
Production Tracking,Production Tracking,Production Revenue,2356,,VisionPlex,screen,Index,2769,7078,__actionKey=7078,,
Production Tracking,Production Tracking,Production Summary,1098,216934,VisionPlex,screen,Index,2535,6844,__actionKey=6844,,
Production Tracking,Production Tracking,Production Summary & Efficiency,1366,216935,VisionPlex,screen,Index,1745,6052,__actionKey=6052,,
Production Tracking,Production Tracking,Production Summary by Grade Temper,1443,,VisionPlex,screen,Index,1910,6217,__actionKey=6217,,
Production Tracking,Production Tracking,Production Summary By Part,820,,ProductionTracking,ProductionSummaryByPart,Index,6436,21328,,test,test
Production Tracking,Production Tracking,Production Summary by Workcenter,992,216937,VisionPlex,screen,Index,7099,23489,__actionKey=23489,,
Production Tracking,Production Tracking,Production Tracking Downtime Analysis,219,,ProductionTracking,DowntimeAnalysis,Index,4649,12211,,Downtime Analysis,
Production Tracking,Production Tracking,Production Value Details,1489,,VisionPlex,screen,Index,3009,7318,__actionKey=7318,,
Production Tracking,Production Tracking,Production Value Summary,1490,,VisionPlex,screen,Index,2934,7243,__actionKey=7243,,
Production Tracking,Production Tracking,Quality Dashboard Without Building,5003,,VisionPlex,screen,Index,2715,7024,__actionKey=7024,,
Production Tracking,Production Tracking,Receiving Notifications,1552,,VisionPlex,screen,Index,2029,6336,__actionKey=6336,,
Production Tracking,Production Tracking,Workcenter Production,407,216938,VisionPlex,screen,Index,1421,5726,__actionKey=5726,,
Production Tracking,Production Tracking,Workcenter Production Summary,415,216936,VisionPlex,screen,Index,2421,6728,__actionKey=6728,,
Production Tracking,Production Tracking,Workcenter Productivity,1365,216940,VisionPlex,screen,Index,3270,7582,__actionKey=7582,,
Production Tracking,Production Tracking,Workcenter Type Production Summary,709,,ProductionTracking,ProductionHistory,ViewProductionHistoryProductionSummaryWorkcenterType,4712,20090,,,
Production Tracking,Rejection Tracking,Defect By Defects Graph,1153,,VisionPlex,screen,Index,3356,7668,__actionKey=7668,,
Production Tracking,Rejection Tracking,Defect by Part,887,,VisionPlex,screen,Index,3355,7667,__actionKey=7667,,
Production Tracking,Rejection Tracking,Parts Made Defective,1491,,VisionPlex,screen,Index,7274,23822,__actionKey=23822,,
Production Tracking,Rejection Tracking,Rejection Action Activity Summary,5187,,ProductionTracking,RejectionReports,Index,6892,22882,,,
Production Tracking,Rejection Tracking,Rejection Activity Customer Summary,1553,,VisionPlex,screen,Index,3677,7990,__actionKey=7990,,
Production Tracking,Rejection Tracking,Rejection Activity Part Summary,1028,,VisionPlex,screen,Index,1623,5930,__actionKey=5930,,
Production Tracking,Rejection Tracking,Rejection Statistics,5188,,ProductionTracking,RejectionReports,RejectionStatistics,6892,22884,,,
Production Tracking,Scrap Tracking,Downstream Scrap By Operator,2392,,VisionPlex,screen,Index,3186,7497,__actionKey=7497,,
Production Tracking,Scrap Tracking,Scrap by Container Attributes Pareto,133,,Inventory,ScrapContainerAttributesPareto,Index,4512,10573,,,
Production Tracking,Scrap Tracking,Scrap by Departments,163,216939,Inventory,ScrapSummaryByDepartment,Index,4926,14145,,Previous weeks scrap and previous 52 weeks scrap by department,
Production Tracking,Scrap Tracking,Scrap by Parts,214,216941,Inventory,ScrapSummarybypart,Index,4692,12203,,Scrap Summary by Part,
Production Tracking,Scrap Tracking,Scrap by Parts and Operations,177,216943,Inventory,ScrapSummaryByPartOperation,Index,4764,12771,,Scrap report with subtotals by part and operation,
Production Tracking,Scrap Tracking,Scrap by Parts Pareto,234,216942,Inventory,ScrapPartPareto,Index,4709,12334,,,
Production Tracking,Scrap Tracking,Scrap by Scrap Reasons Pareto,215,216944,Inventory,ScrapReasonPareto,Index,4565,10878,,Reason for Scrap - Pareto Analysis,
Production Tracking,Scrap Tracking,Scrap by Tracking Numbers,865,,VisionPlex,screen,Index,3656,7969,__actionKey=7969,,
Production Tracking,Scrap Tracking,Scrap Log by Date and Workcenter,924,,VisionPlex,screen,Index,2776,7085,__actionKey=7085,,
Production Tracking,Scrap Tracking,Scrap Log by Workcenter Type,864,,VisionPlex,screen,Index,2850,7159,__actionKey=7159,,
Production Tracking,Scrap Tracking,Scrap Pareto,95,216945,Inventory,ScrapCustomerPareto,Index,4863,13668,,Uses Customer Part,
Production Tracking,Scrap Tracking,Scrap Pieces By Part,1580,,VisionPlex,screen,Index,7315,23959,__actionKey=23959,,
Production Tracking,Scrap Tracking,Scrap Trend,1001,,Inventory,ScrapTrend,Index,7101,23495,,,
Production Tracking,Workcenter List,Get Equipment Workcenters Linked Data,11190,,ProductionTracking,WorkcenterList,GetEquipmentWorkcentersLinkedData,4421,33485,,,
Production Tracking,Workcenter List,Workcenter Bulletin Copy,1449,,VisionPlex,screen,Index,2489,6797,__actionKey=6797,,
Production Tracking,Workcenter List,Workcenter Bulletins,967,,VisionPlex,screen,Index,1885,6192,__actionKey=6192,,
Production Tracking,Workcenter List,Workcenter Load Analyses,5178,216947,Engineering,WorkcenterLoadAnalysis,Index,626,3489,,,
Production Tracking,Workcenter List,Workcenter Status,1517,,VisionPlex,screen,Index,2193,6500,__actionKey=6500,,
Production Tracking,Workcenter List,Workcenters and Equipment,958,,VisionPlex,screen,Index,2880,7189,__actionKey=7189,,
Production Tracking,Workcenter Tracking,Material Bins,221,,ProductionTracking,WorkcenterMaterialStatus,ViewMaterialBins,4770,14003,,Inventory/Material at Workcenter,
Production Tracking,Workcenter Tracking,Production Summary By Operator,2373,216946,VisionPlex,screen,Index,2845,7154,__actionKey=7154,,
Production Tracking,Workcenter Tracking,Production Summary by Workcenter Job,2365,216948,VisionPlex,screen,Index,3061,7370,__actionKey=7370,,
Production Tracking,Workcenter Tracking,Uptime Log,979,,VisionPlex,screen,Index,3551,7864,__actionKey=7864,,
Production Tracking,Workcenter Tracking,Workcenter Costs,965,,ProductionTracking,WorkCenterCost,Index,4899,13957,,,
Production Tracking,Workcenter Tracking,Workcenter Log Summaries,28,,ProductionTracking,WorkcenterLog,ViewWorkcenterLogSummary,4650,14035,,"Identical/repeated records in the Workcenter Log are grouped into a single row in this report. Rows with times less than .03 hours are hidden, but are included in the totals.",
Production Tracking,Workcenter Tracking,Workcenter Logs,176,216953,ProductionTracking,WorkcenterLog,Index,4650,11796,,Sames as the Workcenter Log from the control panel,
Production Tracking,Workcenter Tracking,Workcenter Status Summary,1516,216954,VisionPlex,screen,Index,2596,6905,__actionKey=6905,,
Production Tracking,Workcenter Tracking,Workcenter Unplanned Downtime Log Hours,1556,,VisionPlex,screen,Index,2170,6477,__actionKey=6477,,
Program Management,Program Iterations,Timing Worksheet,944,,VisionPlex,screen,Index,3948,8261,__actionKey=8261,,
Program Management,Program Manager,Customer Sales Forecast in CAR Sets,5000,,VisionPlex,screen,Index,4073,8386,__actionKey=8386,,
Program Management,Program Manager,Master Timing Chart,62,,ProgramManagement,ProgramReports,MasterTimingChartView,1097,4933,,Chart of Builds for a Program,
Program Management,Program Manager,Program Accounting Jobs,1187,,VisionPlex,screen,Index,3819,8132,__actionKey=8132,,
Program Management,Program Manager,Program Accounting Jobs Expense Budget Variance,2263,,VisionPlex,screen,Index,2658,6967,__actionKey=6967,,
Program Management,Program Manager,Program Budgeted Sales,100,,ProgramManagement,ProgramReports,Index,1097,9223,,,
Program Management,Program Manager,Program Car Set Information,104,,ProgramManagement,ProgramReports,ProgramCarSetInfoReportGridView,1097,9250,,"Qty/Vehicle,Selling and estended price by Part and Program",
Program Management,Program Manager,Program Pieces Forecast,102,,ProgramManagement,ProgramReports,ProgramSalesPiecesGridView,1097,9245,,"Summary of Production by Part. Accounts for Quantity Per Shipset.
Multiple Customer Parts per Part are added together(Quantity Per Shipset is factored in prior this)",
Program Management,Program Manager,Program Production,1587,,ProgramManagement,ProgramProductionReport,Index,544,2010,,,
Program Management,Program Manager,Program Summary Chart,5088,,VisionPlex,screen,Index,4023,8336,__actionKey=8336,,
Program Management,Program Manager,Program Updates,32,,ProgramManagement,ProgramReports,ProgramUpdatesGridView,1097,9521,,A list of programs and their updates,
Program Management,Program Manager,Program Zero Prices,99,,ProgramManagement,ProgramReports,ProgramZeroPriceReportGridView,1097,9161,,List of Program/Parts that don't have a customer part price or a po price,
Program Management,Program Manager,Programs Launching and Ending,63,,ProgramManagement,ProgramReports,ProgramsLaunchingEndingView,1097,3698,,Enterprise List of Programs that launch and end within a filtered date range. Gannt  view of years and months The program runs,
Program Management,Program Manager,Start Programs,5087,,ProgramManagement,ProgramReports,ProgramsStartReportGrid,1097,9179,,,
Program Management,Program Manager,Team Tracker Report,946,,VisionPlex,screen,Index,3825,8138,__actionKey=8138,,
Program Management,Program Manager,Total Program Material Costs,114,,ProgramManagement,ProgramReports,TotalProgramMaterialCostGridView,1097,9160,,Sum program costs over one year,
Program Management,Program Manager,Zero Material Costs,948,,VisionPlex,screen,Index,1933,6240,__actionKey=6240,,
Program Management,Research and Development Project Manager,NPD Linkages,31,,ProgramManagement,projectmanager,viewnpdlinkages,1243,4478,,A list of NPD Projects and their linkages,
Program Management,Research and Development Project Manager,NPD Research and Development Linkages,34,,ProgramManagement,projectmanager,ViewNpdRdLinkages,1243,4481,,a list of NPD Projects and the R+D Projects that are linked to then,
Program Management,Research and Development Project Manager,Research and Development NPD Linkages,33,,ProgramManagement,projectmanager,ViewRdNpdRdLinkages,1243,4480,,a list of NPD Projects and the R+D Projects that are linked to then,
Purchasing,Purchase Orders,Approved Suppliers and POs - Purch Components,910,,VisionPlex,screen,Index,2298,6605,__actionKey=6605,,
Purchasing,Purchase Orders,Approved Suppliers and POs by Item,916,,VisionPlex,screen,Index,2297,6604,__actionKey=6604,,
Purchasing,Purchase Orders,Department Spending,149,,Purchasing,PurchaseOrderReports,ViewDepartmentSpendingGrid,566,11599,,Tracks Receipts from PO's generated from Requisitions,
Purchasing,Purchase Orders,Forward Commitments by Accounting Job,186,,Purchasing,PurchaseOrderReports,ViewForwardCommitmentByAccountingJobGrid,566,11600,,,
Purchasing,Purchase Orders,Forward Commitments by Accounting Job Details,5096,,Purchasing,PurchaseOrderReports,ViewForwardCommitmentByAccountingJobDetailGrid,566,11595,,,
Purchasing,Purchase Orders,Open Purchase Order Releases,198,,Purchasing,PurchaseOrderReports,ViewReportOpenPoGrid,566,11582,,Open PO's,
Purchasing,Purchase Orders,Open Purchase Order Releases Next Due Date,233,,Purchasing,PurchaseOrderReports,ViewPOsOpenDetailGrid,566,11578,,,
Purchasing,Purchase Orders,Open Purchase Orders,199,,Purchasing,PurchaseOrderReports,ViewReportOpenPODetailGrid,566,11576,,Open Purchase Orders Item Detail,
Purchasing,Purchase Orders,Open Purchase Orders And Shippers Information,1592,,VisionPlex,screen,Index,3119,7429,__actionKey=7429,,
Purchasing,Purchase Orders,PO By Customer,5103,,VisionPlex,screen,Index,2299,6606,__actionKey=6606,,
Purchasing,Purchase Orders,PO Line Item Release,1245,,VisionPlex,screen,Index,3079,7388,__actionKey=7388,,
Purchasing,Purchase Orders,PO Supplier Acknowledgement,1567,,VisionPlex,screen,Index,7253,23744,__actionKey=23744,,
Purchasing,Purchase Orders,Purchase Order Building and Ship To,907,,VisionPlex,screen,Index,6740,22543,__actionKey=22543,,
Purchasing,Purchase Orders,Purchase Order Details,1023,,VisionPlex,screen,Index,7114,23516,__actionKey=23516,,
Purchasing,Purchase Orders,Purchase Order Line Items Due,195,,Purchasing,PurchaseOrderReports,ViewPoLineItemsDueGrid,566,11787,,Purchase Orders Due,
Purchasing,Purchase Orders,Purchase Order Line Release History,2287,216949,VisionPlex,screen,Index,2436,6743,__actionKey=6743,,
Purchasing,Purchase Orders,Purchase Order Ordered Grade Types,237,,Purchasing,PurchaseOrderReports,ViewReportPoOrderedGradeTypeGrid,566,11616,,"Material weight purchased by supplier, broken down by month, with a grade type filter.",
Purchasing,Purchase Orders,Purchase Order Ordered Sizes,238,,Purchasing,PurchaseOrderReports,ViewReportPoOrderedSizeGrid,566,11614,,Weight purchased broken down by size with grade type filter,
Purchasing,Purchase Orders,Purchase Order Price Averages,5098,216950,Purchasing,PurchaseOrderReports,ViewPriceAverageGrid,566,11602,,,
Purchasing,Purchase Orders,Purchase Order Receipts,196,216951,Purchasing,PurchaseOrderReports,ViewReportReceiptsGrid,566,11610,,Receipts from Purchasing,
Purchasing,Purchase Orders,Purchase Order Receipts Less Returns,137,,Purchasing,PurchaseOrderReports,ViewReceiptsLessReturnsGrid,566,11604,,Receipts Less Returns,
Purchasing,Purchase Orders,Purchase Order Release Pickups,168,,Purchasing,PurchaseOrderReports,ViewReleasePickupGrid,566,11584,,Report of releases broken up by supplier and PO Ship To.,
Purchasing,Purchase Orders,Purchase Order Releases,94,,Purchasing,PurchaseOrderReports,ViewReleasesGrid,566,11586,,Report of Purchase Order Releases,
Purchasing,Purchase Orders,Purchase Order Releases by Week for Suppliers,171,,Purchasing,PurchaseOrderReports,ViewReleasesByWeekSupplierGrid,566,11589,,A report of all active releases by week by supplier.,
Purchasing,Purchase Orders,Purchase Order Releases Due,93,216952,Purchasing,PurchaseOrderReports,ViewReleasesDueGrid,566,11587,,"Report to replace 3 PO Reports:
Open Purchase Orders
Open PO Detail
Purchase Orders Due",
Purchasing,Purchase Orders,Purchase Order Spending,197,,Purchasing,PurchaseOrderReports,ViewSpendingGrid,566,11613,,Spending,
Purchasing,Purchase Orders,Purchase Order Spending Releases Due,164,,Purchasing,PurchaseOrderReports,ViewSpendingReleasesDueGrid,566,11591,,Spending & Releases Due,
Purchasing,Purchase Orders,Purchase Order Value Summaries,5093,,Purchasing,PurchaseOrderReports,ViewPOValueSummaryGrid,566,11580,,,
Purchasing,Purchase Orders,Purchase Order Values,912,,VisionPlex,screen,Index,3068,7377,__actionKey=7377,,
Purchasing,Purchase Orders,Purchasing Dashboard,2252,,VisionPlex,screen,Index,7305,23931,__actionKey=23931,,
Purchasing,Purchase Orders,Purchasing Receipts History,940,,VisionPlex,screen,Index,2062,6369,__actionKey=6369,,
Purchasing,Purchase Orders,Purchasing Receipts With Grouping,5766,,VisionPlex,screen,Index,7645,25540,__actionKey=25540,,
Purchasing,Purchase Orders,Receipt History Summary,1160,,VisionPlex,screen,Index,1503,5808,__actionKey=5808,,
Purchasing,Purchase Orders,Release Point In Time,5903,,VisionPlex,screen,Index,3867,8180,__actionKey=8180,,
Purchasing,Purchase Orders,Releases by Supplier ,5097,,Purchasing,PurchaseOrderReports,ViewReleasesBySupplierGrid,566,11597,,,
Purchasing,Purchase Orders,Releases by Supplier (by Period),1324,,VisionPlex,screen,Index,7259,23759,__actionKey=23759,,
Purchasing,Purchase Orders,Releases Due Summary,5584,,Purchasing,PurchaseOrderReports,ViewReleasesDueSummaryGrid,566,25817,,,
Purchasing,Purchase Orders,Spending by Department,1573,,VisionPlex,screen,Index,6731,22531,__actionKey=22531,,
Purchasing,Purchase Orders,Supplier Purchases,240,,Purchasing,PurchaseOrderReports,ViewReportSupplierPurchasesGrid,566,11611,,"List of all purchases by supplier, for a specified date range.",
Purchasing,Purchase Orders,Supplier Releases Weekly Multi-Entity,1578,,VisionPlex,screen,Index,4105,8418,__actionKey=8418,,
Purchasing,Purchase Orders,Supplier Weekly Releases,180,,Purchasing,PurchaseOrderReports,ViewSupplierWeeklyReleasesGrid,566,11596,,A weekly supplier release report based of purchase orders.,
Purchasing,Receiving,Cost of Goods Received,67,,Purchasing,ReceivingReports,viewcostofgoodsreceivedgrid,1205,10362,,Cost of Goods Received at Standard Cost,
Purchasing,Receiving,Job Requirements for Receiving,975,,VisionPlex,screen,Index,1998,6305,__actionKey=6305,,
Purchasing,Receiving,Material Cost History,46,,Purchasing,ReceivingReports,ViewMaterialCostHistoryGrid,1205,18111,,,
Purchasing,Receiving,Part and Supply Item Receipts,2235,,VisionPlex,screen,Index,2798,7107,__actionKey=7107,,
Purchasing,Receiving,Purchasing Releases,200,,Purchasing,ReceivingReports,viewreleasereportgrid,1205,14444,,,
Purchasing,Receiving,Receipt History ,5100,,Purchasing,ReceiptHistory,ViewReceiptHistoryReadOnlyGrid,4819,25042,,,
Purchasing,Receiving,Receipt Tool Log,47,,Purchasing,ReceivingReports,viewreceipttoolloggrid,1205,14043,,Displays all the Tool Receipts for a given Date range and filter set.,
Purchasing,Receiving,Receipts by Date,1591,,VisionPlex,screen,Index,3047,7356,__actionKey=7356,,
Purchasing,Receiving,Receipts by PO Line,1,,Purchasing,ReceivingReports,viewreceivingreportgrid,1205,14047,,Purchasing receiving report,
Purchasing,Receiving,Receipts by Supplier,182,,Purchasing,ReceivingReports,viewreceiptsbysuppliergrid,1205,14445,,,
Purchasing,Receiving,Receipts Grouped by Finalized Status,69,,Purchasing,ReceivingReports,Index,1205,4133,,A report to show all items physically received in a day.,
Purchasing,Receiving,Receiving Inspections,983,,VisionPlex,screen,Index,2300,6607,__actionKey=6607,,
Purchasing,Receiving,Receiving Log,70,,Purchasing,ReceivingReports,viewreceivingloggrid,1205,14046,,A report to show all items physically received in a day.,
Purchasing,Receiving,Supplier Pricing Receipts,378,,VisionPlex,screen,Index,2984,7293,__actionKey=7293,,
Purchasing,Requisitions,Purchase Expense Summary,5635,,VisionPlex,screen,Index,2437,6744,__actionKey=6744,,
Purchasing,Supplier Master Data Management,Account-Supplier Cross-Reference,5648,,VisionPlex,screen,Index,2397,6704,__actionKey=6704,,
Purchasing,Supplier Master Data Management,Address Labels,370,,Purchasing,SupplierReport,AddressLabelsView,1183,5332,,,
Purchasing,Supplier Master Data Management,Master Supplier List - Suppliers Not Linked,1016,,VisionPlex,screen,Index,2288,6595,__actionKey=6595,,
Purchasing,Supplier Master Data Management,Minority Supplier Reports,372,,Purchasing,SupplierReport,MinorityView,1183,9253,,,
Purchasing,Supplier Master Data Management,Parent Child Reports,374,,Purchasing,SupplierReport,SupplierParentChildReportView,1183,9259,,,
Purchasing,Supplier Master Data Management,Supplier Address Report,371,,Purchasing,SupplierReport,Index,1183,4044,,,
Purchasing,Supplier Master Data Management,Supplier Change History,1546,,VisionPlex,screen,Index,4433,10289,__actionKey=10289,,
Purchasing,Supplier Master Data Management,Supplier Planning,224,,Purchasing,SupplierPlanning,SupplierPlanningReportView,1157,5685,,,
Purchasing,Supplier Master Data Management,Suppliers and Approved Purchases,373,,Purchasing,SupplierReport,SuppliersAndApprovedPurchasesView,1183,9257,,,
Purchasing,Supplier Master Data Management,Suppliers Summary,1545,,VisionPlex,screen,Index,1889,6196,__actionKey=6196,,
Purchasing,Supplier Master Data Management,Suppliers without Users,1193,,VisionPlex,screen,Index,2295,6602,__actionKey=6602,,
Purchasing,Supplier Returns,Supplier PPM,1593,,VisionPlex,screen,Index,3692,8005,__actionKey=8005,,
Purchasing,Supplier Returns,Supplier Returns Summary,986,,VisionPlex,screen,Index,2270,6577,__actionKey=6577,,
Purchasing,Supplies (MRO),Excessive Supply Usage,1379,,VisionPlex,screen,Index,1625,5932,__actionKey=5932,,
Purchasing,Supplies (MRO),High Cost Item Usage Summary,1569,,VisionPlex,screen,Index,2471,6779,__actionKey=6779,,
Purchasing,Supplies (MRO),Supplies Data,985,,VisionPlex,screen,Index,2399,6706,__actionKey=6706,,
Purchasing,Supplies (MRO),Supplies Inventory Valuation,987,,VisionPlex,screen,Index,1555,5861,__actionKey=5861,,
Purchasing,Supplies (MRO),Supply Usage Summary by Date,1031,,VisionPlex,screen,Index,7118,23537,__actionKey=23537,,
Purchasing,Supply Crib Management,Supply Item Usage Accounts,54,,Purchasing,SupplyReports,ItemUsageAccountReportView,4501,10491,,"Item Usage by Account (has cost)
Cost is calculated using an average of recipt prices. If none are available, it uses the lowest supplier price.
Price Conversion is taken into account",
Purchasing,Supply Crib Management,Supply Item Usage Report,201,216956,Purchasing,SupplyReports,Index,4501,10714,,,
Purchasing,Supply Crib Management,Supply Items Inventory Report,908,216955,VisionPlex,screen,Index,1992,6299,__actionKey=6299,,
Quality,Checklist System,APQP Timing,5133,,Quality,APQPStatusReport,Index,1291,5051,,,
Quality,Checklist System,Checklist Quote Summary,1576,,Quality,Checklists,ViewQuoteSummaryReport,5527,18189,,,
Quality,Checksheets and Process Instructions,Checksheet Container Crosstab,314,,Quality,ChecksheetReports,ViewChecksheetContainerCrosstab,1177,14517,,,
Quality,Checksheets and Process Instructions,Checksheet Data Crosstab Report,6467,,VisionPlex,screen,Index,7908,27163,__actionKey=27163,,
Quality,Checksheets and Process Instructions,Checksheet Data Crosstab Report Setup,6466,,VisionPlex,screen,Index,7914,27182,__actionKey=27182,,
Quality,Checksheets and Process Instructions,Checksheet Data Crosstabs,313,,Quality,ChecksheetReports,ViewChecksheetDataCrosstab,1177,11571,,,
Quality,Checksheets and Process Instructions,Containers,317,,Quality,ChecksheetReports,Container,1177,4546,,,
Quality,Checksheets and Process Instructions,Failure Modes,316,282114,Quality,ChecksheetReports,FailureMode,1177,4550,,,
Quality,Checksheets and Process Instructions,Failure Modes Analysis,315,282115,Quality,ChecksheetReports,FailureModesAnalysis,1177,4473,,,
Quality,Checksheets and Process Instructions,Inspection History,318,216957,Quality,ChecksheetReports,inspectionhistory,1177,4018,,,
Quality,Checksheets and Process Instructions,Partial Checksheets,2259,,VisionPlex,screen,Index,3103,7412,__actionKey=7412,,
Quality,Continuous Improvement Project Tracking,Improvement Projects by Month,361,,Quality,ImprovementProjectByMonth,Index,570,2095,,,
Quality,Continuous Improvement Project Tracking,Improvement Projects by Month,802,,Quality,ImprovementProject,ByMonth,340,9363,,,
Quality,Control Plans,Checksheet Launchers,397,216423,VisionPlex,screen,Index,2490,6798,__actionKey=6798,,
Quality,Control Plans,Control Plan History By Line,1559,,VisionPlex,screen,Index,2261,6568,__actionKey=6568,,
Quality,Cost Recovery,Cost Recovery Current Backlog,5009,,VisionPlex,screen,Index,3802,8115,__actionKey=8115,,
Quality,Cost Recovery,Cost Recovery Dollars By Status,1551,,VisionPlex,screen,Index,3817,8130,__actionKey=8130,,
Quality,Cost Recovery,Cost Recovery Dollars By Supplier,1544,,VisionPlex,screen,Index,3813,8126,__actionKey=8126,,
Quality,FMEA,Failure Mode and Effects Analyses (Alternate),5189,282116,Quality,Fmea,Fmea2ViewGrid,314,10772,,,
Quality,FMEA,FMEA RPN Analysis,1206,,VisionPlex,screen,Index,3806,8119,__actionKey=8119,,
Quality,Part Specifications,Container Quality,1561,,VisionPlex,screen,Index,3731,8044,__actionKey=8044,,
Quality,Part Specifications,Correct Invalid SpecRev Records,8100,,VisionPlex,screen,Index,8259,29447,__actionKey=29447,,
Quality,Part Specifications,Part Specification Revision History,16368,,VisionPlex,screen,Index,2526,6835,__actionKey=6835,,
Quality,Problem Control,Actual Status,1614,,Quality,ProblemControlCustomReporting,ViewActualStatusGrid,7343,24454,,,
Quality,Problem Control,Actual Status 8D,2266,,Quality,ProblemControlCustomReporting,ViewActualStatus8DGrid,7343,24856,,,
Quality,Problem Control,Average Days to Problem Resolution,325,,Quality,ProblemControlCharts,ViewProblemGraphByResolutionAverage,4781,13018,,,
Quality,Problem Control,Building Defect Problem Pareto,1523,,VisionPlex,screen,Index,4013,8326,__actionKey=8326,,
Quality,Problem Control,Concerns By Defect,2273,,Quality,ProblemControlCustomReporting,ViewConcernsByDefect,7343,24845,,,
Quality,Problem Control,Concerns By Severity,2272,,Quality,ProblemControlCustomReporting,viewconcernsbyseverity,7343,24065,,,
Quality,Problem Control,Concerns By Type,2271,,Quality,ProblemControlCustomReporting,ViewConcernsByType,7343,24842,,,
Quality,Problem Control,Corrective Action Log,2270,,Quality,ProblemControlCustomReporting,ViewCorrectiveActionLogGrid,7343,24854,,,
Quality,Problem Control,Customer Problems By Customer,2269,,Quality,ProblemControlCustomReporting,ViewCustomerProblemsByCustomerChart,7343,24840,,,
Quality,Problem Control,Customer Problems By Customer Location,2268,,Quality,ProblemControlCustomReporting,ViewCustomerProblemsByCustomerLocationChart,7343,24069,,,
Quality,Problem Control,Customer Problems By Plant,2267,,Quality,ProblemControlCustomReporting,ViewCustomerProblemsByPlant,7343,24034,,,
Quality,Problem Control,Enterprise Problem Counts ,328,,Quality,ProblemControlCharts,ViewProblemsByProblemCountEnterprise,4781,14686,,,
Quality,Problem Control,Enterprise Problems by Resolution Average,329,,Quality,ProblemControlCharts,ViewProblemsByResolutionAverageEnterprise,4781,18842,,,
Quality,Problem Control,New and Open Problems by Month,26,,Quality,ProblemControlCharts,ProblemsByMonth,4781,18928,,,
Quality,Problem Control,Open Problem Control Log,2274,,Quality,ProblemControlCustomReporting,ViewOpenProblemControlLogGrid,7343,24852,,,
Quality,Problem Control,Open Problem Count by Age,324,,Quality,ProblemControlCharts,ViewProblemGraphByOpenAge,4781,18844,,,
Quality,Problem Control,Opened and Closed Problems By Month,5653,,VisionPlex,screen,Index,3723,8036,__actionKey=8036,,
Quality,Problem Control,Problem Action Throughput,1558,,VisionPlex,screen,Index,3767,8080,__actionKey=8080,,
Quality,Problem Control,Problem by Building Summary,241,,Quality,ProblemControlReporting,ViewProblemReportByBuildingSummary,4959,18520,,,
Quality,Problem Control,Problem Control by Area,25,,Quality,ProblemControlReporting,ViewProblemReportByArea,4959,18491,,,
Quality,Problem Control,Problem Control by Champion,1210,,Quality,ProblemControlReporting,ViewProblemControlReportingProblemReportByChampion,4959,23866,,,
Quality,Problem Control,Problem Control by Corrective Action Status,101,,Quality,ProblemControlReporting,ViewProblemReportByCorrectiveActionStatus,4959,18306,,Report used to display a Problems Corrective Action Status Information.,
Quality,Problem Control,Problem Control by Current Corrective Action,156,,Quality,ProblemControlReporting,ViewProblemReportByCurrentCorrectiveActionGrid,4959,14334,,Report grid displaying problem summary with root cause and latest corrective action,
Quality,Problem Control,Problem Control by Initial Response,96,,Quality,ProblemControlReporting,ViewProblemReportByInitialResponse,4959,18518,,Report used to display Initial Reponse information as it pertains to a problem record.  Major use is its ability to show problems with late initial responses.,
Quality,Problem Control,Problem Control by Part,209,,Quality,ProblemControlReporting,ViewProblemReportByPart,4959,18525,,Problems By Part No,
Quality,Problem Control,Problem Control by Part Product Type,152,,Quality,ProblemControlReporting,ViewProblemReportByPartProductType,4959,18761,,Problem Report by Commodity,
Quality,Problem Control,Problem Control by Supplier,1211,,Quality,ProblemControlReporting,ViewProblemControlReportingProblemReadAcrossBySupplierGrid,4959,23105,,,
Quality,Problem Control,Problem Control Disposition History,320,,Quality,ProblemControlReporting,ViewProblemControlReportingProblemDispositionReport,4959,19147,,,
Quality,Problem Control,Problem Control History by Defect Type,18,,Quality,ProblemControlReporting,ProblemReportByDefectType,4959,18495,,,
Quality,Problem Control,Problem Control Log,2275,,Quality,ProblemControlCustomReporting,ViewProblemControlLogGrid,7343,24455,,,
Quality,Problem Control,Problem Control Pareto Chart by Customer,1167,,Quality,ProblemControlParetoCharts,ViewProblemControlParetoChartsByCustomer,5503,23009,,,
Quality,Problem Control,Problem Control Pareto Chart by Part,259,,Quality,ProblemControlParetoCharts,ViewProblemPartPareto,5503,18208,,,
Quality,Problem Control,Problem Control Pareto Chart by Responsible Area,1170,,Quality,ProblemControlParetoCharts,ViewProblemControlParetoChartsByResponsibleAreaDetail,5503,23817,,,
Quality,Problem Control,Problem Control Pareto Chart by Root Cause,1171,,Quality,ProblemControlParetoCharts,ViewProblemControlParetoChartsByRootCause,5503,23811,,,
Quality,Problem Control,Problem Control Pareto Charts,256,,Quality,ProblemControlParetoCharts,Index,5503,18500,,,
Quality,Problem Control,Problem Control Pareto Charts by Building,257,,Quality,ProblemControlParetoCharts,ViewProblemControlProblemBuildingParetoChart,5503,18498,,,
Quality,Problem Control,Problem Control Pareto Charts by Defect Type,1168,,Quality,ProblemControlParetoCharts,ViewProblemControlParetoChartsByDefectType,5503,22980,,,
Quality,Problem Control,Problem Control Pareto Charts by Responsible Area,1169,,Quality,ProblemControlParetoCharts,ViewProblemControlParetoChartsByResponsibleArea,5503,23813,,,
Quality,Problem Control,Problem Control Pareto Graphs by Supplier,258,,Quality,ProblemControlParetoCharts,ViewProblemParetoGraphBySupplier,5503,18051,,,
Quality,Problem Control,Problem Count By Month,1409,,VisionPlex,screen,Index,3725,8038,__actionKey=8038,,
Quality,Problem Control,Problem Count by Supplier,332,,Quality,ProblemControlCharts,ViewProblemSuppliers,4781,18850,,,
Quality,Problem Control,Problem Count Distribution over Calendar Year,331,,Quality,ProblemControlCharts,ViewProblemSummary6Report,4781,18848,,,
Quality,Problem Control,Problem Defect Types,1226,,VisionPlex,screen,Index,4058,8371,__actionKey=8371,,
Quality,Problem Control,Problem Graph Submission History,2276,,Quality,ProblemControlCustomReporting,ViewProblemGraphSubmissionHistoryChart,7343,24860,,,
Quality,Problem Control,Problem Overview History,327,,Quality,ProblemControlCharts,ViewProblemOverviewReport,4781,18836,,,
Quality,Problem Control,Problem Quantity Rejected,2277,,Quality,ProblemControlCustomReporting,ViewProblemQuantityRejectedGrid,7343,24862,,,
Quality,Problem Control,Problems,2294,,VisionPlex,screen,Index,3849,8162,__actionKey=8162,,
Quality,Problem Control,Problems By Champion Average Resolution,1522,,VisionPlex,screen,Index,3758,8071,__actionKey=8071,,
Quality,Problem Control,Problems By Date,1521,,VisionPlex,screen,Index,3008,7317,__actionKey=7317,,
Quality,Problem Control,Problems By Defect,2278,,Quality,ProblemControlCustomReporting,viewproblemsbydefect,7343,24147,,,
Quality,Problem Control,Problems by Defect Type,323,,Quality,ProblemControlCharts,ViewProblemControlChartsProblemGraphByDefectType,4781,18852,,,
Quality,Problem Control,Problems by Month ,333,,Quality,ProblemControlCharts,ViewProblemsByMonth,4781,18840,,,
Quality,Problem Control,Problems By Part Group,2293,,VisionPlex,screen,Index,3771,8084,__actionKey=8084,,
Quality,Problem Control,Problems By Part Product Line,1520,,VisionPlex,screen,Index,3768,8081,__actionKey=8081,,
Quality,Problem Control,Problems By Problem Age,319,,Quality,ProblemControlReporting,Index,4959,18489,,,
Quality,Problem Control,Problems By Responsible,2279,,Quality,ProblemControlCustomReporting,ViewProblemsByResponsibleChart,7343,24858,,,
Quality,Problem Control,Problems Opened And Closed By Day,2313,,VisionPlex,screen,Index,2149,6456,__actionKey=6456,,
Quality,Problem Control,Problems Opened by Department,330,,Quality,ProblemControlCharts,ViewProblemsOpenedByDepartment,4781,18200,,,
Quality,Problem Control,Supplier Problem Count and Severity Opened by Month,326,,Quality,ProblemControlCharts,ViewProblemGraphProblemsMonthlyOpenBySeverity,4781,18846,,,
Quality,Problem Control,Supplier Problems By Supplier,2280,,Quality,ProblemControlCustomReporting,ViewSupplierProblemsBySupplierAction,7343,24196,,,
Quality,SPC,Process Capability History,2326,,Quality,ProcessCapabilityHistory,Index,7311,23949,,,
Quality,SPC,SPC Failure Mode Counts,2291,282118,VisionPlex,screen,Index,2263,6570,__actionKey=6570,,
Quality,SPC,SPC Failure Modes by Specification,2285,282119,VisionPlex,screen,Index,2265,6572,__actionKey=6572,,
Quality,SPC,SPC Failure Modes Raw Data,2292,282117,VisionPlex,screen,Index,2266,6573,__actionKey=6573,,
Quality,Supplier PPAP,Annual SPPAPs by Building,5607,,VisionPlex,screen,Index,6336,20737,__actionKey=20737,,
Quality,Supplier PPAP,Percent Metrics by PPAP Status Detail,455,,VisionPlex,screen,Index,3024,7333,__actionKey=7333,,
Quality,Supplier PPAP,Plant Overview MAP,17554,,VisionPlex,screen,Index,10085,40455,__actionKey=40455,,
Quality,Supplier PPAP,SPPAP First Supplier Submission Approvals,392,,VisionPlex,screen,Index,3052,7361,__actionKey=7361,,
Quality,Supplier PPAP,Supplier PPAP Plant Overview,803,,Quality,SPPAPReport,ReportPlantOverview,4718,13264,,,
Quality,Supplier PPAP,Supplier PPAP Status Overview,804,,Quality,SPPAPReport,Index,4718,12393,,,
Quality,Supplier PPAP,Supplier PPAP Status Updates,366,,VisionPlex,screen,Index,3012,7321,__actionKey=7321,,
Quality,Supplier PPAP,Supplier PPAPs By Building,2290,,VisionPlex,screen,Index,3779,8092,__actionKey=8092,,
Quality,Supplier Quality Management,Supplier Certifications History,340,216958,Quality,SupplierQualityReports,SupplierCertificationsReport,4542,11319,,,
Quality,Supplier Quality Management,Supplier Certifications Within Expiration Date Range,400,216959,VisionPlex,screen,Index,2269,6576,__actionKey=6576,,
Quality,Supplier Quality Management,Supplier Delivery Performance,507,216960,Quality,SupplierQualityReports,SupplierDeliveryPerfDetail,4542,11024,,,
Quality,Supplier Quality Management,Supplier Performance History,341,216961,Quality,SupplierQualityReports,ReportSupplierPerformance,4542,10718,,,
Quality,Supplier Quality Management,Supplier Rating Overviews,1601,,Quality,SupplierQualityReports,SupplierRatingOverview,4542,20287,,,
Quality,Supplier Quality Management,Suppliers by Capability Group and Status,5101,,Quality,SupplierQualityReports,SuppliersByGroupStatusGraph,4542,20288,,,
Quality,Supplier Scorecard,Supplier Metric Group Performance,188,,Quality,SupplierScorecardReports,ViewSupplierMetricGroupPerformanceReport,4594,14433,,Report showing scores across metric groups for supplier scorecards,
Quality,Supplier Scorecard,Supplier Performance Overview,7861,,Quality,SupplierScorecardReports,ViewSupplierPerformanceOverview,4594,14427,,,
Quality,Supplier Scorecard,Supplier Scorecard Metric Graphs,7834,,Quality,SupplierScorecardReports,ViewSupplierScorecardMetricGraphQuery,4594,11102,,,
Quality,Supplier Scorecard,Supplier Scorecard PPM by Return Detail,190,,Quality,SupplierScorecardReports,ViewSupplierPPMBySupplierReturn,4594,13923,,Graph using Supplier Returns for rejection and Purchasing Receipts to calculate PPM.,
Quality,Supplier Scorecard,Supplier Scorecard Score Comparisons,117,,Quality,SupplierScorecardReports,SupplierScorecardScoreComparison,4594,13708,,,
Quality,Supplier Scorecard,Supplier Scorecard Summaries,116,,Quality,SupplierScorecardReports,SupplierScorecardSummary,4594,14422,,,
Quality,Supplier Scorecard,Supplier Scorecard Supplier Sets,7862,,Quality,SupplierScorecardReports,ViewSupplierSetReport,4594,14426,,,
Quality,Supplier Scorecard,Supplier Scorecard Technology Summaries,118,,Quality,SupplierScorecardReports,ViewSupplierScorecardTechnologySummary,4594,14429,,,
Quality,Supplier Scorecard,Top PPM By Supplier,8198,,Quality,SupplierScorecardReports,ViewTopPPMBySupplier,4594,29850,,,
Quality,Test Tracking,Test Usage,1543,,VisionPlex,screen,Index,2857,7166,__actionKey=7166,,
Sales and CRM,Competitors,Win Lose Summary,1061,,ProductionTracking,winlosesummary,Index,7127,23555,,,
Sales and CRM,Customer Master Data Management,Customer Address Accounts,1223,,SalesAndCRM,customeraddresses,ViewCustomerAddressListAccountingReportGrid,1349,10248,,,
Sales and CRM,Customer Master Data Management,Customer Address Default Bill Tos,5931,,VisionPlex,screen,Index,2382,6689,__actionKey=6689,,
Sales and CRM,Customer Master Data Management,Customer Address Report,1224,276659,SalesAndCRM,customeraddresses,ViewCustomerAddressListReportGrid,1349,10244,,,
Sales and CRM,Customer Master Data Management,Customer Contact Tracking,275,,SalesAndCRM,CustomerReports,ViewCustomerContactTracking,4180,9648,,,
Sales and CRM,Customer Master Data Management,Customer Contacts,276,,SalesAndCRM,CustomerReports,viewCustomerContactListReport,4180,9437,,,
Sales and CRM,Customer Master Data Management,Customer Parents,913,,VisionPlex,screen,Index,2103,6410,__actionKey=6410,,
Sales and CRM,Customer Master Data Management,Customers By Salesperson,5912,,VisionPlex,screen,Index,2763,7072,__actionKey=7072,,
Sales and CRM,Customer Orders and Releases,Available to Promise,1039,,VisionPlex,screen,Index,4119,8432,__actionKey=8432,,
Sales and CRM,Customer Orders and Releases,Bookings by Day,14,216962,SalesAndCRM,RevenueReports,BookingsByDayReportGridView,1214,4770,,"Total quantity, total price of bookings by each day in the date range.",
Sales and CRM,Customer Orders and Releases,Charge Markups,5151,,VisionPlex,screen,Index,3264,7576,__actionKey=7576,,
Sales and CRM,Customer Orders and Releases,Consumptions,1527,,VisionPlex,screen,Index,1886,6193,__actionKey=6193,,
Sales and CRM,Customer Orders and Releases,Customer Demand Comparisons,626,,SalesAndCRM,CustomerOrdersRevisionReports,ViewReportCustomerDemandComparison,4609,11310,,,
Sales and CRM,Customer Orders and Releases,Customer Demand Waterfall,1373,,VisionPlex,screen,Index,3181,7492,__actionKey=7492,,
Sales and CRM,Customer Orders and Releases,Customer Order Details,1504,,VisionPlex,screen,Index,3344,7656,__actionKey=7656,,
Sales and CRM,Customer Orders and Releases,Customer Order Line Information,1457,,VisionPlex,screen,Index,2112,6419,__actionKey=6419,,
Sales and CRM,Customer Orders and Releases,Customer Order Revisions,38,,SalesAndCRM,CustomerOrdersRevisionReports,Index,4609,11303,,,
Sales and CRM,Customer Orders and Releases,"Customer Orders, Prices, and Components",947,,VisionPlex,screen,Index,2113,6420,__actionKey=6420,,
Sales and CRM,Customer Orders and Releases,Customer Purchase Order Changes,5150,,SalesAndCRM,SalesOrders,ViewPoChangesGrid,4307,11828,,,
Sales and CRM,Customer Orders and Releases,Customer Purchase Order Summary,5138,,SalesAndCRM,SalesOrderReports,ViewPoDashboardSummaryGrid,4588,11167,,,
Sales and CRM,Customer Orders and Releases,Customer Releases By Operation Type,1176,,VisionPlex,screen,Index,1601,5908,__actionKey=5908,,
Sales and CRM,Customer Orders and Releases,Customer Releases by Sorted Operation Type,1508,,VisionPlex,screen,Index,7281,23840,__actionKey=23840,,
Sales and CRM,Customer Orders and Releases,Customer Schedule Analysis,255,,Shipping,CustomerScheduleAnalysisReport,Index,4856,13582,,,
Sales and CRM,Customer Orders and Releases,Customer Schedule Analysis by Part,141,,SalesAndCRM,SalesRevenueReports,Index,1359,5502,,Like standard CSA but grouped by part and then customer.  Also has additional filters.,
Sales and CRM,Customer Orders and Releases,Enterprise Releases By Customer,1024,,VisionPlex,screen,Index,7113,23515,__actionKey=23515,,
Sales and CRM,Customer Orders and Releases,Forecasts by Demand,125,,SalesAndCRM,ForecastbyDemandReports,Index,4628,11412,,Shows the expected future component requirements ($ and pc.) by part # for future periods.,
Sales and CRM,Customer Orders and Releases,Historical Pricing,1278,,VisionPlex,screen,Index,5695,19463,__actionKey=19463,,
Sales and CRM,Customer Orders and Releases,Inventory by Demand Reports,165,,SalesAndCRM,InventoryByDemandReports,Index,4466,10394,,This report lists the inventory by operation for past due releases.,
Sales and CRM,Customer Orders and Releases,ITAR Discrepancies,1493,,VisionPlex,screen,Index,2380,6687,__actionKey=6687,,
Sales and CRM,Customer Orders and Releases,Master Price Logs,1502,,VisionPlex,screen,Index,4083,8396,__actionKey=8396,,
Sales and CRM,Customer Orders and Releases,Master Price Purchase Order Parts,469,,VisionPlex,screen,Index,6432,21310,__actionKey=21310,,
Sales and CRM,Customer Orders and Releases,Master Prices,427,,VisionPlex,screen,Index,2115,6422,__actionKey=6422,,
Sales and CRM,Customer Orders and Releases,Master Prices by Part Group,403,,VisionPlex,screen,Index,2131,6438,__actionKey=6438,,
Sales and CRM,Customer Orders and Releases,Missing Prices,1503,,VisionPlex,screen,Index,4132,8445,__actionKey=8445,,
Sales and CRM,Customer Orders and Releases,Open Releases,5145,216963,SalesAndCRM,SalesReleaseReports,ViewReportOpenReleasesGrid,1356,9863,,,
Sales and CRM,Customer Orders and Releases,Part Groups Past Due,381,,SalesAndCRM,InventoryByDemandReports,ViewReportPartGroupsPastDueGrid,4466,10893,,,
Sales and CRM,Customer Orders and Releases,Price Components,5730,,VisionPlex,screen,Index,2134,26148,__actionKey=26148,,
Sales and CRM,Customer Orders and Releases,Pricing Maintenance,1275,,VisionPlex,screen,Index,1880,6187,__actionKey=6187,,
Sales and CRM,Customer Orders and Releases,Purchase Order Dashboard Summary Chart,5139,,SalesAndCRM,SalesOrderReports,ViewPoDashboardSummaryChart,4588,11168,,,
Sales and CRM,Customer Orders and Releases,Purchase Order Prices,402,,VisionPlex,screen,Index,1713,6020,__actionKey=6020,,
Sales and CRM,Customer Orders and Releases,Purchase Order Releases,390,,VisionPlex,screen,Index,2882,7191,__actionKey=7191,,
Sales and CRM,Customer Orders and Releases,Release Exceptions,1027,,SalesAndCRM,releaseexceptions,Index,7062,23372,,,
Sales and CRM,Customer Orders and Releases,Release On Time Deliveries,1524,,VisionPlex,screen,Index,2019,6326,__actionKey=6326,,
Sales and CRM,Customer Orders and Releases,Release Quantity Shipped Comparison,1505,,VisionPlex,screen,Index,1938,6245,__actionKey=6245,,
Sales and CRM,Customer Orders and Releases,Release Usepoint Review,5147,,SalesAndCRM,SalesReleaseReports,ReportReleaseUsepointReviewView,1356,9866,,,
Sales and CRM,Customer Orders and Releases,Releases by EDI Lot Number,344,,VisionPlex,screen,Index,2116,6423,__actionKey=6423,,
Sales and CRM,Customer Orders and Releases,Releases by Workcenter,2240,,VisionPlex,screen,Index,1734,6041,__actionKey=6041,,
Sales and CRM,Customer Orders and Releases,Releases Versus Shipments,1372,,VisionPlex,screen,Index,7109,23511,__actionKey=23511,,
Sales and CRM,Customer Orders and Releases,Releases with Negative Balances,1286,,VisionPlex,screen,Index,2118,6425,__actionKey=6425,,
Sales and CRM,Customer Orders and Releases,Releases with Unapproved Ship To Addresses,1288,,VisionPlex,screen,Index,2117,6424,__actionKey=6424,,
Sales and CRM,Customer Orders and Releases,Releases without Jobs,1172,,VisionPlex,screen,Index,4173,8486,__actionKey=8486,,
Sales and CRM,Customer Orders and Releases,Releases without Ship Dates,1289,,VisionPlex,screen,Index,2935,7244,__actionKey=7244,,
Sales and CRM,Customer Orders and Releases,Revenue by Account,1277,,VisionPlex,screen,Index,2698,7007,__actionKey=7007,,
Sales and CRM,Customer Orders and Releases,Sales Order Prices,267,,SalesAndCRM,PricesReport,Index,1379,5662,,,
Sales and CRM,Customer Orders and Releases,Sales Order Reports,138,216964,SalesAndCRM,SalesOrderReports,Index,4588,11074,,Open releases sortable by customer or scheduled ship date.  Also has breakdown of price accounts. Customized report.,
Sales and CRM,Customer Orders and Releases,Sales Orders,5140,,SalesAndCRM,SalesOrderReports,ViewSalesOrderReportGrid,4588,11169,,,
Sales and CRM,Customer Orders and Releases,Sales Release Reports,250,,SalesAndCRM,SalesReleaseReports,Index,1356,5494,,Open releases sortable by customer or scheduled ship date. Also has breakdown of price accounts.,
Sales and CRM,Customer Orders and Releases,Sales Releases with Job or Container Information,1525,,VisionPlex,screen,Index,2228,6535,__actionKey=6535,,
Sales and CRM,Customer Orders and Releases,Sales Shipments,5146,,SalesAndCRM,SalesReleaseReports,ReportShipmentListView,1356,9864,,,
Sales and CRM,Customer Orders and Releases,Services By Due Date,1287,,VisionPlex,screen,Index,2133,6440,__actionKey=6440,,
Sales and CRM,Customer Sales Forecast,Forecast Upload Type,700,,VisionPlex,screen,Index,6748,22556,__actionKey=22556,,
Sales and CRM,Customer Sales Forecast,Forecast Usage,135,,SalesAndCRM,ForecastUsage,Index,4189,9177,,Shows the forecasted quantities of purchased components based on Sales forecast volumes.  Monthly breakdown.,
Sales and CRM,Customer Sales Forecast,Forecasts by Part Type,139,,SalesAndCRM,SalesForecast,GridViewForecastByPartType,4854,18752,,"A list of each part, and there forecast by period.",
Sales and CRM,Field Service,Stale Issues,412,,VisionPlex,screen,Index,2139,6446,__actionKey=6446,,
Sales and CRM,Order Entry and Tracking,Catalog Price Adjustments,404,,VisionPlex,screen,Index,2648,6957,__actionKey=6957,,
Sales and CRM,Order Entry and Tracking,Customer Purchase Order Summaries,439,,SalesAndCRM,OrderEntryReports,ViewCustomerPOSummaryReport,4652,19542,,,
Sales and CRM,Order Entry and Tracking,Customer Purchase Orders and Salespeople,1461,,VisionPlex,screen,Index,2110,6417,__actionKey=6417,,
Sales and CRM,Order Entry and Tracking,Customer Release Change Report,66,216965,SalesAndCRM,ReleaseReports,Index,4707,12314,,Listing of release changes for a given time period with change in quantity and change in sales.,
Sales and CRM,Order Entry and Tracking,Customer Time and Material Professional Service Rates,1496,,VisionPlex,screen,Index,1996,6303,__actionKey=6303,,
Sales and CRM,Order Entry and Tracking,Multiple Warehouse Demand Supply Futures,466,,VisionPlex,screen,Index,2050,6357,__actionKey=6357,,
Sales and CRM,Order Entry and Tracking,Online Order Inquiries,2330,,VisionPlex,screen,Index,3569,7882,__actionKey=7882,,
Sales and CRM,Order Entry and Tracking,Open Order Inventory Summary,1459,,VisionPlex,screen,Index,1616,5923,__actionKey=5923,,
Sales and CRM,Order Entry and Tracking,Order Contracts,1507,,VisionPlex,screen,Index,2385,6692,__actionKey=6692,,
Sales and CRM,Order Entry and Tracking,Order Line Forecast,2316,,VisionPlex,screen,Index,7482,24405,__actionKey=24405,,
Sales and CRM,Order Entry and Tracking,Order Line Forecasts by Grade,5166,,SalesAndCRM,OrderLineForecast,Index,5748,19758,,,
Sales and CRM,Order Entry and Tracking,Order Summary,438,,SalesAndCRM,OrderEntryReports,Index,4652,11842,,,
Sales and CRM,Order Entry and Tracking,Order Summary by Release Type,1285,,VisionPlex,screen,Index,2496,6805,__actionKey=6805,,
Sales and CRM,Order Entry and Tracking,Orders,5196,,SalesAndCRM,OrderEntry,ViewOrderGrid,4334,11444,,,
Sales and CRM,Order Entry and Tracking,Sales By Ship To And Ordered By Contact,960,,VisionPlex,screen,Index,1594,5901,__actionKey=5901,,
Sales and CRM,Order Entry and Tracking,Sales Order Change Summary,1065,,VisionPlex,screen,Index,3097,7406,__actionKey=7406,,
Sales and CRM,Order Entry and Tracking,Sales Order Log,1456,,VisionPlex,screen,Index,2636,6945,__actionKey=6945,,
Sales and CRM,Order Entry and Tracking,Shipped Items and Build Text,1526,,VisionPlex,screen,Index,1407,5712,__actionKey=5712,,
Sales and CRM,Order Entry and Tracking,Shipper Summaries,440,,SalesAndCRM,OrderEntryReports,ViewShipperSummaryReport,4652,19544,,,
Sales and CRM,Revenue Reporting,Customer Revenue Analysis By Product Type Multi-Entity,1612,,VisionPlex,screen,Index,3051,7360,__actionKey=7360,,
Sales and CRM,Revenue Reporting,Customer Revenue By Account,1012,,VisionPlex,screen,Index,2881,7190,__actionKey=7190,,
Sales and CRM,Revenue Reporting,Customer Revenue xPCN Summary,1565,,VisionPlex,screen,Index,1867,6174,__actionKey=6174,,
Sales and CRM,Revenue Reporting,Revenue Analysis by,1021,,VisionPlex,screen,Index,2910,7219,__actionKey=7219,,
Sales and CRM,Revenue Reporting,Revenue Analysis by Period and State,1185,,VisionPlex,screen,Index,2816,7125,__actionKey=7125,,
Sales and CRM,Revenue Reporting,Revenue by Customer Multi-Entity,1613,216966,VisionPlex,screen,Index,1868,6175,__actionKey=6175,,
Sales and CRM,Revenue Reporting,Revenue vs Expense,1026,,VisionPlex,screen,Index,3426,7739,__actionKey=7739,,
Sales and CRM,Sales Commissions Management,Commission by Cost Model,516,,VisionPlex,screen,Index,1767,6074,__actionKey=6074,,
Sales and CRM,Sales Commissions Management,Commission Owed Building Summary,1451,,VisionPlex,screen,Index,2946,7255,__actionKey=7255,,
Sales and CRM,Sales Commissions Management,Commission Report,229,,SalesAndCRM,CommissionReports,Index,4210,9397,,,
Sales and CRM,Sales Commissions Management,Commission Revenue By Invoice,1341,,VisionPlex,screen,Index,1751,6058,__actionKey=6058,,
Sales and CRM,Sales Commissions Management,Incentives Potential Payouts,1340,,VisionPlex,screen,Index,2538,6847,__actionKey=6847,,
Sales and CRM,Sales Commissions Management,Outside Sales Commissions ,1276,,VisionPlex,screen,Index,1957,6264,__actionKey=6264,,
Sales and CRM,Sales Commissions Management,Parts without Commission,605,,VisionPlex,screen,Index,2061,6368,__actionKey=6368,,
Sales and CRM,Sales Commissions Management,Sales for Commissions,1463,,VisionPlex,screen,Index,2140,6447,__actionKey=6447,,
Sales and CRM,Sales Commissions Management,Shipments without Commission Owed,606,,VisionPlex,screen,Index,1900,6207,__actionKey=6207,,
Sales and CRM,Sales Opportunity Management,Opportunity History By Probability,5605,,VisionPlex,screen,Index,3146,7460,__actionKey=7460,,
Sales and CRM,Sales Opportunity Management,Opportunity History By Status,5604,,VisionPlex,screen,Index,3146,7457,__actionKey=7457,,
Sales and CRM,Sales Opportunity Management,Opportunity Leads,266,,SalesAndCRM,OpportunityLeadReport,Index,4606,11276,,,
Sales and CRM,Sales Opportunity Management,Opportunity Linkage,311,,SalesAndCRM,OpportunityLinkageReport,Index,4505,10538,,,
Sales and CRM,Sales Opportunity Management,Opportunity Value Graph,265,,SalesAndCRM,OpportunityValueReport,Index,4616,11347,,,
Sales and CRM,Sales Price Management,Customer Part Prices,1175,,VisionPlex,screen,Index,2137,6444,__actionKey=6444,,
Sales and CRM,Sales Price Management,Customer Prices,1174,,VisionPlex,screen,Index,2871,7180,__actionKey=7180,,
Sales and CRM,Sales Price Management,Price Reports,589,,SalesAndCRM,pricereports,Index,1342,5413,,,
Sales and CRM,Sales Price Management,Primary Prices,1178,,VisionPlex,screen,Index,2895,7204,__actionKey=7204,,
Sales and CRM,Sales Price Management,Shippers With No Prices,1173,,VisionPlex,screen,Index,2138,6445,__actionKey=6445,,
Sales and CRM,Sales Quote Management,Estimating Activities,1262,,VisionPlex,screen,Index,2109,6416,__actionKey=6416,,
Sales and CRM,Sales Quote Management,Part Cost Custom Order BOM,1464,,VisionPlex,screen,Index,2111,6418,__actionKey=6418,,
Sales and CRM,Sales Quote Management,Quote Activity,335,,SalesAndCRM,QuoteReport,ViewQuoteActivityReport,5592,18744,,,
Sales and CRM,Sales Quote Management,Quote Forecast Report,336,,SalesAndCRM,QuoteReport,ViewQuoteForecastReport,5592,18749,,,
Sales and CRM,Sales Quote Management,Quote Forecasts,435,,SalesAndCRM,QuoteReport,ViewQuoteForecast,5592,18754,,,
Sales and CRM,Sales Quote Management,Quote History,1244,,VisionPlex,screen,Index,2107,6414,__actionKey=6414,,
Sales and CRM,Sales Quote Management,Quote to Actual,1255,,VisionPlex,screen,Index,2365,6672,__actionKey=6672,,
Sales and CRM,Sales Quote Management,Quoted Quotes,434,,SalesAndCRM,QuoteReport,QuotesQuoted,5592,18735,,,
Sales and CRM,Sales Quote Management,Quotes by Year,2227,,VisionPlex,screen,Index,2937,7246,__actionKey=7246,,
Sales and CRM,Sales Quote Management,Sales Quote Review,1417,,VisionPlex,screen,Index,2619,6928,__actionKey=6928,,
Sales and CRM,Sales Quote Management,Wins Losses by Part Product Type,1378,,VisionPlex,screen,Index,2108,6415,__actionKey=6415,,
Sales and CRM,Sales Quote Management,Won and Lost Quotes,436,,SalesAndCRM,QuoteReport,ViewQuotesOpenWonLost,5592,18741,,,
Scheduling,Capacity Planning,Capacity Plan Tabular,17539,,Scheduling,capacityplanning,CapacityPlanTabularView,4473,21526,,,
Scheduling,Capacity Planning,Capacity Plan Threshold Detail,424118,,VisionPlex,screen,Index,2478,8741,__actionKey=8741,,
Scheduling,Capacity Planning,Capacity Plan Thresholds,424117,,VisionPlex,screen,Index,2478,6786,__actionKey=6786,,
Scheduling,Finite Scheduling,Finite Scheduling Late Jobs,1335,,VisionPlex,screen,Index,4091,8404,__actionKey=8404,,
Scheduling,Kanban Scheduling,Approved Workcenter Kanban,1337,,VisionPlex,screen,Index,3896,8209,__actionKey=8209,,
Scheduling,Kanban Scheduling,Kanban Racks Extended Summary,6190,,VisionPlex,screen,Index,1706,6013,__actionKey=6013,,
Scheduling,Material Requirements Planning (MRP),Forecast Inventory Availability,1359,,VisionPlex,screen,Index,7397,24143,__actionKey=24143,,
Scheduling,Material Requirements Planning (MRP),Job Material Summary,2341,,VisionPlex,screen,Index,1826,6133,__actionKey=6133,,
Scheduling,Material Requirements Planning (MRP),Material Days On Hand,5128,,VisionPlex,screen,Index,1864,6171,__actionKey=6171,,
Scheduling,Material Requirements Planning (MRP),Material Requirement Planning Demands,5126,,VisionPlex,screen,Index,3247,7559,__actionKey=7559,,
Scheduling,Material Requirements Planning (MRP),MRP Backlog Report,699,,VisionPlex,screen,Index,2933,7242,__actionKey=7242,,
Scheduling,Material Requirements Planning (MRP),MRP Diagnostics,401,216967,VisionPlex,screen,Index,4106,8419,__actionKey=8419,,
Scheduling,Material Requirements Planning (MRP),MRP Forecast Breakdown,5125,,VisionPlex,screen,Index,3176,7487,__actionKey=7487,,
Scheduling,Material Requirements Planning (MRP),MRP Shortages,1357,,VisionPlex,screen,Index,2194,6501,__actionKey=6501,,
Scheduling,Material Requirements Planning (MRP),Purchased Parts Missing Approved Supplier or PO,1232,,VisionPlex,screen,Index,1777,6084,__actionKey=6084,,
Scheduling,Material Requirements Planning (MRP),Run Quantities and Lead Times,611,,VisionPlex,screen,Index,6458,21508,__actionKey=21508,,
Scheduling,Material Requirements Planning (MRP),Supplier Authorization Days,11280,,VisionPlex,screen,Index,2820,7129,__actionKey=7129,,
Scheduling,Material Requirements Planning (MRP),Supplier MRP Recommendations,1239,,VisionPlex,screen,Index,1649,5956,__actionKey=5956,,
Scheduling,Production Requirements Planning (PRP),Capacity Planning (Basic),953,,VisionPlex,screen,Index,2384,6691,__actionKey=6691,,
Scheduling,Production Requirements Planning (PRP),Demand and Supply,2345,,VisionPlex,screen,Index,1779,6086,__actionKey=6086,,
Scheduling,Production Requirements Planning (PRP),Job Quantity Changes By Component,2346,,VisionPlex,screen,Index,2547,6856,__actionKey=6856,,
Scheduling,Production Requirements Planning (PRP),Not Yet Scheduled,2343,,VisionPlex,screen,Index,2011,6318,__actionKey=6318,,
Scheduling,Production Requirements Planning (PRP),Part Requirement Plan Parts Demand,1351,,VisionPlex,screen,Index,2957,7266,__actionKey=7266,,
Scheduling,Production Requirements Planning (PRP),Part Surveillance,146,,Scheduling,PartSurveillance,Index,661,2569,,"Report by Part showing Beginning on Hand (BOH), Demand (Releases) resulting in future projections.",
Scheduling,Production Requirements Planning (PRP),Production Planning Logs,2231,,VisionPlex,screen,Index,2121,6428,__actionKey=6428,,
Scheduling,Production Requirements Planning (PRP),Raw Material Production Capability Assessment,2344,,VisionPlex,screen,Index,3790,8103,__actionKey=8103,,
Security,Change Password,Password Change History,1589,,VisionPlex,screen,Index,1718,6025,__actionKey=6025,,
Security,IP Address Control,Valid IP Address Users,5127,216968,VisionPlex,screen,Index,2403,6710,__actionKey=6710,,
Security,Login History,Login History By IP Address,5021,,VisionPlex,screen,Index,3862,8175,__actionKey=8175,,
Security,Login History,Request Customer Access,5013,,VisionPlex,screen,Index,3283,7595,__actionKey=7595,,
Security,Login History,User Logins,871,,VisionPlex,screen,Index,3974,8287,__actionKey=8287,,
Security,Permission Manager,Security Permissions and Users,1151,,VisionPlex,screen,Index,3786,8099,__actionKey=8099,,
Security,Security Roles,Enterprise Role Mappings,7068,,Security,EnterpriseRoleMember,Index,8047,28393,,,
Security,Security Roles,Enterprise Unauthorized Role Copy,693,,VisionPlex,screen,Index,6771,22606,__actionKey=22606,,
Security,Security Roles,Permission History,2382,,VisionPlex,screen,Index,1694,6001,__actionKey=6001,,
Security,Security Roles,Provisioned Role Actions,17475,,Security,ProvisionedRoles,ViewProvisionedRoleActions,8025,40324,,,
Security,Security Roles,Role Permission History,5061,,VisionPlex,screen,Index,7534,25055,__actionKey=25055,,
Security,Security Roles,Role Privilege Point in Time,7761,,Security,RoleSecurityPointInTime,Index,8168,29235,,,
Security,Security Roles,Role Security Privilege History,7022,,Security,AccessControlHistory,ViewByRole,8034,28313,,,
Security,Security Roles,Security Roles and Permissions by User,58,,Security,SecurityRoleReports,Index,1277,4938,,"A report showing users, their roles, and the permissions in each role.",
Security,Security Roles,User Privilege Point in Time,7810,,Security,UserSecurityPointInTime,Index,8206,29327,,,
Security,Security Roles,User Security Privilege History,7023,,Security,AccessControlHistory,ViewByUser,8034,28314,,,
Security,User Manager,Actual Users,1594,,Security,userreports,ViewActualUsersGrid,1246,9153,,,
Security,User Manager,Employee Customer Access,5030,,VisionPlex,screen,Index,2340,6647,__actionKey=6647,,
Security,User Manager,External User Manager Access History,5012,,VisionPlex,screen,Index,4084,8397,__actionKey=8397,,
Security,User Manager,Forced Password Changes,5011,,VisionPlex,screen,Index,2337,6644,__actionKey=6644,,
Security,User Manager,Password Expiration,5014,,VisionPlex,screen,Index,2336,6643,__actionKey=6643,,
Security,User Manager,Plex User Badge Barcode Style,5016,,VisionPlex,screen,Index,2338,6645,__actionKey=6645,,
Security,User Manager,User Access Across Customers,5104,,VisionPlex,screen,Index,7475,24384,__actionKey=24384,,
Security,User Manager,User Reports,1595,,Security,userreports,Index,1246,5578,,,
Security,Verification,User PIN Configuration,9654,,Security,_,ViewUserPINConfiguration,8533,31616,,,
Shipping,Customer Returns (RMA),Customer Returns Tracking,921,,VisionPlex,screen,Index,2905,7214,__actionKey=7214,,
Shipping,Customer Shipping,Container Labels,1368,,VisionPlex,screen,Index,3828,8141,__actionKey=8141,,
Shipping,Customer Shipping,Customer Part Sales History Summary,1432,,VisionPlex,screen,Index,7384,24120,__actionKey=24120,,
Shipping,Customer Shipping,Customer Ship History,1118,216969,VisionPlex,screen,Index,2713,7022,__actionKey=7022,,
Shipping,Customer Shipping,Customer Shipment Completion Percentage,1476,,Shipping,ShipmentCompletionPercentage,Index,7445,24295,,,
Shipping,Customer Shipping,Customer Shipping History Summary,113,216970,Shipping,StandardShippingHistorySummary,Index,4757,12735,,Shipper History Summary,
Shipping,Customer Shipping,Delivery Performance,268,216971,VisionPlex,screen,Index,3231,7542,__actionKey=7542,,
Shipping,Customer Shipping,Delivery Performance By Customer,705,216972,VisionPlex,screen,Index,3233,7545,__actionKey=7545,,
Shipping,Customer Shipping,Delivery Performance by Part,251,216973,Shipping,DeliveryPerformanceReport,Index,5672,19341,,,
Shipping,Customer Shipping,Delivery Performance Detail,252,216974,Shipping,DeliveryPerformanceReport,ViewDeliveryPerformanceDetail,5672,19359,,,
Shipping,Customer Shipping,Delivery Performance Summary,253,216975,Shipping,DeliveryPerformanceReport,ViewDeliveryPerformanceSummary,5672,19352,,,
Shipping,Customer Shipping,Dock Schedules,2245,,VisionPlex,screen,Index,4010,8323,__actionKey=8323,,
Shipping,Customer Shipping,Dock Scheduling,6196,,VisionPlex,screen,Index,3066,7375,__actionKey=7375,,
Shipping,Customer Shipping,Empty Trucks,1390,,VisionPlex,screen,Index,2961,7270,__actionKey=7270,,
Shipping,Customer Shipping,Expedited Shipments,1377,,VisionPlex,screen,Index,7361,24068,__actionKey=24068,,
Shipping,Customer Shipping,Expedited Shipping,1045,,VisionPlex,screen,Index,2981,7290,__actionKey=7290,,
Shipping,Customer Shipping,Expendable Containers Shipping History,1376,,VisionPlex,screen,Index,3248,7560,__actionKey=7560,,
Shipping,Customer Shipping,Filled Orders By Customer Address,2327,,VisionPlex,screen,Index,1765,6072,__actionKey=6072,,
Shipping,Customer Shipping,Filled Orders By Part,1230,,VisionPlex,screen,Index,1632,5939,__actionKey=5939,,
Shipping,Customer Shipping,Foreign Receipts,1533,,VisionPlex,screen,Index,2030,6337,__actionKey=6337,,
Shipping,Customer Shipping,Freight Cost Summary By Shipper,1494,,VisionPlex,screen,Index,1753,6060,__actionKey=6060,,
Shipping,Customer Shipping,Future Monthly Revenue by Customer,1437,216976,Shipping,monthlyforecast,Index,7438,24278,,,
Shipping,Customer Shipping,Late Shipments,1290,,VisionPlex,screen,Index,7016,23208,__actionKey=23208,,
Shipping,Customer Shipping,Missing Components Report,16316,,VisionPlex,screen,Index,9933,38717,__actionKey=38717,,
Shipping,Customer Shipping,Packaging,461,,VisionPlex,screen,Index,3650,7963,__actionKey=7963,,
Shipping,Customer Shipping,Planned Versus Actual Shippers,1506,,VisionPlex,screen,Index,3021,7330,__actionKey=7330,,
Shipping,Customer Shipping,Release Confirmed Ship Date,909,,VisionPlex,screen,Index,1939,6246,__actionKey=6246,,
Shipping,Customer Shipping,Release Window,1454,,VisionPlex,screen,Index,3652,7965,__actionKey=7965,,
Shipping,Customer Shipping,Revenue by Customer,882,216978,VisionPlex,screen,Index,2786,7095,__actionKey=7095,,
Shipping,Customer Shipping,Revenue by Part,493,,VisionPlex,screen,Index,2594,6903,__actionKey=6903,,
Shipping,Customer Shipping,Revenue Forecast by Part Group,1282,,VisionPlex,screen,Index,3216,7527,__actionKey=7527,,
Shipping,Customer Shipping,Revenue Forecasts,269,,Shipping,RevenueForecastReport,Index,5674,19357,,,
Shipping,Customer Shipping,Revenue Summaries by Account,270,,Shipping,RevenueSummaryByAccountReport,Index,4828,13314,,,
Shipping,Customer Shipping,Revenue Summary by Ship To,395,216977,Shipping,RevenueSummaryByShipToReport,Index,5668,19326,,,
Shipping,Customer Shipping,Scheduled Release Variances,950,,VisionPlex,screen,Index,2238,6545,__actionKey=6545,,
Shipping,Customer Shipping,Ship Dates by Customer Purchase Order,1462,,VisionPlex,screen,Index,3634,7947,__actionKey=7947,,
Shipping,Customer Shipping,Shipment Accums,895,,VisionPlex,screen,Index,6897,22892,__actionKey=22892,,
Shipping,Customer Shipping,Shipment List,1396,,Shipping,ShipmentList,Index,7419,24224,,,
Shipping,Customer Shipping,Shipment Summary By Release Type,1460,,VisionPlex,screen,Index,2739,7048,__actionKey=7048,,
Shipping,Customer Shipping,Shipments by Date Range,1433,,VisionPlex,screen,Index,3367,7679,__actionKey=7679,,
Shipping,Customer Shipping,Shipments By Location,1405,,Shipping,shipmentsbylocation,Index,7424,24239,,,
Shipping,Customer Shipping,Shipped Container Integrity,1283,,VisionPlex,screen,Index,2237,6544,__actionKey=6544,,
Shipping,Customer Shipping,Shipped Containers,1281,,VisionPlex,screen,Index,3599,7912,__actionKey=7912,,
Shipping,Customer Shipping,Shipped Part Price Tracking,951,,VisionPlex,screen,Index,1502,5807,__actionKey=5807,,
Shipping,Customer Shipping,Shipped Pieces by Customer Part,898,216979,VisionPlex,screen,Index,6838,22746,__actionKey=22746,,
Shipping,Customer Shipping,Shipped Release Scheduled Versus Shipped Quantity,1429,,VisionPlex,screen,Index,3118,7428,__actionKey=7428,,
Shipping,Customer Shipping,Shipped Units Daily by Part Group,384,,Shipping,ShippedUnitsDailyByPartGroupReport,Index,4761,12759,,,
Shipping,Customer Shipping,Shipped Weights by Part,1435,,VisionPlex,screen,Index,7390,24284,__actionKey=24284,,
Shipping,Customer Shipping,Shipper Container FIFO Overrides,9405,,VisionPlex,screen,Index,8628,31232,__actionKey=31232,,
Shipping,Customer Shipping,Shipper Container Quality Trace,1284,,VisionPlex,screen,Index,3612,7925,__actionKey=7925,,
Shipping,Customer Shipping,Shipper Container Trace,1590,,Shipping,ShipperTraceReport,Index,7489,24422,,,
Shipping,Customer Shipping,Shipper Details,894,,VisionPlex,screen,Index,2160,6467,__actionKey=6467,,
Shipping,Customer Shipping,Shipper EDI Lot Information,1455,,VisionPlex,screen,Index,2234,6541,__actionKey=6541,,
Shipping,Customer Shipping,Shipper History,1600,216981,VisionPlex,screen,Index,2468,6776,__actionKey=6776,,
Shipping,Customer Shipping,Shipper History Summary by Part Group,1470,216980,Shipping,ShipperHistorySummaryByPartGroup,Index,7451,24306,,,
Shipping,Customer Shipping,Shippers,869,,VisionPlex,screen,Index,2239,6546,__actionKey=6546,,
Shipping,Customer Shipping,Shippers Missing Invoices,1431,216982,VisionPlex,screen,Index,3121,7431,__actionKey=7431,,
Shipping,Customer Shipping,Shipping Backlog,890,,VisionPlex,screen,Index,2068,6375,__actionKey=6375,,
Shipping,Customer Shipping,Shipping History by Part,893,216983,VisionPlex,screen,Index,6857,22785,__actionKey=22785,,
Shipping,Customer Shipping,Shipping History by Part and Shipper,877,,VisionPlex,screen,Index,2947,7256,__actionKey=7256,,
Shipping,Customer Shipping,Shipping History Container Detail,703,216984,VisionPlex,screen,Index,2233,6540,__actionKey=6540,,
Shipping,Customer Shipping,Shipping History Containers by Shelf Date,1375,,VisionPlex,screen,Index,2235,6542,__actionKey=6542,,
Shipping,Customer Shipping,Shipping History Offal By Part,1374,,VisionPlex,screen,Index,2164,6471,__actionKey=6471,,
Shipping,Customer Shipping,Shipping Outlook,1430,,VisionPlex,screen,Index,1912,6219,__actionKey=6219,,
Shipping,Customer Shipping,Shipping Revenue,394,,Shipping,ShippingRevenueReport,Index,4896,13933,,,
Shipping,Customer Shipping,Shipping Revenue by Part,271,,Shipping,ShippingRevenueByPartReport,Index,5690,19417,,,
Shipping,Customer Shipping,Shipping Revenue by Part and Year,272,,Shipping,ShippingRevenueByPartReport,ViewReportShippingRevenueByPartPivotYear,5690,19433,,,
Shipping,Customer Shipping,Shipping Revenue by Part Group,342,216987,Shipping,ShippingRevenueByPartGroupReport,Index,5661,19287,,,
Shipping,Customer Shipping,Transport Modes,925,,VisionPlex,screen,Index,7021,23248,__actionKey=23248,,
Shipping,Customer Shipping,Truck Carrier Information,1458,,VisionPlex,screen,Index,2232,6539,__actionKey=6539,,
Shipping,Customer Shipping,Truck Cube Sizes,1465,,VisionPlex,screen,Index,3934,8247,__actionKey=8247,,
Shipping,Customer Shipping,Truck Export,8177,,VisionPlex,screen,Index,8397,29829,__actionKey=29829,,
Shipping,Customer Shipping,Truck Pick List,1296,,VisionPlex,screen,Index,1994,6301,__actionKey=6301,,
Shipping,Customer Shipping,Truck Ship Error Check,23846,,VisionPlex,screen,Index,10546,43465,__actionKey=43465,,
Shipping,Customer Shipping,Truck Shipping Schedule,2244,,VisionPlex,screen,Index,4024,8337,__actionKey=8337,,
Shipping,Customer Shipping,Truck Weight Planning,1452,,VisionPlex,screen,Index,2018,6325,__actionKey=6325,,
Shipping,Customer Shipping,Unpriced Shippers,1473,,VisionPlex,screen,Index,1452,5757,__actionKey=5757,,
Shipping,Customer Shipping,Visual Shipping Status,1352,,VisionPlex,screen,Index,4055,8368,__actionKey=8368,,
Shipping,Customer Shipping,Where Used Material Requirements,2283,,VisionPlex,screen,Index,1937,6244,__actionKey=6244,,
Shipping,Inter-plant Transfers,Interplant Shipments,1279,216988,VisionPlex,screen,Index,1978,6285,__actionKey=6285,,
Shipping,Inter-plant Transfers,Interplant Shipped Versus Received,393,216989,VisionPlex,screen,Index,1717,6024,__actionKey=6024,,
Shipping,Shipping Labels,Current State HTML Labels Usage Report,10934,,VisionPlex,screen,Index,9037,33129,__actionKey=33129,,
Shipping,Shipping Labels,Pre-Print Part Labels Summary,5933,,VisionPlex,screen,Index,7394,26149,__actionKey=26149,,
Shipping,Subcontract Shipping and Receiving,Overdue From Processor,1336,216985,VisionPlex,screen,Index,3803,8116,__actionKey=8116,,
Shipping,Subcontract Shipping and Receiving,Send to Subcontract Planning Report,1020,216986,VisionPlex,screen,Index,3069,7378,__actionKey=7378,,
Warehouse Management,Directed Putaway,Zone Locations Utilization,1263,,VisionPlex,screen,Index,3143,7454,__actionKey=7454,,