DataSourceKey,DataSourceName,StoredProcedureName,DataSourceType,DatabaseName,ModuleGroup,ModuleName,InputCount,OutputCount,ReadRowLimit,GlobalAllow,SelfServiceable,Description,AddDate,UpdateDate
230486,Container_Label_Print (API),,API Plugin,,Inventory,Inventory Tracking,3,2,1000,true,1,,2019-01-24T18:50:11.93Z,2024-07-19T06:11:30.57Z
231084,Customer_Date_UTC_Get (API),,API Plugin,,Platform,Web Services,1,1,1000,true,1,,2019-05-20T15:45:20.06Z,
230487,Master_Unit_Label_Print (API),,API Plugin,,Inventory,Master Units,1,1,1000,true,1,,2019-01-24T18:50:11.94Z,
434,Account_Balances_by_Periods_Get (Accounting),Account_Balances_by_Periods_Get,Stored Procedure,Accounting,Accounting,General Ledger,16,18,15000,true,1,,2014-01-16T19:13:01.303Z,2018-09-18T15:06:53.757Z
48,Account_Get (Accounting),Account_Get,Stored Procedure,Accounting,Accounting,General Ledger,2,19,1000,true,1,,2014-02-01T05:00:00Z,2015-09-04T17:39:37.523Z
3187,Account_Nos_Get (Accounting),Account_Nos_Get,Stored Procedure,Accounting,Accounting,General Ledger,6,5,3000,true,1,,2014-06-11T15:41:02.06Z,2016-03-22T16:55:42.423Z
6834,Accounting_Job_Add_Update (Accounting),Accounting_Job_Add_Update,Stored Procedure,Accounting,Accounting,Project Accounting,41,4,1000,true,1,,2014-10-01T13:18:57.19Z,2021-04-14T18:52:22.26Z
19143,Accounting_Job_All_Fields_Get (Accounting),Accounting_Job_All_Fields_Get,Stored Procedure,Accounting,Accounting,Project Accounting,1,26,1000,true,1,,2015-09-04T17:43:12.1Z,
13825,Accounting_Job_AP_Manual_Invoices_Get (Accounting),Accounting_Job_AP_Manual_Invoices_Get,Stored Procedure,Accounting,Accounting,Project Accounting,1,12,1000,true,1,,2015-05-20T09:24:48.907Z,2015-09-04T18:00:28.747Z
13824,Accounting_Job_AP_Received_Get (Accounting),Accounting_Job_AP_Received_Get,Stored Procedure,Accounting,Accounting,Project Accounting,1,19,5000,true,1,,2015-05-20T09:10:18.65Z,2015-12-21T21:04:09.023Z
18268,Accounting_Job_Budget_Summary_Get (Accounting),Accounting_Job_Budget_Summary_Get,Stored Procedure,Accounting,Accounting,Project Accounting,2,6,1000,true,1,,2015-09-04T17:31:13.557Z,
20116,Accounting_Job_Cost_Type_Type_Budget_Report_Get (Accounting),Accounting_Job_Cost_Type_Type_Budget_Report_Get,Stored Procedure,Accounting,Accounting,Project Accounting,6,16,1000,true,1,,2015-09-04T18:03:24.01Z,2021-03-22T23:40:56.913Z
13996,Accounting_Job_Costs_Get (Accounting),Accounting_Job_Costs_Get,Stored Procedure,Accounting,Accounting,Project Accounting,9,14,1000,true,1,,2015-06-01T19:13:59.507Z,2015-09-04T18:06:20.957Z
3190,Accounting_Job_Get (Accounting),Accounting_Job_Get,Stored Procedure,Accounting,Accounting,Project Accounting,1,60,1000,true,1,,2014-06-13T15:54:02.523Z,2015-09-04T17:53:20.423Z
13828,Accounting_Job_GL_Journals_Get (Accounting),Accounting_Job_GL_Journals_Get,Stored Procedure,Accounting,Accounting,Project Accounting,1,9,1000,true,1,,2015-05-20T09:35:45.843Z,2015-09-04T18:00:29.2Z
14584,Accounting_Job_Key_Get (Accounting),Accounting_Job_Key_Get,Stored Procedure,Accounting,Accounting,Project Accounting,1,1,1000,true,1,,2015-07-31T11:53:37.347Z,
1016,Accounting_Job_Nos_Picker_Get (Accounting),Accounting_Job_Nos_Picker_Get,Stored Procedure,Accounting,Accounting,Project Accounting,3,9,1000,true,1,,2014-02-27T15:31:12.46Z,2015-09-04T16:44:19.687Z
2815,Accounting_Job_Picker_Get (Accounting),Accounting_Job_Picker_Get,Stored Procedure,Accounting,Accounting,Project Accounting,3,9,1000,true,1,,2014-05-23T12:35:52.46Z,2015-09-04T20:17:53.67Z
2014,Accounting_Job_Projects_Picker_Get (Accounting),Accounting_Job_Projects_Picker_Get,Stored Procedure,Accounting,Accounting,Project Accounting,2,3,1000,true,1,,2014-04-09T20:24:08.743Z,2015-09-04T16:45:10.033Z
6647,Accounting_Job_Type_Default_Get (Accounting),Accounting_Job_Type_Default_Get,Stored Procedure,Accounting,Accounting,Project Accounting,0,2,1000,true,1,,2014-09-25T10:33:12.597Z,2014-09-25T10:33:49.76Z
22374,Accounting_Jobs_Budget_Expense_Summary_Get (Accounting),Accounting_Jobs_Budget_Expense_Summary_Get,Stored Procedure,Accounting,Accounting,Project Accounting,11,15,1000,true,1,,2015-09-04T18:24:15.497Z,
533,Accounting_Jobs_Get (Accounting),Accounting_Jobs_Get,Stored Procedure,Accounting,Accounting,Project Accounting,22,25,1000,true,1,,2014-02-07T13:46:06.947Z,2024-03-20T18:27:55.5Z
240080,AP_Automation_Get (Accounting),AP_Automation_Get,Stored Procedure,Accounting,Accounting,Plex AP Automation,0,10,1000,true,0,,2026-07-28T09:03:22.61Z,2026-07-28T09:09:30.037Z
198,AP_Check_Run_Picker_Get (Accounting),AP_Check_Run_Picker_Get,Stored Procedure,Accounting,Accounting,Accounts Payable,0,8,1000,true,1,,2013-12-04T22:40:31.253Z,2023-02-24T10:23:57.69Z
685,AP_Check_Update (Accounting),AP_Check_Update,Stored Procedure,Accounting,Accounting,Accounts Payable,10,0,1000,true,1,,2014-02-17T18:29:20.86Z,2022-12-13T13:39:20.683Z
202,AP_Checks_Get (Accounting),AP_Checks_Get,Stored Procedure,Accounting,Accounting,Accounts Payable,30,61,5000,true,1,,2013-12-04T22:40:31.68Z,2020-06-05T15:29:51.937Z
19388,AP_Checks_Get_w_Invoice_w_Bank_Info (Accounting),AP_Checks_Get_w_Invoice_w_Bank_Info,Stored Procedure,Accounting,Accounting,Accounts Payable,21,63,1000,true,1,,2015-09-04T17:52:53.84Z,
19441,AP_Checks_Get_wo_Invoice_w_Bank_Info (Accounting),AP_Checks_Get_wo_Invoice_w_Bank_Info,Stored Procedure,Accounting,Accounting,Accounts Payable,20,45,1000,true,1,,2015-09-04T17:53:29.65Z,
21197,AP_Invoice_Dist_Add_Simple (Accounting),AP_Invoice_Dist_Add_Simple,Stored Procedure,Accounting,Accounting,Accounts Payable,6,3,1000,true,1,,2015-09-04T18:10:09.27Z,
1127,AP_Invoice_Dist_Get (Accounting),AP_Invoice_Dist_Get,Stored Procedure,Accounting,Accounting,Accounts Payable,2,44,1000,true,1,,2014-03-05T23:17:23.383Z,2022-03-30T21:15:34.673Z
1129,AP_Invoice_Get (Accounting),AP_Invoice_Get,Stored Procedure,Accounting,Accounting,Accounts Payable,1,78,1000,true,1,,2014-03-05T22:54:21.523Z,2020-01-21T21:45:43.48Z
19479,AP_Invoice_With_PO_Get (Accounting),AP_Invoice_With_PO_Get,Stored Procedure,Accounting,Accounting,Accounts Payable,36,33,1000,true,1,,2015-09-04T17:54:29.51Z,2024-09-18T06:00:24.31Z
21324,AP_Invoices_for_Created_Date_Get (Accounting),AP_Invoices_for_Created_Date_Get,Stored Procedure,Accounting,Accounting,Accounts Payable,8,34,5000,true,1,,2015-09-04T18:10:58.207Z,2017-07-12T17:54:37.56Z
226,AP_Invoices_Grid_Get (Accounting),AP_Invoices_Grid_Get,Stored Procedure,Accounting,Accounting,Accounts Payable,13,42,1000,true,1,,2013-12-05T14:01:12.69Z,2026-03-26T05:31:19.94Z
3000,AP_Invoices_Grid_Get_F5 (Accounting),AP_Invoices_Grid_Get_F5,Stored Procedure,Accounting,Accounting,Accounts Payable,13,49,10000,true,1,,2014-05-30T13:35:06.55Z,2026-04-08T12:03:20.24Z
465,AR_Check_Add (Accounting),AR_Check_Add,Stored Procedure,Accounting,Accounting,Accounts Receivable,0,1,1000,true,1,,2014-01-20T20:40:25.393Z,2024-10-29T11:17:09.907Z
19873,AR_Customer_Invoices_Get (Accounting),AR_Customer_Invoices_Get,Stored Procedure,Accounting,Accounting,Accounts Receivable,10,20,1000,true,1,,2015-09-04T17:59:08.233Z,2024-06-05T14:57:45.16Z
1098,AR_Invoice_Add_Simple (Accounting),AR_Invoice_Add_Simple,Stored Procedure,Accounting,Accounting,Accounts Receivable,6,1,1000,true,1,,2014-03-04T16:25:18.733Z,2024-12-10T14:02:05.953Z
21196,AR_Invoice_Dist_Add_Simple (Accounting),AR_Invoice_Dist_Add_Simple,Stored Procedure,Accounting,Accounting,Accounts Receivable,5,3,1000,true,1,,2015-09-04T18:10:09.16Z,2024-08-21T18:07:04.903Z
735,AR_Invoice_Dist_Get (Accounting),AR_Invoice_Dist_Get,Stored Procedure,Accounting,Accounting,Accounts Receivable,3,36,1000,true,1,,2014-02-19T16:59:15.66Z,2016-05-13T20:00:08.137Z
14742,AR_Invoice_Factura_ATEB_Get (Accounting),AR_Invoice_Factura_ATEB_Get,Stored Procedure,Accounting,Accounting,Accounts Receivable,8,96,10000,true,1,,2015-08-19T19:32:18.943Z,2019-08-09T09:14:58.92Z
313,AR_Invoice_Get (Accounting),AR_Invoice_Get,Stored Procedure,Accounting,Accounting,Accounts Receivable,3,101,1000,true,1,,2013-12-19T16:15:10.64Z,2026-01-22T06:48:39.847Z
23046,AR_Invoice_Lines_Restore (Accounting),AR_Invoice_Lines_Restore,Stored Procedure,Accounting,Accounting,Accounts Receivable,1,2,1000,true,1,,2015-09-04T18:33:12.12Z,2024-10-24T18:59:21.143Z
22022,AR_Invoice_Link_Get (Accounting),AR_Invoice_Link_Get,Stored Procedure,Accounting,Accounting,Accounts Receivable,1,2,1000,true,1,,2015-09-04T18:17:37.21Z,
15832,AR_Invoice_Print_01_Lines_Get (Accounting),AR_Invoice_Print_01_Lines_Get,Stored Procedure,Accounting,Accounting,Accounts Receivable,1,14,1000,true,1,,2015-09-04T16:44:09.457Z,
7450,AR_Invoice_Print_History_Get (Accounting),AR_Invoice_Print_History_Get,Stored Procedure,Accounting,Accounting,Accounts Receivable,1,7,1000,true,1,,2014-10-24T11:47:52.133Z,2015-09-04T18:10:01.85Z
23047,AR_Invoice_Status_Update (Accounting),AR_Invoice_Status_Update,Stored Procedure,Accounting,Accounting,Accounts Receivable,2,2,1000,true,1,,2015-09-04T18:33:12.203Z,
240,AR_Invoice_Statuses_Get (Accounting),AR_Invoice_Statuses_Get,Stored Procedure,Accounting,Accounting,Accounts Receivable,4,3,1000,true,1,,2013-12-05T14:05:53.06Z,2020-11-04T15:52:19.293Z
4801,AR_Invoice_Type_Remit_Tos_Get (Accounting),AR_Invoice_Type_Remit_Tos_Get,Stored Procedure,Accounting,Accounting,Accounts Receivable,2,4,1000,true,1,,2014-08-06T11:46:09.137Z,2015-09-04T17:29:01.743Z
1143,AR_Invoice_Update (Accounting),AR_Invoice_Update,Stored Procedure,Accounting,Accounting,Accounts Receivable,35,0,1000,true,1,,2014-03-05T18:42:10.61Z,2023-06-15T22:16:59.557Z
21287,AR_Invoices_for_Created_Date_Get (Accounting),AR_Invoices_for_Created_Date_Get,Stored Procedure,Accounting,Accounting,Accounts Receivable,7,48,5000,true,1,,2015-09-04T18:10:51.23Z,2024-04-17T09:59:51.66Z
21980,AR_Invoices_for_Created_Date_Summary_Get (Accounting),AR_Invoices_for_Created_Date_Summary_Get,Stored Procedure,Accounting,Accounting,Accounts Receivable,6,31,1000,true,1,,2015-09-04T18:17:22.803Z,
238,AR_Invoices_Get_Routed_All (Accounting),AR_Invoices_Get_Routed_All,Stored Procedure,Accounting,Accounting,Accounts Receivable,44,55,1000,true,1,,2013-12-05T14:05:51.66Z,2025-09-16T10:11:58.45Z
5144,AR_Invoices_Picker_Get (Accounting),AR_Invoices_Picker_Get,Stored Procedure,Accounting,Accounting,Accounts Receivable,5,9,1000,true,1,Note: This data source should not be used on a VisionPlex screen that is accessible by customer users.,2014-08-14T11:08:03.293Z,2019-12-19T17:34:59.793Z
22077,AR_Invoices_PO_Part_Summarized_Get (Accounting),AR_Invoices_PO_Part_Summarized_Get,Stored Procedure,Accounting,Accounting,Accounts Receivable,8,60,1000,true,1,,2015-09-04T18:17:50.503Z,2019-08-09T09:31:18Z
6327,AR_Invoices_Print_Format_31_Invoices_Get (Accounting),AR_Invoices_Print_Format_31_Invoices_Get,Stored Procedure,Accounting,Accounting,Accounts Receivable,2,72,1000,true,1,,2014-09-15T14:52:16.37Z,2021-04-07T13:02:39.057Z
6328,AR_Invoices_Print_Format_31_Lines_Get (Accounting),AR_Invoices_Print_Format_31_Lines_Get,Stored Procedure,Accounting,Accounting,Accounts Receivable,16,32,1000,true,1,,2014-09-15T14:56:00.56Z,2020-03-26T18:47:04.267Z
16426,AR_Invoices_Retroactive_and_Original_Summary_Get (Accounting),AR_Invoices_Retroactive_and_Original_Summary_Get,Stored Procedure,Accounting,Accounting,Accounts Receivable,10,17,1000,true,1,,2015-09-04T17:02:51.82Z,2016-10-20T17:23:45.307Z
15297,AR_Invoices_Shipment_Detail_Get (Accounting),AR_Invoices_Shipment_Detail_Get,Stored Procedure,Accounting,Accounting,Accounts Receivable,3,28,1000,true,1,,2015-09-04T16:39:13.793Z,2015-09-04T20:18:27.48Z
27481,Budget_Upload_Create (Accounting),Budget_Upload_Create,Stored Procedure,Accounting,Accounting,Budgeting,16,3,1000,true,1,,2016-03-22T15:53:01.893Z,2016-03-22T16:03:53.753Z
21969,Budget_Version_Add (Accounting),Budget_Version_Add,Stored Procedure,Accounting,Accounting,Budgeting,3,1,1000,true,1,,2015-09-04T18:17:20.957Z,2016-11-08T21:56:37.48Z
6171,Consolidation_Groups_Get (Accounting),Consolidation_Groups_Get,Stored Procedure,Accounting,Accounting,Consolidated Accounting Reporting,1,2,1000,true,0,,2014-09-11T09:27:25.713Z,2015-09-04T17:11:57.23Z
19037,Customer_Revenue_Range_Detail_Get (Accounting),Customer_Revenue_Range_Detail_Get,Stored Procedure,Accounting,Sales and CRM,Revenue Reporting,3,5,1000,true,1,,2015-09-04T17:40:42.743Z,
15227,Customers_Credit_Detail_Get (Accounting),Customers_Credit_Detail_Get,Stored Procedure,Accounting,Sales and CRM,Customer Master Data Management,4,13,1000,true,1,,2015-09-04T16:38:19.96Z,2018-06-27T13:08:03.463Z
310,GL_Journal_Get (Accounting),GL_Journal_Get,Stored Procedure,Accounting,Accounting,General Ledger,1,42,1000,true,1,,2013-12-17T15:12:45.657Z,2020-06-17T17:57:54.853Z
315,GL_Journal_Update (Accounting),GL_Journal_Update,Stored Procedure,Accounting,Accounting,General Ledger,18,1,1000,true,1,,2013-12-19T17:26:17Z,2023-07-25T17:26:34.69Z
256,GL_Journals_Get (Accounting),GL_Journals_Get,Stored Procedure,Accounting,Accounting,General Ledger,18,18,1000,true,1,,2013-12-05T23:48:24.683Z,2023-06-14T23:12:08.803Z
14058,Lockbox_Deposit_Add (Accounting),Lockbox_Deposit_Add,Stored Procedure,Accounting,Accounting,Accounts Receivable,6,1,1000,true,1,,2015-06-08T07:16:17.283Z,2015-06-08T07:19:02.897Z
214,Period_Next_Get (Accounting),Period_Next_Get,Stored Procedure,Accounting,Accounting,General Ledger,1,5,1000,true,1,,2013-12-04T23:01:51.98Z,2018-09-18T15:06:53.757Z
342,Periods_Get (Accounting),Periods_Get,Stored Procedure,Accounting,Accounting,General Ledger,1,14,1000,true,1,,2013-12-26T20:14:11.223Z,2018-09-18T15:06:53.757Z
78,Periods_Super_Picker_Get (Accounting),Periods_Super_Picker_Get,Stored Procedure,Accounting,Accounting,General Ledger,2,4,1000,true,1,,2013-10-29T16:27:56.313Z,2015-09-04T20:17:53.763Z
14060,Remittance_Line_Lockbox_Add (Accounting),Remittance_Line_Lockbox_Add,Stored Procedure,Accounting,Accounting,Accounts Receivable,4,1,1000,true,1,,2015-06-08T07:23:05.427Z,2016-10-27T21:33:50.183Z
14059,Remittance_Lockbox_Add (Accounting),Remittance_Lockbox_Add,Stored Procedure,Accounting,Accounting,Accounts Receivable,9,1,1000,true,1,,2015-06-08T07:21:42.177Z,2015-06-08T07:22:29.763Z
213,Standards_Account_Get (Accounting),Standards_Account_Get,Stored Procedure,Accounting,Accounting,General Ledger,2,4,1000,true,1,,2013-12-04T23:01:51.88Z,2018-09-18T15:06:53.757Z
240098,Supplier_Invoice_Processing_Get (Accounting),Supplier_Invoice_Processing_Get,Stored Procedure,Accounting,Accounting,Plex AP Automation,0,0,1000,true,0,,2026-08-04T11:32:04.57Z,
239079,External_Print_Document_Available_Contexts_With_Identities_Get (Cloud),External_Print_Document_Available_Contexts_With_Identities_Get,Stored Procedure,Cloud,Platform,XSLT Printing,4,10,1000,true,1,,2025-06-30T15:22:45.023Z,2025-07-22T09:53:56.807Z
239081,External_Print_Document_Available_Identity_Types_Get (Cloud),External_Print_Document_Available_Identity_Types_Get,Stored Procedure,Cloud,Platform,XSLT Printing,2,2,1000,true,1,,2025-06-30T15:43:00.903Z,2025-06-30T15:44:37.163Z
239080,External_Print_Document_Context_Datasource_Delete (Cloud),External_Print_Document_Context_Datasource_Delete,Stored Procedure,Cloud,Platform,XSLT Printing,1,1,1000,true,1,,2025-06-30T15:41:32.65Z,2025-06-30T15:42:19.387Z
239078,External_Print_Document_Identities_Get (Cloud),External_Print_Document_Identities_Get,Stored Procedure,Cloud,Platform,XSLT Printing,1,3,1000,true,1,,2025-06-30T15:17:57.457Z,2025-06-30T15:19:41.523Z
239082,External_Print_Document_Identity_Type_Add (Cloud),External_Print_Document_Identity_Type_Add,Stored Procedure,Cloud,Platform,XSLT Printing,2,1,1000,true,1,,2025-06-30T15:45:30.04Z,2025-06-30T15:46:58.96Z
239083,External_Print_Document_Identity_Type_Delete (Cloud),External_Print_Document_Identity_Type_Delete,Stored Procedure,Cloud,Platform,XSLT Printing,2,1,1000,true,1,,2025-06-30T15:47:58.243Z,2025-06-30T15:49:11.537Z
28,Address_Get (Common),Address_Get,Stored Procedure,Common,Sales and CRM,Customer Master Data Management,3,217,1000,true,1,,2014-02-01T05:00:00Z,2021-07-27T17:57:53.087Z
20225,Area_Departments_List_Get (Common),Area_Departments_List_Get,Stored Procedure,Common,Management,Area List,1,1,1000,true,1,,2015-09-04T18:04:10.117Z,2015-09-04T18:08:12.897Z
6601,Banks_Get (Common),Banks_Get,Stored Procedure,Common,Accounting,Bank Reconciliation,4,9,1000,true,1,,2014-09-24T14:45:45.34Z,2015-09-04T17:35:53Z
19222,Building_Codes_By_Building_Keys_Picker_Get (Common),Building_Codes_By_Building_Keys_Picker_Get,Stored Procedure,Common,Management,Building List,1,4,1000,true,1,,2015-09-04T17:43:51.463Z,
857,Building_Get (Common),Building_Get,Stored Procedure,Common,Management,Building List,2,62,1000,true,1,,2014-02-26T15:14:14.773Z,2020-06-29T15:37:49.827Z
7437,Building_Groups_Get (Common),Building_Groups_Get,Stored Procedure,Common,Management,Building List,1,3,1000,true,1,,2014-10-24T08:47:34.68Z,2015-09-04T17:27:38.54Z
840,Building_Picker (Common),Building_Picker,Stored Procedure,Common,Management,Building List,3,4,1000,true,1,,2014-02-21T19:33:18.44Z,2015-09-04T20:18:14.607Z
1000,Building_Types_Get (Common),Building_Types_Get,Stored Procedure,Common,Management,Building List,0,2,1000,true,1,,2014-02-26T17:15:34.33Z,2015-09-04T20:18:31.497Z
167,Buildings_Get (Common),Buildings_Get,Stored Procedure,Common,Management,Building List,5,23,1000,true,1,,2013-12-02T01:14:56.62Z,2015-09-04T20:17:42.933Z
1331,Buildings_List_Get (Common),Buildings_List_Get,Stored Procedure,Common,Management,Building List,2,2,1000,true,1,,2014-03-13T15:57:57.857Z,2015-09-04T20:18:37.137Z
2016,Buildings_Picker_Get (Common),Buildings_Picker_Get,Stored Procedure,Common,Management,Building List,2,4,1000,true,1,,2014-04-09T11:38:31.153Z,2018-04-27T17:52:44.273Z
334,Carriers_Get (Common),Carriers_Get,Stored Procedure,Common,Purchasing,Supplier Master Data Management,7,12,1000,true,1,,2013-12-20T17:47:17.913Z,2018-09-18T15:06:53.757Z
14782,Container_Cost_Summary_V2_Get (Common),Container_Cost_Summary_V2_Get,Stored Procedure,Common,Costing,Actual Costing,1,15,1000,true,1,,2015-08-25T13:52:29.583Z,2015-09-04T18:09:51.18Z
21165,Container_Trace_BOM_Get (Common),Container_Trace_BOM_Get,Stored Procedure,Common,Inventory,Advanced Inventory Traceability-Product Genealogy,1,10,1000,true,1,,2015-09-04T18:10:03.823Z,
18247,Cost_Labor_Variance_Get (Common),Cost_Labor_Variance_Get,Stored Procedure,Common,Costing,Actual Costing,8,19,1000,true,1,,2015-09-04T17:31:09.037Z,
22977,Cost_Types_And_Sub_Types_Picker_Get (Common),Cost_Types_And_Sub_Types_Picker_Get,Stored Procedure,Common,Costing,Cost Setup,2,6,1000,true,1,,2015-09-04T18:32:20.597Z,
21202,Cost_Workcenter_Summary_Get (Common),Cost_Workcenter_Summary_Get,Stored Procedure,Common,Costing,Actual Costing,6,9,1000,true,1,,2015-09-04T18:10:10.257Z,
168,Costs_Get2 (Common),Costs_Get2,Stored Procedure,Common,Costing,Actual Costing,25,52,1000,true,1,,2013-12-02T02:20:24.037Z,2019-06-27T15:58:00.753Z
270,Countries_Get (Common),Countries_Get,Stored Procedure,Common,Sales and CRM,Customer Master Data Management,4,4,1000,true,1,,2013-12-11T22:16:22.9Z,2018-09-18T15:06:53.757Z
40,Countries_Picker_Get (Common),Countries_Picker_Get,Stored Procedure,Common,Sales and CRM,Customer Master Data Management,4,3,1000,true,1,,2014-02-01T05:00:00Z,2018-09-18T15:06:53.757Z
18908,Country_Codes_Get (Common),Country_Codes_Get,Stored Procedure,Common,Sales and CRM,Customer Master Data Management,2,5,1000,true,1,,2015-09-04T17:38:43.63Z,
5292,Currency_Exchange_Add (Common),Currency_Exchange_Add,Stored Procedure,Common,Accounting,General Ledger,6,2,1000,true,1,,2014-08-18T18:01:42.16Z,2016-12-02T22:20:36.107Z
5291,Currency_Exchanges_Get (Common),Currency_Exchanges_Get,Stored Procedure,Common,Accounting,General Ledger,2,20,1000,true,1,,2014-08-18T18:01:17.98Z,2016-10-04T18:53:51.08Z
366,Customer_Add_Simple (Common),Customer_Add_Simple,Stored Procedure,Common,Sales and CRM,Customer Master Data Management,71,2,1000,true,1,,2014-01-13T17:19:27.9Z,2023-06-13T16:59:25.69Z
9681,Customer_Address_Add (Common),Customer_Address_Add,Stored Procedure,Common,Sales and CRM,Customer Master Data Management,28,2,1000,true,1,,2015-01-08T16:20:01.563Z,2015-09-04T17:26:10.117Z
2577,Customer_Address_By_Key_Get (Common),Customer_Address_By_Key_Get,Stored Procedure,Common,Sales and CRM,Customer Master Data Management,7,34,1000,true,1,,2014-05-13T15:28:15.57Z,2015-09-04T18:16:32.393Z
6501,Customer_Address_Code_Get (Common),Customer_Address_Code_Get,Stored Procedure,Common,Sales and CRM,Customer Master Data Management,2,2,1000,true,1,,2014-09-19T11:42:06.207Z,2015-09-04T18:16:32.44Z
17694,Customer_Address_Default_Billtos_Get (Common),Customer_Address_Default_Billtos_Get,Stored Procedure,Common,Sales and CRM,Customer Master Data Management,1,15,1000,true,1,,2015-09-04T17:24:11.19Z,
5524,Customer_Address_Filtered_Get (Common),Customer_Address_Filtered_Get,Stored Procedure,Common,Sales and CRM,Customer Master Data Management,13,34,1000,true,1,,2014-08-22T13:41:21.523Z,2023-06-13T17:18:38.747Z
18357,Customer_Address_From_Values_Add_Update (Common),Customer_Address_From_Values_Add_Update,Stored Procedure,Common,Sales and CRM,Customer Master Data Management,32,5,1000,true,1,,2015-09-04T17:31:41.867Z,2019-11-14T14:33:48.487Z
2578,Customer_Address_Get (Common),Customer_Address_Get,Stored Procedure,Common,Sales and CRM,Customer Master Data Management,8,44,5000,true,1,,2014-05-13T15:28:15.59Z,2023-06-14T20:07:27.587Z
5241,Customer_Address_Picker_Ship_To_Get (Common),Customer_Address_Picker_Ship_To_Get,Stored Procedure,Common,Sales and CRM,Customer Master Data Management,3,20,1000,true,1,,2014-08-15T14:13:32.457Z,2019-02-25T16:20:18.27Z
7031,Customer_Address_Select_List_Get (Common),Customer_Address_Select_List_Get,Stored Procedure,Common,Sales and CRM,Customer Master Data Management,3,3,1000,true,1,,2014-10-08T11:13:33.483Z,2016-04-19T16:24:38.113Z
16157,Customer_Address_Upload (Common),Customer_Address_Upload,Stored Procedure,Common,Sales and CRM,Customer Master Data Management,73,0,1000,true,1,,2015-09-04T16:51:50.687Z,2019-01-31T14:54:07.013Z
10202,Customer_Address2_Get (Common),Customer_Address2_Get,Stored Procedure,Common,Sales and CRM,Customer Master Data Management,7,41,1000,true,1,,2015-01-22T13:26:22.02Z,2015-09-04T20:18:29.123Z
3242,Customer_Addresses_All_Picker_Get (Common),Customer_Addresses_All_Picker_Get,Stored Procedure,Common,Sales and CRM,Customer Master Data Management,2,3,1000,false,1,,2014-06-09T16:11:22.65Z,2015-09-04T17:54:12.017Z
490,Customer_Addresses_Bill_To_Picker_Get (Common),Customer_Addresses_Bill_To_Picker_Get,Stored Procedure,Common,Sales and CRM,Customer Master Data Management,2,21,1000,true,1,,2014-01-21T14:52:14.613Z,2016-09-15T14:21:24.333Z
692,Customer_Addresses_Get (Common),Customer_Addresses_Get,Stored Procedure,Common,Sales and CRM,Customer Master Data Management,10,35,1000,true,1,,2014-02-17T14:28:22.953Z,2015-09-04T18:01:40.123Z
693,Customer_Addresses_Picker_Get (Common),Customer_Addresses_Picker_Get,Stored Procedure,Common,Sales and CRM,Customer Master Data Management,3,5,1000,true,1,Note: This data source should not be used on screens that are exposed to customer users.,2014-02-17T14:28:22.837Z,2020-01-15T16:30:49.77Z
491,Customer_Addresses_Picker_Get2 (Common),Customer_Addresses_Picker_Get2,Stored Procedure,Common,Sales and CRM,Customer Master Data Management,3,14,1000,true,1,,2014-01-20T19:15:05.947Z,2015-09-04T20:18:29.027Z
9674,Customer_By_Code_Get (Common),Customer_By_Code_Get,Stored Procedure,Common,Sales and CRM,Customer Master Data Management,1,1,1000,true,1,,2015-01-08T15:16:58.26Z,2015-09-04T18:24:18.54Z
238248,Customer_By_Resource_Id_Get (Common),Customer_By_Resource_Id_Get,Stored Procedure,Common,Sales and CRM,Customer Master Data Management,1,1,1000,true,1,,2024-07-09T12:42:07.667Z,2026-02-16T18:50:16.25Z
123,Customer_Carriers_Get (Common),Customer_Carriers_Get,Stored Procedure,Common,Purchasing,Supplier Master Data Management,0,3,1000,true,1,,2013-11-21T16:22:20.173Z,2018-09-18T15:06:53.757Z
246,Customer_Categories_Get (Common),Customer_Categories_Get,Stored Procedure,Common,Sales and CRM,Customer Master Data Management,1,2,1000,true,1,,2013-12-05T14:05:54.03Z,2018-09-18T15:06:53.757Z
319,Customer_Detail_Get (Common),Customer_Detail_Get,Stored Procedure,Common,Sales and CRM,Customer Master Data Management,1,93,1000,true,1,,2013-12-20T17:05:00.287Z,2018-09-18T15:06:53.757Z
18356,Customer_From_Values_Add (Common),Customer_From_Values_Add,Stored Procedure,Common,Sales and CRM,Customer Master Data Management,48,5,1000,true,1,,2015-09-04T17:31:41.56Z,2019-07-24T14:23:27.91Z
18523,Customer_From_Values_Update (Common),Customer_From_Values_Update,Stored Procedure,Common,Sales and CRM,Customer Master Data Management,48,3,1000,true,1,,2015-09-04T17:33:43.2Z,
1373,Customer_Get (Common),Customer_Get,Stored Procedure,Common,Sales and CRM,Customer Master Data Management,1,18,1000,true,1,,2014-03-17T18:04:15.137Z,2015-09-04T17:32:30.467Z
18166,Customer_List_Details_Get (Common),Customer_List_Details_Get,Stored Procedure,Common,Sales and CRM,Customer Master Data Management,10,17,1000,true,1,,2015-09-04T17:30:00.18Z,2017-03-23T13:49:46.693Z
269,Customer_List_Get_for_Grid (Common),Customer_List_Get_for_Grid,Stored Procedure,Common,Sales and CRM,Customer Master Data Management,34,51,10000,true,1,,2013-12-11T22:16:22.71Z,2024-03-05T15:34:40.937Z
15018,Customer_List_Get_for_Grid_RE (Common),Customer_List_Get_for_Grid_RE,Stored Procedure,Common,Sales and CRM,Customer Master Data Management,22,36,1000,true,1,,2015-09-04T16:17:34.257Z,2015-09-04T20:17:46.793Z
268,Customer_List_Get_with_Addresses (Common),Customer_List_Get_with_Addresses,Stored Procedure,Common,Sales and CRM,Customer Master Data Management,34,62,1000,true,1,,2013-12-11T22:16:21.33Z,2019-03-21T12:02:26.643Z
230,Customer_No_Get (Common),Customer_No_Get,Stored Procedure,Common,Sales and CRM,Customer Master Data Management,3,2,1000,true,1,,2013-12-05T14:04:35.937Z,2018-09-18T15:06:53.757Z
5396,Customer_Picklist_Get (Common),Customer_Picklist_Get,Stored Procedure,Common,Sales and CRM,Customer Master Data Management,4,6,1000,true,1,,2014-08-20T15:09:51.447Z,2015-09-04T18:01:40.077Z
13521,Customer_Return_Address_Get (Common),Customer_Return_Address_Get,Stored Procedure,Common,,,1,41,1000,false,1,,2015-05-04T11:57:40.293Z,2016-10-06T10:44:48.717Z
16464,Customer_Statuses_Active_Get (Common),Customer_Statuses_Active_Get,Stored Procedure,Common,Sales and CRM,Customer Master Data Management,0,1,1000,true,1,,2015-09-04T17:04:50.53Z,
16875,Customer_Statuses_Picker_Get (Common),Customer_Statuses_Picker_Get,Stored Procedure,Common,Sales and CRM,Customer Master Data Management,1,1,1000,true,1,,2015-09-04T17:12:56.28Z,2020-02-28T13:02:15.173Z
241,Customer_Terms_Get (Common),Customer_Terms_Get,Stored Procedure,Common,Sales and CRM,Customer Master Data Management,1,2,1000,true,1,,2013-12-05T14:05:53.18Z,2018-09-18T15:06:53.757Z
325,Customer_Types_Get (Common),Customer_Types_Get,Stored Procedure,Common,Sales and CRM,Customer Master Data Management,1,2,1000,true,1,"Note: If wired up on a customer-enable VisionPlex screen, customer users will be able to view the full list of customers. This data source does not narrow down to a single customer when a customer user executes it.",2013-12-20T17:37:57.647Z,2019-12-17T19:06:58.027Z
367,Customer_Update_Simple (Common),Customer_Update_Simple,Stored Procedure,Common,Sales and CRM,Customer Master Data Management,58,1,1000,true,1,,2014-01-13T17:20:01.377Z,2023-06-13T17:21:03.29Z
344,Customers_Get (Common),Customers_Get,Stored Procedure,Common,Sales and CRM,Customer Master Data Management,5,5,1000,true,1,,2013-12-27T17:07:26.05Z,2015-09-04T20:17:59.45Z
77,Customers_Get_2 (Common),Customers_Get_2,Stored Procedure,Common,Sales and CRM,Customer Master Data Management,9,7,1000,true,1,,2013-10-29T13:18:08.663Z,2015-09-04T20:18:09.123Z
12038,Customers_Get_All (Common),Customers_Get_All,Stored Procedure,Common,Sales and CRM,Customer Master Data Management,0,3,1000,true,1,,2015-03-12T12:54:24.053Z,2015-09-04T17:57:22.553Z
1479,Customers_Picker_Get (Common),Customers_Picker_Get,Stored Procedure,Common,Sales and CRM,Customer Master Data Management,3,4,1000,true,1,,2014-03-24T20:25:20.047Z,2024-07-09T12:42:44.04Z
237275,Demand_Caster_Supplier_Active_Get (Common),Demand_Caster_Supplier_Active_Get,Stored Procedure,Common,,,4,16,3000,false,1,,2023-07-11T06:32:36.067Z,2025-04-29T13:58:48.893Z
1567,Department_Code_Get (Common),Department_Code_Get,Stored Procedure,Common,Human Resources,Department List,1,2,1000,true,1,,2014-03-26T20:00:08.113Z,2016-08-31T17:19:18.45Z
3071,Department_Get (Common),Department_Get,Stored Procedure,Common,Human Resources,Department List,1,34,1000,true,1,,2014-06-04T14:41:30.987Z,2015-09-04T18:05:12.017Z
660,Departments_Get (Common),Departments_Get,Stored Procedure,Common,Human Resources,Department List,10,24,1000,true,1,,2014-02-13T17:40:06.413Z,2020-12-04T16:19:45.26Z
2243,Departments_List_Enterprise_Picker_Get (Common),Departments_List_Enterprise_Picker_Get,Stored Procedure,Common,Human Resources,Department List,2,2,1000,true,1,,2014-04-22T17:07:16.15Z,2015-09-04T17:59:04.573Z
1374,Departments_List_Get (Common),Departments_List_Get,Stored Procedure,Common,Human Resources,Department List,1,4,1000,true,1,,2014-03-17T15:54:22.49Z,2015-09-04T17:26:02.367Z
18339,Employee_Labor_Costs_All_Get (Common),Employee_Labor_Costs_All_Get,Stored Procedure,Common,Costing,Actual Costing,5,19,1000,true,1,,2015-09-04T17:31:38.33Z,
3007,Get_Common_Customers (Common),Get_Common_Customers,Stored Procedure,Common,Sales and CRM,Customer Master Data Management,2,3,1000,true,1,,2014-06-02T13:46:36.23Z,2015-09-04T20:18:20.373Z
274,Industries_Get (Common),Industries_Get,Stored Procedure,Common,Sales and CRM,Customer Master Data Management,2,3,1000,true,1,,2013-12-11T22:16:23.367Z,2015-09-04T20:18:20.763Z
21072,Labor_Productivity_Get (Common),Labor_Productivity_Get,Stored Procedure,Common,Costing,Actual Costing,4,9,1000,true,1,,2015-09-04T18:09:45.65Z,
19453,Location_Add_Update (Common),Location_Add_Update,Stored Procedure,Common,Inventory,Inventory Location List,11,3,1000,true,1,,2015-09-04T17:54:09.893Z,
238249,Location_By_Resource_Id_Get (Common),Location_By_Resource_Id_Get,Stored Procedure,Common,Inventory,Inventory Location List,1,1,1000,true,1,,2024-07-09T12:42:14.453Z,2026-02-16T18:49:14.09Z
6534,Location_Detail_Get (Common),Location_Detail_Get,Stored Procedure,Common,Inventory,Inventory Location List,1,64,1000,true,1,,2014-09-22T15:29:55.063Z,2026-03-08T10:45:43.34Z
6718,Location_Get (Common),Location_Get,Stored Procedure,Common,Inventory,Inventory Location List,2,36,1000,true,1,,2014-09-29T09:48:13.19Z,2015-09-04T17:36:39.783Z
6533,Location_Grid_Get (Common),Location_Grid_Get,Stored Procedure,Common,Inventory,Inventory Location List,8,17,1000,true,1,,2014-09-22T15:27:56.43Z,2026-07-12T11:14:48.297Z
9079,Location_Groups_Picker_Get (Common),Location_Groups_Picker_Get,Stored Procedure,Common,Inventory,Inventory Location List,1,2,1000,true,1,,2014-12-17T16:41:24.173Z,2015-09-04T18:12:00.697Z
6537,Location_Types_Get (Common),Location_Types_Get,Stored Procedure,Common,Inventory,Inventory Location List,2,20,1000,true,1,,2014-09-22T15:34:43.24Z,2026-03-08T10:47:17.667Z
18120,Locations_By_Type_All_Get (Common),Locations_By_Type_All_Get,Stored Procedure,Common,Inventory,Inventory Location List,5,3,1000,true,1,,2015-09-04T17:29:03.383Z,2020-11-03T18:02:33.767Z
503,Locations_Get (Common),Locations_Get,Stored Procedure,Common,Inventory,Inventory Location List,8,16,1000,true,1,,2014-02-03T16:07:56.307Z,2024-05-28T17:52:29.437Z
166,Locations_Picker_Get_New (Common),Locations_Picker_Get_New,Stored Procedure,Common,Inventory,Inventory Location List,8,8,20000,true,1,,2013-12-02T01:14:37.523Z,2024-06-04T14:16:54.197Z
7149,Locations_Supply_Get (Common),Locations_Supply_Get,Stored Procedure,Common,Inventory,Inventory Location List,3,3,1000,true,1,,2014-10-14T12:21:30.257Z,2015-09-04T17:36:42.22Z
7084,Manufacturers_Get (Common),Manufacturers_Get,Stored Procedure,Common,Program Management,Program Iterations,3,6,1000,true,1,,2014-10-10T11:43:03.197Z,2015-09-04T16:51:33.247Z
122,Minorities_Get (Common),Minorities_Get,Stored Procedure,Common,Purchasing,Supplier Master Data Management,0,2,1000,true,1,,2013-11-21T16:22:08.19Z,2018-09-18T15:06:53.757Z
19769,Part_Cost_Summary_v2_Get (Common),Part_Cost_Summary_v2_Get,Stored Procedure,Common,Costing,Part Cost Structure,3,14,1000,true,1,,2015-09-04T17:58:18.187Z,2017-05-15T19:37:40.587Z
19267,Part_Location_Get (Common),Part_Location_Get,Stored Procedure,Common,Engineering,Part List,1,8,1000,true,1,,2015-09-04T17:45:04.16Z,2016-05-16T20:42:20.447Z
20070,Part_Location_Inventory_Get (Common),Part_Location_Inventory_Get,Stored Procedure,Common,Inventory,Inventory Tracking,8,14,1000,true,1,,2015-09-04T18:02:31.193Z,
9209,Position_Add (Common),Position_Add,Stored Procedure,Common,Human Resources,Positions and Job Descriptions,24,0,1000,true,1,,2014-12-22T19:28:03.28Z,2015-09-04T17:26:25.88Z
17959,Position_Roles_Get (Common),Position_Roles_Get,Stored Procedure,Common,Human Resources,Positions and Job Descriptions,4,5,1000,true,1,,2015-09-04T17:27:17.52Z,2019-02-25T16:20:18.27Z
17960,Position_Roles_Update (Common),Position_Roles_Update,Stored Procedure,Common,Human Resources,Positions and Job Descriptions,5,0,1000,true,1,,2015-09-04T17:27:17.667Z,
3256,Position_Users_Picker_Get (Common),Position_Users_Picker_Get,Stored Procedure,Common,Human Resources,Positions and Job Descriptions,3,7,1000,true,1,,2014-06-13T15:11:14.98Z,2015-09-04T20:18:17.903Z
3515,Positions_Get (Common),Positions_Get,Stored Procedure,Common,Human Resources,Positions and Job Descriptions,6,21,1000,true,1,,2014-06-18T14:04:56.39Z,2016-08-10T11:54:09.9Z
1898,Positions_List_Get (Common),Positions_List_Get,Stored Procedure,Common,Human Resources,Positions and Job Descriptions,1,2,1000,true,1,,2014-04-07T18:57:07.933Z,2015-09-04T20:18:00.967Z
3105,Positions_Picker_Get (Common),Positions_Picker_Get,Stored Procedure,Common,Human Resources,Positions and Job Descriptions,2,4,1000,true,1,,2014-06-05T11:06:41.57Z,2019-02-25T16:20:18.27Z
5155,Region_Key_By_Customer_Address_Singleton_Get (Common),Region_Key_By_Customer_Address_Singleton_Get,Stored Procedure,Common,Sales and CRM,Customer Master Data Management,1,2,1000,true,1,,2014-08-14T12:23:42.66Z,2015-09-04T16:46:36.333Z
118,Regions_Get (Common),Regions_Get,Stored Procedure,Common,Sales and CRM,Customer Master Data Management,4,8,1000,true,1,,2013-11-21T16:13:15.407Z,2018-09-18T15:06:53.757Z
7068,Shift_Cycles_Get (Common),Shift_Cycles_Get,Stored Procedure,Common,Production Tracking,Shift Setup,2,3,1000,true,1,,2014-10-10T08:43:14.7Z,2015-09-04T18:00:29.073Z
10803,Shift_From_Time_Get (Common),Shift_From_Time_Get,Stored Procedure,Common,Production Tracking,Shift Setup,4,2,1000,true,1,,2015-02-09T10:40:26.6Z,2016-10-19T23:14:24.233Z
9985,Shift_Get (Common),Shift_Get,Stored Procedure,Common,Production Tracking,Shift Setup,1,36,1000,true,1,,2015-01-16T15:08:43.84Z,2016-08-29T18:54:48.55Z
8597,Shift_Groups_Picker_Get (Common),Shift_Groups_Picker_Get,Stored Procedure,Common,Production Tracking,Shift Setup,1,2,1000,true,1,,2014-12-08T12:23:40.63Z,2015-09-04T16:42:35.967Z
1674,Shift_Picker_Get (Common),Shift_Picker_Get,Stored Procedure,Common,Production Tracking,Shift Setup,1,4,1000,true,1,,2014-04-01T12:07:46.08Z,2015-09-04T16:42:37.607Z
15937,Shift_Schedules_Get (Common),Shift_Schedules_Get,Stored Procedure,Common,Production Tracking,Shift Setup,0,2,1000,true,1,,2015-09-04T16:44:59.87Z,
12302,Shifts_By_Day_Get (Common),Shifts_By_Day_Get,Stored Procedure,Common,Production Tracking,Shift Setup,1,3,1000,true,1,,2015-03-20T09:25:15.463Z,2015-09-04T16:44:57.11Z
3257,Shifts_Get (Common),Shifts_Get,Stored Procedure,Common,Production Tracking,Shift Setup,4,11,1000,true,1,,2014-06-13T15:07:52.7Z,2020-06-30T12:31:11.217Z
8008,Shifts_Get3 (Common),Shifts_Get3,Stored Procedure,Common,Production Tracking,Shift Setup,2,10,1000,true,1,,2014-11-18T12:09:57.71Z,2019-02-25T16:20:18.143Z
5359,Shifts_Only_Get (Common),Shifts_Only_Get,Stored Procedure,Common,Production Tracking,Shift Setup,3,20,1000,true,1,,2014-08-20T11:16:25.337Z,2015-09-04T20:18:10.17Z
239612,Storage_Conditions_Get (Common),Storage_Conditions_Get,Stored Procedure,Common,Inventory,Storage Validation,2,2,1000,true,0,,2026-02-17T13:32:44.817Z,
239901,Storage_Section_Location_Add_Validate (Common),Storage_Section_Location_Add_Validate,Stored Procedure,Common,Inventory,Storage Validation,2,1,1000,true,0,,2026-06-14T11:17:16.407Z,
14801,Supplier_Address_Add (Common),Supplier_Address_Add,Stored Procedure,Common,Purchasing,Supplier Master Data Management,25,4,1000,true,1,,2015-08-26T17:17:22.433Z,2020-10-16T16:25:31.283Z
107,Supplier_Addresss_Get (Common),Supplier_Addresss_Get,Stored Procedure,Common,Purchasing,Supplier Master Data Management,8,19,1000,true,1,,2013-11-18T14:46:56.11Z,2015-09-04T18:08:13.8Z
5639,Supplier_Buyer_Add (Common),Supplier_Buyer_Add,Stored Procedure,Common,Purchasing,Purchase Orders,2,0,1000,true,1,,2014-08-27T17:10:34.47Z,2024-05-24T14:52:02.76Z
5560,Supplier_Buyer_Get (Common),Supplier_Buyer_Get,Stored Procedure,Common,Purchasing,Purchase Orders,1,4,1000,true,1,,2014-08-25T14:13:29.783Z,2015-09-04T18:00:19.87Z
5638,Supplier_Buyers_Delete (Common),Supplier_Buyers_Delete,Stored Procedure,Common,Purchasing,Purchase Orders,1,0,1000,true,1,,2014-08-27T17:08:44.287Z,2024-05-24T14:52:22.303Z
5137,Supplier_Get (Common),Supplier_Get,Stored Procedure,Common,Purchasing,Supplier Master Data Management,10,24,1000,true,1,,2014-08-14T09:44:20.303Z,2015-09-04T17:42:21.637Z
109,Supplier_Info_All_Get (Common),Supplier_Info_All_Get,Stored Procedure,Common,Purchasing,Supplier Master Data Management,2,211,1000,true,1,,2013-11-18T22:34:21.53Z,2019-10-18T17:17:42.947Z
8200,Supplier_Metric_Score_Comparison_By_Period_Range_Get (Common),Supplier_Metric_Score_Comparison_By_Period_Range_Get,Stored Procedure,Common,Quality,Supplier Scorecard,7,15,25000,true,1,,2014-11-25T12:15:32.973Z,2026-08-04T10:40:56.8Z
2780,Supplier_No_Get (Common),Supplier_No_Get,Stored Procedure,Common,Purchasing,Supplier Master Data Management,3,1,1000,true,1,,2014-05-22T16:58:24.15Z,2015-09-04T17:39:42.303Z
116,Supplier_Status_Get (Common),Supplier_Status_Get,Stored Procedure,Common,Purchasing,Supplier Master Data Management,2,2,1000,true,1,,2013-11-21T16:12:17.057Z,2018-09-18T15:06:53.757Z
150,Supplier_Tax_Get (Common),Supplier_Tax_Get,Stored Procedure,Common,Purchasing,Supplier Master Data Management,1,3,1000,true,1,,2013-11-26T18:37:43.973Z,2018-09-18T15:06:53.757Z
126,Suppliers_Get (Common),Suppliers_Get,Stored Procedure,Common,Purchasing,Supplier Master Data Management,15,18,1000,true,1,,2013-11-21T16:23:05.16Z,2019-11-08T19:36:47.533Z
99,Suppliers_Grid_Get (Common),Suppliers_Grid_Get,Stored Procedure,Common,Purchasing,Supplier Master Data Management,20,24,1000,true,1,,2013-11-14T20:55:37.307Z,2023-11-28T15:14:16.923Z
1676,Suppliers_Picker_Get (Common),Suppliers_Picker_Get,Stored Procedure,Common,Purchasing,Supplier Master Data Management,4,8,1000,true,1,,2014-03-28T15:01:19.93Z,2024-07-09T12:43:00.897Z
1462,Suppliers_Picker_Get2 (Common),Suppliers_Picker_Get2,Stored Procedure,Common,Purchasing,Supplier Master Data Management,3,11,1000,true,1,Note: This data source should not be used on a VisionPlex screen that is accessible by supplier users.,2014-03-24T14:31:12.553Z,2019-12-19T16:05:01.177Z
3776,Term_Get (Common),Term_Get,Stored Procedure,Common,Purchasing,Purchase Orders,1,22,1000,true,1,,2014-06-25T14:16:18.08Z,2016-01-14T13:48:19.597Z
3259,Terms_Get (Common),Terms_Get,Stored Procedure,Common,Purchasing,Purchase Orders,2,6,1000,true,1,,2014-06-08T13:04:57.017Z,2015-10-13T12:40:27.84Z
259,Units_Get (Common),Units_Get,Stored Procedure,Common,Platform,Units,6,18,1000,true,1,,2013-12-07T01:34:11.137Z,2021-08-25T14:46:44.687Z
20177,User_Building_Keys_Get (Common),User_Building_Keys_Get,Stored Procedure,Common,Management,Building List,0,1,1000,true,1,,2015-09-04T18:04:00.793Z,2015-09-04T18:08:10.207Z
3859,Verbiage_Get_From_Description (Common),Verbiage_Get_From_Description,Stored Procedure,Common,Platform,Standard Agreement Text,3,4,1000,true,1,,2014-06-26T23:16:57.913Z,2022-02-08T14:54:19.583Z
27631,Workcenter_Clockin_Costs_Get (Common),Workcenter_Clockin_Costs_Get,Stored Procedure,Common,Production Tracking,Workcenter Tracking,1,10,1000,true,1,,2016-04-21T15:28:00.627Z,2016-10-10T14:22:21.73Z
14544,Activity_Statuses_Get (Communication),Activity_Statuses_Get,Stored Procedure,Communication,Management,Activity Manager,0,1,1000,true,1,,2015-07-27T15:43:37.877Z,2015-09-04T16:41:47.513Z
19303,Contact_Add_Update (Communication),Contact_Add_Update,Stored Procedure,Communication,Communication,Contact Management,32,4,1000,true,1,,2015-09-04T17:51:18.307Z,
29465,Contact_Class_Get (Communication),Contact_Class_Get,Stored Procedure,Communication,Communication,Contact Management,1,42,1000,true,1,,2018-01-31T08:27:52.773Z,
542,Contact_Get (Communication),Contact_Get,Stored Procedure,Communication,Communication,Contact Management,1,54,1000,true,1,,2014-02-10T13:19:35.233Z,2019-05-13T20:23:59.37Z
432,Contact_List_Get (Communication),Contact_List_Get,Stored Procedure,Communication,Communication,Contact Management,20,24,5000,true,1,,2014-01-16T18:39:45.323Z,2024-01-05T13:55:58.993Z
2353,Contacts_By_Customer_Get (Communication),Contacts_By_Customer_Get,Stored Procedure,Communication,Communication,Contact Management,2,5,1000,true,1,,2014-04-24T13:59:32.983Z,2015-09-04T18:00:20.403Z
14994,Contacts_Get (Communication),Contacts_Get,Stored Procedure,Communication,Communication,Contact Management,5,7,1000,true,1,,2015-09-04T16:17:29.207Z,2015-09-04T20:17:41.387Z
1020,Contacts_Picker_Get (Communication),Contacts_Picker_Get,Stored Procedure,Communication,Communication,Contact Management,5,12,1000,true,1,,2014-02-27T16:13:05.96Z,2015-09-04T17:39:40.537Z
27998,Email_Addresses_Get (Communication),Email_Addresses_Get,Stored Procedure,Communication,Communication,Contact Management,4,7,1000,true,1,,2016-07-25T16:01:09.793Z,
17529,Group_Members_Quick_Report_Get (Communication),Group_Members_Quick_Report_Get,Stored Procedure,Communication,Communication,Team and Group Setup,2,5,1000,true,1,,2015-09-04T17:22:28.977Z,
1677,Groups_Get (Communication),Groups_Get,Stored Procedure,Communication,Communication,Team and Group Setup,9,14,1000,true,1,,2014-03-28T13:04:43.917Z,2015-09-04T18:08:10.473Z
1278,Groups_Get_Simple (Communication),Groups_Get_Simple,Stored Procedure,Communication,Communication,Team and Group Setup,9,4,1000,true,1,,2014-03-12T18:00:27.4Z,2015-09-04T17:26:23.303Z
3010,Request_Add (Communication),Request_Add,Stored Procedure,Communication,Management,Workflow,10,2,1000,true,1,,2014-06-02T11:58:36.387Z,2025-06-11T12:26:07.213Z
2822,Request_Get (Communication),Request_Get,Stored Procedure,Communication,Management,Workflow,1,64,1000,true,1,,2014-05-26T14:51:05.493Z,2024-03-26T19:29:06.257Z
18584,Request_Statuses_Get (Communication),Request_Statuses_Get,Stored Procedure,Communication,Management,Workflow,2,2,1000,true,1,,2015-09-04T17:34:33.873Z,2024-03-26T01:05:37.54Z
2823,Request_Types_Get (Communication),Request_Types_Get,Stored Procedure,Communication,Management,Workflow,3,23,1000,true,1,,2014-05-26T15:29:08.12Z,2015-09-04T17:34:33.733Z
3012,Request_Update (Communication),Request_Update,Stored Procedure,Communication,Management,Workflow,8,0,1000,true,1,,2014-06-02T11:56:37.857Z,2024-03-26T15:31:45.09Z
18583,Requests_Get (Communication),Requests_Get,Stored Procedure,Communication,Management,Workflow,12,17,1000,true,1,,2015-09-04T17:34:33.34Z,2015-10-13T14:11:41.633Z
231889,Requests_V2_Get (Communication),Requests_V2_Get,Stored Procedure,Communication,Management,Workflow,11,15,1000,true,1,,2019-10-16T16:47:50.467Z,2019-10-16T17:11:34.253Z
4615,Supplier_Contacts_Get (Communication),Supplier_Contacts_Get,Stored Procedure,Communication,Purchasing,Supplier Master Data Management,4,5,1000,true,1,,2014-07-29T16:45:52.9Z,2015-09-04T18:11:23.743Z
4880,Visitor_Logs_Get (Communication),Visitor_Logs_Get,Stored Procedure,Communication,Communication,Visitor Log,10,22,1000,true,1,,2014-08-07T20:59:32.803Z,2023-10-30T07:34:19.387Z
7452,Workflow_Actions_Get_List (Communication),Workflow_Actions_Get_List,Stored Procedure,Communication,Management,Workflow,4,19,1000,true,1,,2014-10-24T12:31:40.383Z,2024-06-25T19:55:28.557Z
1262,Workflow_Base_Picker_Get (Communication),Workflow_Base_Picker_Get,Stored Procedure,Communication,Management,Workflow,2,2,1000,true,1,,2014-03-11T17:06:10.157Z,2015-09-04T18:01:22.56Z
3518,Workflow_Control_Update (Communication),Workflow_Control_Update,Stored Procedure,Communication,Management,Workflow,5,1,1000,true,1,,2014-06-18T13:20:49.553Z,2015-09-04T17:59:10.73Z
321,Workflow_Doc_Key_Get (Communication),Workflow_Doc_Key_Get,Stored Procedure,Communication,Management,Workflow,2,1,1000,true,1,,2013-12-20T17:30:08.107Z,2024-03-26T20:25:31.873Z
3634,Workflow_Doc_Note_Add (Communication),Workflow_Doc_Note_Add,Stored Procedure,Communication,Management,Workflow,2,0,1000,true,1,,2014-06-23T15:37:15.2Z,
19880,Workflow_Docs_By_User_Action_Get (Communication),Workflow_Docs_By_User_Action_Get,Stored Procedure,Communication,Management,Workflow,0,23,1000,true,1,,2015-09-04T17:59:10.3Z,
23028,Workflow_Documents_Get (Communication),Workflow_Documents_Get,Stored Procedure,Communication,Management,Workflow,10,18,1000,true,1,,2015-09-04T18:33:06.74Z,2015-11-10T15:27:51.827Z
1155,Workflow_Get (Communication),Workflow_Get,Stored Procedure,Communication,Management,Workflow,1,26,1000,true,1,,2014-03-06T20:09:53.773Z,2015-09-04T18:17:29.52Z
2723,Workflow_Redirect_Get (Communication),Workflow_Redirect_Get,Stored Procedure,Communication,Management,Workflow,1,20,1000,true,1,,2014-05-16T18:03:07.987Z,2014-06-10T09:05:39.97Z
2725,Workflow_Redirect_Update (Communication),Workflow_Redirect_Update,Stored Procedure,Communication,Management,Workflow,5,1,1000,true,1,,2014-05-16T22:51:13.497Z,
4179,Workflow_Results_Get (Communication),Workflow_Results_Get,Stored Procedure,Communication,Management,Workflow,4,20,1000,true,1,,2014-07-12T15:49:40.957Z,2024-06-25T19:30:36.323Z
1572,Workflow_Step_Get_First_Step (Communication),Workflow_Step_Get_First_Step,Stored Procedure,Communication,Management,Workflow,1,2,1000,true,1,,2014-03-26T20:01:52.903Z,2024-03-26T20:26:03.113Z
1024,Workflow_Steps_Get (Communication),Workflow_Steps_Get,Stored Procedure,Communication,Management,Workflow,4,8,1000,true,1,,2014-02-27T15:55:04.157Z,2016-07-14T17:38:13.59Z
20095,Workflow_User_Action_Get (Communication),Workflow_User_Action_Get,Stored Procedure,Communication,Management,Workflow,1,9,1000,true,1,,2015-09-04T18:02:52.127Z,
15204,Workflow_User_Actions_Get (Communication),Workflow_User_Actions_Get,Stored Procedure,Communication,Management,Workflow,7,17,1000,true,1,,2015-09-04T16:38:14.613Z,2015-09-04T20:18:14.717Z
1260,Workflows_Get (Communication),Workflows_Get,Stored Procedure,Communication,Management,Workflow,3,12,1000,true,1,,2014-03-11T15:49:49.533Z,2015-09-04T20:18:14.823Z
2834,Segment_Logs_Get (EDI),Segment_Logs_Get,Stored Procedure,EDI,EDI,EDI System,1,10,1000,true,0,,2014-05-23T18:15:30.02Z,2026-07-01T16:00:25.13Z
15074,PLC_Servers_Get (External),PLC_Servers_Get,Stored Procedure,External,Production Tracking,Production Tracking,2,9,1000,true,1,,2015-09-04T16:22:22.483Z,2025-02-18T19:41:28.217Z
22392,Container_Customer_Return_Info_Get (Label),Container_Customer_Return_Info_Get,Stored Procedure,Label,Shipping,Shipping Labels,4,2,1000,false,1,,2015-09-04T18:24:19.76Z,
21658,Container_Last_Operation_Get (Label),Container_Last_Operation_Get,Stored Procedure,Label,Shipping,Shipping Labels,4,2,1000,false,1,,2015-09-04T18:12:09.847Z,2018-05-11T13:49:00.53Z
19862,Container_Operation_Info_Get (Label),Container_Operation_Info_Get,Stored Procedure,Label,Shipping,Shipping Labels,4,22,1000,false,1,,2015-09-04T17:59:03.793Z,2018-06-26T17:11:03.713Z
22054,Customer_Part_Info_Get (Label),Customer_Part_Info_Get,Stored Procedure,Label,Shipping,Shipping Labels,2,71,1000,false,1,,2015-09-04T18:17:43.903Z,2017-02-23T20:58:58.277Z
20574,Master_Unit_Part_Info_Get (Label),Master_Unit_Part_Info_Get,Stored Procedure,Label,Shipping,Shipping Labels,4,20,1000,false,1,,2015-09-04T18:07:13.49Z,
9954,Cost_Codes_Get (Maintenance),Cost_Codes_Get,Stored Procedure,Maintenance,Costing,Job Costing,1,2,1000,true,1,,2015-01-16T10:30:05.083Z,2015-09-04T18:09:05.77Z
11937,Equipment_BOM_Detail_Get (Maintenance),Equipment_BOM_Detail_Get,Stored Procedure,Maintenance,Maintenance,Equipment Bill of Materials,9,22,1000,true,1,,2015-03-10T10:52:01.28Z,2015-09-04T17:52:46.28Z
236930,Equipment_Event_Log_Force_All_Stop_Date_Update (Maintenance),Equipment_Event_Log_Force_All_Stop_Date_Update,Stored Procedure,Maintenance,,,1,21,1000,false,1,,2023-04-05T14:05:18.947Z,2023-04-05T14:08:11.597Z
236929,Equipment_Event_Log_Update (Maintenance),Equipment_Event_Log_Update,Stored Procedure,Maintenance,,,8,9,1000,false,1,,2023-04-05T14:05:00.36Z,2023-04-05T14:06:37.003Z
856,Equipment_Get (Maintenance),Equipment_Get,Stored Procedure,Maintenance,Maintenance,Master Equipment List,1,64,1000,true,1,,2014-02-26T14:37:58.457Z,2023-06-30T18:14:00.277Z
23706,Equipment_ID_Picker_Get (Maintenance),Equipment_ID_Picker_Get,Stored Procedure,Maintenance,Maintenance,Master Equipment List,1,3,1000,true,1,,2015-09-22T17:00:20.283Z,
238019,Equipment_Line_Log_Add (Maintenance),Equipment_Line_Log_Add,Stored Procedure,Maintenance,Maintenance,Master Equipment List,15,2,1000,true,1,,2024-04-08T15:13:23.773Z,2025-02-18T18:34:51.013Z
238020,Equipment_Line_Log_Attribute_Add (Maintenance),Equipment_Line_Log_Attribute_Add,Stored Procedure,Maintenance,Maintenance,Equipment Log,6,2,1000,true,1,,2024-04-08T15:18:53.863Z,2025-02-18T18:35:31.76Z
7950,Equipment_Log_Add (Maintenance),Equipment_Log_Add,Stored Procedure,Maintenance,Maintenance,Equipment Log,10,1,1000,true,1,,2014-11-17T11:01:18.213Z,2015-09-04T18:32:10.66Z
239362,Equipment_Type_Attribute_Upload_Validate (Maintenance),Equipment_Type_Attribute_Upload_Validate,Stored Procedure,Maintenance,Maintenance,Master Equipment List,2,4,1000,true,1,,2025-10-15T18:04:23.73Z,
7572,Equipment_Type_Get (Maintenance),Equipment_Type_Get,Stored Procedure,Maintenance,Maintenance,Master Equipment List,2,7,1000,true,1,,2014-10-31T09:59:53.83Z,2016-02-10T21:14:47.863Z
239364,Equipment_Type_Subsystem_Upload_Validate (Maintenance),Equipment_Type_Subsystem_Upload_Validate,Stored Procedure,Maintenance,Maintenance,Master Equipment List,2,4,1000,true,1,,2025-10-15T18:08:07.91Z,
239360,Equipment_Type_Upload_Validate (Maintenance),Equipment_Type_Upload_Validate,Stored Procedure,Maintenance,Maintenance,Master Equipment List,2,2,1000,true,1,,2025-10-15T17:31:34.503Z,
801,Equipments_Get_All (Maintenance),Equipments_Get_All,Stored Procedure,Maintenance,Maintenance,Master Equipment List,4,8,1000,true,1,,2014-02-19T22:52:05.28Z,2023-06-30T16:25:09.903Z
12560,New_Work_Request_No_Get (Maintenance),New_Work_Request_No_Get,Stored Procedure,Maintenance,Maintenance,Work Requests,0,1,1000,true,1,,2015-03-31T11:15:08.027Z,2015-09-04T18:32:10.567Z
1006,Priorities_List_Get (Maintenance),Priorities_List_Get,Stored Procedure,Maintenance,Maintenance,Preventive Maintenance,1,2,1000,true,1,,2014-02-27T16:59:14.363Z,2015-09-04T17:15:17.503Z
238021,Production_Line_Log_Add (Maintenance),Production_Line_Log_Add,Stored Procedure,Maintenance,Maintenance,Master Equipment List,16,2,1000,true,1,,2024-04-08T15:24:19.12Z,2025-02-18T18:35:52.263Z
238022,Production_Line_Log_Attribute_Add (Maintenance),Production_Line_Log_Attribute_Add,Stored Procedure,Maintenance,Maintenance,Master Equipment List,6,2,1000,true,1,,2024-04-08T15:28:32.733Z,2025-02-18T18:36:23.93Z
238663,Production_Lines_Picker_Get (Maintenance),Production_Lines_Picker_Get,Stored Procedure,Maintenance,Maintenance,Master Equipment List,2,7,1000,true,1,,2024-12-10T12:27:11.033Z,
12555,Work_Request_Add (Maintenance),Work_Request_Add,Stored Procedure,Maintenance,Maintenance,Work Requests,24,1,1000,true,1,,2015-03-31T11:04:51.637Z,2023-07-10T18:29:36.533Z
17250,Work_Request_Items_Get (Maintenance),Work_Request_Items_Get,Stored Procedure,Maintenance,Maintenance,Work Requests,8,14,1000,true,1,,2015-09-04T17:15:42.657Z,
19033,Work_Request_On_Time_Completions_Complete_When_Get (Maintenance),Work_Request_On_Time_Completions_Complete_When_Get,Stored Procedure,Maintenance,Maintenance,Work Requests,12,21,1000,true,1,,2015-09-04T17:40:41.573Z,
10854,Work_Request_Statuses_Get (Maintenance),Work_Request_Statuses_Get,Stored Procedure,Maintenance,Maintenance,Work Requests,2,3,1000,true,1,,2015-02-09T12:51:38.747Z,2015-09-04T17:15:17.473Z
839,Work_Request_Types_Get (Maintenance),Work_Request_Types_Get,Stored Procedure,Maintenance,Maintenance,Work Requests,3,2,1000,true,1,,2014-02-21T19:32:47.25Z,2019-12-03T13:56:30.85Z
10836,Work_Requests_Get (Maintenance),Work_Requests_Get,Stored Procedure,Maintenance,Maintenance,Work Requests,42,44,1000,true,1,,2015-02-09T11:31:00.32Z,2024-01-10T20:26:12.343Z
15410,Work_Requests_Past_Due_Get (Maintenance),Work_Requests_Past_Due_Get,Stored Procedure,Maintenance,Maintenance,Work Requests,4,10,1000,true,1,,2015-09-04T16:40:54.347Z,
558,Grade_List_Get (Material),Grade_List_Get,Stored Procedure,Material,Materials,Grade Templates,1,4,1000,true,1,,2014-02-07T17:32:16.317Z,2015-09-04T17:17:28.397Z
872,Grade_Tempers_Get (Material),Grade_Tempers_Get,Stored Procedure,Material,Materials,Grade Templates,1,2,1000,true,1,,2014-02-25T17:18:49.54Z,2015-09-04T18:10:50.087Z
746,Grade_Types_Get (Material),Grade_Types_Get,Stored Procedure,Material,Materials,Grade Templates,2,6,1000,true,1,,2014-02-18T17:34:31.283Z,2015-09-04T20:18:15.903Z
19308,Heat_And_Actuals_Add_Update (Material),Heat_And_Actuals_Add_Update,Stored Procedure,Material,Materials,Heats and Chemistries,8,3,1000,true,1,,2015-09-04T17:51:48.783Z,
10123,Heat_By_Code_Get (Material),Heat_By_Code_Get,Stored Procedure,Material,Materials,Heats and Chemistries,1,5,1000,true,1,,2015-01-21T10:32:07.387Z,2015-09-04T18:08:19.397Z
1294,Heat_Get (Material),Heat_Get,Stored Procedure,Material,Materials,Heats and Chemistries,1,26,1000,true,1,,2014-03-11T16:24:04.02Z,2015-09-04T17:40:44.307Z
12170,Heats_Picker_Get (Material),Heats_Picker_Get,Stored Procedure,Material,Materials,Heats and Chemistries,3,3,1000,true,1,,2015-03-17T12:58:31.01Z,2015-09-04T18:07:03.707Z
3651,Heats_Picker_Get2 (Material),Heats_Picker_Get2,Stored Procedure,Material,Materials,Heats and Chemistries,6,5,1000,true,1,,2014-06-23T12:47:29.86Z,2015-09-04T20:17:43.247Z
7920,Add_Inventory_Confirm_Get (Part),Add_Inventory_Confirm_Get,Stored Procedure,Part,Inventory,Inventory Tracking,22,74,1000,true,1,,2014-11-14T16:43:39.47Z,2022-12-14T04:00:48.24Z
2252,Adjustment_Reasons_Get (Part),Adjustment_Reasons_Get,Stored Procedure,Part,Inventory,Inventory Tracking,2,3,1000,true,1,,2014-04-21T13:33:46.007Z,2015-09-04T16:44:18.843Z
14634,Adjustment_Report_Get (Part),Adjustment_Report_Get,Stored Procedure,Part,Inventory,Inventory Tracking,31,40,5000,true,1,,2015-08-06T17:44:40.067Z,2016-09-20T13:56:04.543Z
22292,Approved_Container_Upload (Part),Approved_Container_Upload,Stored Procedure,Part,Engineering,Process Routings,10,0,1000,true,1,,2015-09-04T18:18:51.197Z,
22293,Approved_Container_Upload_Field_Validation (Part),Approved_Container_Upload_Field_Validation,Stored Procedure,Part,Engineering,Process Routings,7,6,1000,true,1,,2015-09-04T18:18:51.247Z,
14718,Approved_Operators_Get (Part),Approved_Operators_Get,Stored Procedure,Part,Production Tracking,Control Panel,1,2,1000,true,1,,2015-08-19T10:38:27.173Z,2015-08-19T10:38:37.57Z
233467,Approved_Supplier_Add_Update (Part),Approved_Supplier_Add_Update,Stored Procedure,Part,Engineering,Process Routings,25,3,1000,true,1,"This data source allows Suppliers to be added/approved for specific Operations in the Process Routing.

If Supplier already exists under specified Operation_Code & Operation_No, Suppler will be updated with new parameters.",2020-10-15T15:34:18.963Z,
8589,Approved_Supplier_Get (Part),Approved_Supplier_Get,Stored Procedure,Part,Engineering,Process Routings,3,16,1000,true,1,,2014-12-08T11:16:13.363Z,2017-12-14T17:45:48.01Z
18891,Approved_Supplier_Planning_Get (Part),Approved_Supplier_Planning_Get,Stored Procedure,Part,Scheduling,Material Requirements Planning (MRP),1,9,1000,true,1,,2015-09-04T17:37:48.857Z,
16839,Approved_Supplier_Price_Add (Part),Approved_Supplier_Price_Add,Stored Procedure,Part,Engineering,Supplier Part,5,1,1000,true,1,,2015-09-04T17:12:08.5Z,
16853,Approved_Supplier_Price_Component_Add_Update_Delete (Part),Approved_Supplier_Price_Component_Add_Update_Delete,Stored Procedure,Part,Engineering,Supplier Part,29,1,1000,true,1,,2015-09-04T17:12:52.923Z,
4912,Approved_Supplier_Prices_Get (Part),Approved_Supplier_Prices_Get,Stored Procedure,Part,Engineering,Supplier Part,13,33,1000,true,1,,2014-08-08T15:32:31.073Z,2025-01-21T18:00:21.293Z
7968,Approved_Suppliers_By_Part_Get (Part),Approved_Suppliers_By_Part_Get,Stored Procedure,Part,Purchasing,Supplier Master Data Management,2,8,1000,true,1,,2014-11-17T13:21:39.753Z,2014-11-20T12:40:11.927Z
2544,Approved_Suppliers_Get (Part),Approved_Suppliers_Get,Stored Procedure,Part,Purchasing,Supplier Master Data Management,3,24,1000,true,1,,2014-05-08T17:24:29.16Z,2018-02-28T14:52:31.59Z
233466,Approved_Workcenter_Add_Update (Part),Approved_Workcenter_Add_Update,Stored Procedure,Part,Engineering,Process Routings,21,3,1000,true,1,"Designed to be used via Web Services.
Allows the addtion of Approved Workcenters to Part Operations.
For updates the code requires a match on:
@Part_No, @Revision, @Operation_Code & @Operation_No.",2020-10-15T15:33:15.377Z,
18985,Approved_Workcenter_Supplier_Equipment_Export_Get (Part),Approved_Workcenter_Supplier_Equipment_Export_Get,Stored Procedure,Part,Engineering,Process Routings,7,28,1000,true,1,,2015-09-04T17:39:33.393Z,
233007,Approved_Workcenters_All_Get (Part),Approved_Workcenters_All_Get,Stored Procedure,Part,Engineering,Process Routings,2,4,1000,true,1,,2020-05-20T11:31:20.787Z,2020-06-26T19:21:36.273Z
4494,Approved_Workcenters_By_Part_and_PartOp_Get (Part),Approved_Workcenters_By_Part_and_PartOp_Get,Stored Procedure,Part,Engineering,Process Routings,2,10,1000,true,1,,2014-07-23T12:45:58.573Z,
2837,Approved_Workcenters_Picker_Get (Part),Approved_Workcenters_Picker_Get,Stored Procedure,Part,Engineering,Process Routings,3,2,1000,true,1,,2014-05-27T17:37:48.553Z,2015-09-04T17:35:52.517Z
7485,Approved_Workcenters_Simple_Get (Part),Approved_Workcenters_Simple_Get,Stored Procedure,Part,Engineering,Process Routings,2,2,1000,true,1,,2014-10-27T13:21:53.337Z,2015-09-04T18:17:05.707Z
14910,Approved_Workcenters_Top_Get (Part),Approved_Workcenters_Top_Get,Stored Procedure,Part,Engineering,Process Routings,2,3,1000,true,1,,2015-09-02T15:46:13.497Z,2015-09-04T17:26:09.507Z
4987,Attribute_Get (Part),Attribute_Get,Stored Procedure,Part,Engineering,Part List,1,6,1000,true,1,,2014-08-11T11:53:44.357Z,2018-08-15T16:56:58.49Z
20903,Attribute_Value_Get (Part),Attribute_Value_Get,Stored Procedure,Part,Engineering,Part List,3,4,1000,true,1,,2015-09-04T18:09:03.61Z,
2349,Attribute_Values_Get (Part),Attribute_Values_Get,Stored Procedure,Part,Engineering,Part List,1,4,1000,true,1,,2014-04-28T14:52:33.603Z,2015-09-04T17:35:57.437Z
2342,Attributes_Get (Part),Attributes_Get,Stored Procedure,Part,Engineering,Part List,1,6,1000,true,1,,2014-04-25T19:19:10.17Z,2015-09-04T17:35:57.407Z
19207,Average_Hours_Production_Get (Part),Average_Hours_Production_Get,Stored Procedure,Part,Production Tracking,Production Tracking,3,5,1000,true,1,,2015-09-04T17:43:47.493Z,2016-11-08T16:59:39.32Z
14453,Batch_Add (Part),Batch_Add,Stored Procedure,Part,Production Tracking,Control Panel,4,0,1000,true,1,,2015-07-20T07:31:18.64Z,2015-09-04T18:33:15.287Z
7425,BOM_Component_Parts_Get (Part),BOM_Component_Parts_Get,Stored Procedure,Part,Engineering,Bill of Materials,2,9,1000,true,1,,2014-10-23T15:01:11.62Z,2015-09-04T18:10:06.693Z
16951,BOM_Components_Indented_Get (Part),BOM_Components_Indented_Get,Stored Procedure,Part,Engineering,Bill of Materials,5,26,1000,true,1,,2015-09-04T17:13:07.75Z,2019-02-25T16:20:18.143Z
17355,BOM_Exploded_by_Operation_Get (Part),BOM_Exploded_by_Operation_Get,Stored Procedure,Part,Engineering,Bill of Materials,3,26,1000,true,1,,2015-09-04T17:18:40.38Z,
18414,BOM_Exploded_Components_Manufacturer_Parts_Get (Part),BOM_Exploded_Components_Manufacturer_Parts_Get,Stored Procedure,Part,Engineering,Bill of Materials,3,14,1000,true,1,,2015-09-04T17:32:27.167Z,
17405,BOM_Inventory_By_Job_Get (Part),BOM_Inventory_By_Job_Get,Stored Procedure,Part,Engineering,Bill of Materials,7,13,1000,true,1,,2015-09-04T17:20:56.713Z,2016-01-12T15:25:20.473Z
19426,BOM_Single_Add_Update (Part),BOM_Single_Add_Update,Stored Procedure,Part,Engineering,Bill of Materials,11,3,1000,true,1,,2015-09-04T17:53:25.997Z,
15908,BOM_Upload (Part),BOM_Upload,Stored Procedure,Part,Engineering,Bill of Materials,24,0,1000,true,1,,2015-09-04T16:44:54.32Z,2025-10-15T18:17:20.207Z
561,BOMs_Get (Part),BOMs_Get,Stored Procedure,Part,Engineering,Bill of Materials,12,47,2000,true,1,,2014-02-07T15:25:12.043Z,2023-11-08T06:02:10.523Z
233649,BOMs_Get_All_Active (Part),BOMs_Get_All_Active,Stored Procedure,Part,Engineering,Bill of Materials,4,15,10000,true,1,,2020-11-20T18:11:58.907Z,2023-09-19T12:35:31.19Z
21277,BOMs_Get2 (Part),BOMs_Get2,Stored Procedure,Part,Engineering,Bill of Materials,1,8,1000,false,1,,2015-09-04T18:10:49.023Z,
11226,Cell_Job_Production_Add (Part),Cell_Job_Production_Add,Stored Procedure,Part,,,1,0,1000,false,1,,2015-02-19T20:01:53.717Z,2015-09-04T17:37:35.723Z
21941,Container_Add_Receiving (Part),Container_Add_Receiving,Stored Procedure,Part,Purchasing,Receiving,21,4,1000,true,1,,2015-09-04T18:17:16.593Z,2024-08-13T18:56:54.293Z
17695,Container_Adds_Get (Part),Container_Adds_Get,Stored Procedure,Part,Inventory,Inventory Tracking,4,13,1000,true,1,,2015-09-04T17:24:11.527Z,
3654,Container_And_Attributes_Get (Part),Container_And_Attributes_Get,Stored Procedure,Part,Inventory,Inventory Tracking,1,27,1000,true,1,,2014-06-23T12:14:56.4Z,2015-09-04T17:20:55.183Z
16705,Container_Attributes_By_Part_Get (Part),Container_Attributes_By_Part_Get,Stored Procedure,Part,Inventory,Inventory Tracking,6,25,1000,true,1,,2015-09-04T17:11:31.543Z,
6571,Container_Attributes_Get (Part),Container_Attributes_Get,Stored Procedure,Part,Inventory,Inventory Tracking,1,51,1000,true,1,,2014-09-24T09:05:50.4Z,2015-09-04T17:33:51.717Z
7774,Container_Attributes_Modify (Part),Container_Attributes_Modify,Stored Procedure,Part,Inventory,Inventory Tracking,43,0,1000,true,1,,2014-11-06T11:44:47.73Z,2015-09-04T17:33:51.747Z
16792,Container_Automated_Load_To_Workcenter (Part),Container_Automated_Load_To_Workcenter,Stored Procedure,Part,Inventory,Inventory Tracking,3,2,1000,true,1,,2015-09-04T17:12:03.217Z,
17223,Container_Component_Trace_Get (Part),Container_Component_Trace_Get,Stored Procedure,Part,Inventory,Advanced Inventory Traceability-Product Genealogy,4,9,1000,true,1,,2015-09-04T17:15:27.023Z,
24202,Container_Cost_Detail_Summary_Get (Part),Container_Cost_Detail_Summary_Get,Stored Procedure,Part,Costing,Actual Costing,1,5,1000,true,1,,2015-11-30T17:25:53.793Z,2015-12-01T15:29:26.44Z
17102,Container_Count_By_Location_Get_QR (Part),Container_Count_By_Location_Get_QR,Stored Procedure,Part,Inventory,Inventory Tracking,3,4,1000,true,1,,2015-09-04T17:14:15.913Z,
24157,Container_Detail_Get (Part),Container_Detail_Get,Stored Procedure,Part,Inventory,Inventory Tracking,1,15,1000,true,1,,2015-11-06T15:36:01.773Z,2015-11-09T12:02:48.07Z
6331,Container_Exists_Get (Part),Container_Exists_Get,Stored Procedure,Part,Inventory,Inventory Tracking,1,1,1000,true,1,,2014-09-15T15:03:58.14Z,2015-09-04T17:51:50.827Z
12157,Container_Full_Info_Get (Part),Container_Full_Info_Get,Stored Procedure,Part,Inventory,Inventory Tracking,1,21,1000,true,1,,2015-03-17T11:02:49.003Z,2016-08-24T15:00:54.283Z
4619,Container_Get (Part),Container_Get,Stored Procedure,Part,Inventory,Inventory Tracking,1,87,1000,true,1,,2014-07-29T12:57:44.537Z,2024-09-23T16:03:14.127Z
6455,Container_Get1 (Part),Container_Get1,Stored Procedure,Part,Inventory,Inventory Tracking,1,12,1000,true,1,,2014-09-18T17:02:55.24Z,2015-09-04T17:30:05.04Z
6556,Container_Get2 (Part),Container_Get2,Stored Procedure,Part,Inventory,Inventory Tracking,1,99,1000,true,1,,2014-09-23T15:00:05.047Z,2015-09-04T16:44:59.627Z
9121,Container_Get3 (Part),Container_Get3,Stored Procedure,Part,Inventory,Inventory Tracking,2,29,1000,true,1,,2014-12-19T12:25:21.957Z,2023-02-22T04:06:32.553Z
19030,Container_History_Report_Get (Part),Container_History_Report_Get,Stored Procedure,Part,Inventory,Inventory Tracking,10,13,1000,true,1,,2015-09-04T17:40:40.85Z,
4737,Container_History2_Get (Part),Container_History2_Get,Stored Procedure,Part,Inventory,Inventory Tracking,4,58,1000,true,1,,2014-08-05T09:54:54.263Z,2016-03-14T18:03:36.763Z
15206,Container_Information_By_Part_Get (Part),Container_Information_By_Part_Get,Stored Procedure,Part,Inventory,Inventory Tracking,3,26,1000,true,1,,2015-09-04T16:38:15.62Z,2015-09-04T20:18:15.373Z
18317,Container_Ingress_Egress_Job_Update (Part),Container_Ingress_Egress_Job_Update,Stored Procedure,Part,Inventory,Inventory Tracking,3,0,1000,true,1,,2015-09-04T17:31:34.45Z,
5976,Container_Job_Allocation_Get (Part),Container_Job_Allocation_Get,Stored Procedure,Part,Inventory,Inventory Tracking,5,31,1000,true,1,,2014-09-05T09:00:26.333Z,2023-11-02T12:36:08.267Z
19939,Container_Job_BOMs_By_Operation_Get (Part),Container_Job_BOMs_By_Operation_Get,Stored Procedure,Part,Production Tracking,Job Tracking System,3,13,1000,true,1,,2015-09-04T18:00:49.62Z,
16753,Container_Job_BOMs_Get (Part),Container_Job_BOMs_Get,Stored Procedure,Part,Production Tracking,Job Tracking System,3,10,1000,true,1,,2015-09-04T17:11:37.51Z,
15977,Container_Job_Certs_Get (Part),Container_Job_Certs_Get,Stored Procedure,Part,Inventory,Inventory Tracking,5,9,1000,true,1,,2015-09-04T16:45:08.41Z,2024-06-05T15:20:28.39Z
8233,Container_Job_Key_Update (Part),Container_Job_Key_Update,Stored Procedure,Part,Inventory,Inventory Tracking,6,0,1000,true,1,,2014-11-26T10:41:38.537Z,2019-02-25T16:20:18.27Z
18840,Container_Job_Ops_Uncomplete (Part),Container_Job_Ops_Uncomplete,Stored Procedure,Part,Production Tracking,Job Tracking System,3,2,1000,true,1,,2015-09-04T17:37:35.437Z,
239315,Container_Key_Get (Part),Container_Key_Get,Stored Procedure,Part,Engineering,Part List,1,1,1000,true,1,,2025-09-29T19:09:35.41Z,2025-10-21T15:10:34.573Z
232569,Container_Label_Serial_No_Verify_Get (Part),Container_Label_Serial_No_Verify_Get,Stored Procedure,Part,Inventory,Inventory Tracking,1,1,1,true,1,Verify pre-print container label.,2020-02-04T11:49:53.573Z,
21660,Container_Labels_Get (Part),Container_Labels_Get,Stored Procedure,Part,Inventory,Inventory Tracking,4,18,1000,true,1,,2015-09-04T18:12:10.29Z,
230250,Container_Last_Cycle_Count_Get (Part),Container_Last_Cycle_Count_Get,Stored Procedure,Part,Inventory,Cycle Count,1,3,1000,false,1,,2018-10-25T20:49:40.433Z,2019-02-25T16:20:18.27Z
23021,Container_Load_To_Workcenter_RF (Part),Container_Load_To_Workcenter_RF,Stored Procedure,Part,Inventory,Inventory Tracking,4,1,1000,true,1,,2015-09-04T18:33:03.697Z,
8176,Container_Move (Part),Container_Move,Stored Procedure,Part,Inventory,Inventory Tracking,8,0,1000,true,1,,2014-11-24T14:14:27.533Z,2015-09-04T17:15:18.283Z
17218,Container_Move_Simple (Part),Container_Move_Simple,Stored Procedure,Part,Inventory,Inventory Tracking,5,1,1000,true,1,,2015-09-04T17:15:25.953Z,
18546,Container_Note_Get (Part),Container_Note_Get,Stored Procedure,Part,Inventory,Inventory Tracking,1,1,1000,true,1,,2015-09-04T17:33:49.76Z,
17271,Container_Notes_Get (Part),Container_Notes_Get,Stored Procedure,Part,Inventory,Inventory Tracking,1,2,1000,true,1,,2015-09-04T17:15:44.923Z,
230303,Container_Piece_Key_Get (Part),Container_Piece_Key_Get,Stored Procedure,Part,Inventory,Serialized Piece Consumption and Trace,2,1,1000,true,1,,2018-11-08T14:08:09.64Z,2019-02-25T16:20:18.27Z
230255,Container_Piece_List_Audit_Get (Part),Container_Piece_List_Audit_Get,Stored Procedure,Part,Inventory,Serialized Piece Consumption and Trace,1,5,1000,true,1,,2018-10-27T04:42:56.23Z,2019-02-25T16:20:18.27Z
14091,Container_Quantity_Update (Part),Container_Quantity_Update,Stored Procedure,Part,,,5,0,1000,false,1,,2015-06-10T07:06:58.107Z,2015-09-04T18:33:15.207Z
13387,Container_Receipt_Report_Get (Part),Container_Receipt_Report_Get,Stored Procedure,Part,Purchasing,Receiving,1,57,1000,true,1,,2015-04-28T11:18:23.897Z,2016-10-06T10:31:34.003Z
21605,Container_Rejections_Get (Part),Container_Rejections_Get,Stored Procedure,Part,Production Tracking,Rejection Tracking,1,4,1000,true,1,,2015-09-04T18:11:56.797Z,
14934,Container_Releases_Get (Part),Container_Releases_Get,Stored Procedure,Part,Inventory,Inventory Tracking,1,27,1000,true,1,,2015-09-04T08:13:29.657Z,2015-09-04T17:27:38.413Z
2357,Container_Retire (Part),Container_Retire,Stored Procedure,Part,Inventory,Inventory Tracking,12,0,1000,true,1,,2014-04-28T17:12:45.333Z,2023-08-10T14:17:05.69Z
14699,Container_Shelf_Date_Get (Part),Container_Shelf_Date_Get,Stored Procedure,Part,Inventory,Inventory Tracking,1,2,1000,true,1,,2015-08-18T11:42:30.323Z,2015-08-18T11:42:42.527Z
3305,Container_Simple_Add (Part),Container_Simple_Add,Stored Procedure,Part,Inventory,Inventory Tracking,55,6,1000,true,1,,2014-06-12T17:19:52.09Z,2024-08-13T13:31:28.377Z
14036,Container_Split_RF (Part),Container_Split_RF,Stored Procedure,Part,Inventory,Inventory Tracking,6,2,1000,true,1,,2015-06-04T13:42:50.693Z,2015-09-04T17:30:28.133Z
234594,Container_Split_To_Provided_Serial_No (Part),Container_Split_To_Provided_Serial_No,Stored Procedure,Part,Inventory,Inventory Tracking,6,5,1000,true,1,,2021-08-11T12:44:04.66Z,2021-08-11T13:11:37.777Z
2463,Container_Status_Get (Part),Container_Status_Get,Stored Procedure,Part,Inventory,Inventory Tracking,13,4,1000,true,1,,2014-04-30T18:11:18.13Z,2016-08-24T14:35:57.147Z
6585,Container_Status_Get_Single (Part),Container_Status_Get_Single,Stored Procedure,Part,Inventory,Inventory Tracking,1,3,1000,true,1,,2014-09-24T09:29:23.07Z,2015-09-04T16:47:40.473Z
987,Container_Status_Picker_Get (Part),Container_Status_Picker_Get,Stored Procedure,Part,Inventory,Inventory Tracking,1,2,1000,true,1,,2014-02-26T21:30:08.727Z,2015-09-04T18:02:49.75Z
28525,Container_Status_Standard_Get (Part),Container_Status_Standard_Get,Stored Procedure,Part,Inventory,Inventory Tracking,15,19,1000,true,1,,2016-11-16T18:04:57.503Z,2017-03-14T22:21:29.23Z
17269,Container_Test_History_Get (Part),Container_Test_History_Get,Stored Procedure,Part,Inventory,Inventory Tracking,1,6,1000,true,1,,2015-09-04T17:15:44.57Z,
22503,Container_Trace_Actual_Depletion_Detail_Get (Part),Container_Trace_Actual_Depletion_Detail_Get,Stored Procedure,Part,Inventory,Advanced Inventory Traceability-Product Genealogy,13,38,1000,true,1,,2015-09-04T18:30:16.65Z,
22502,Container_Trace_Actual_Depletion_Get (Part),Container_Trace_Actual_Depletion_Get,Stored Procedure,Part,Inventory,Advanced Inventory Traceability-Product Genealogy,12,26,1000,true,1,,2015-09-04T18:30:15.99Z,2024-03-19T12:07:44.143Z
21178,Container_Trace_By_Production_Get (Part),Container_Trace_By_Production_Get,Stored Procedure,Part,Inventory,Advanced Inventory Traceability-Product Genealogy,7,11,1000,true,1,,2015-09-04T18:10:05.85Z,
20396,Container_Trace_By_Production_Receipt_Report_Get (Part),Container_Trace_By_Production_Receipt_Report_Get,Stored Procedure,Part,Inventory,Advanced Inventory Traceability-Product Genealogy,7,19,1000,true,1,,2015-09-04T18:05:53.433Z,
20397,Container_Trace_By_Production_Receipt_Report_Summary_Get (Part),Container_Trace_By_Production_Receipt_Report_Summary_Get,Stored Procedure,Part,Inventory,Advanced Inventory Traceability-Product Genealogy,7,12,1000,true,1,,2015-09-04T18:05:53.873Z,
15589,Container_Trace_By_Tracking_No_Get (Part),Container_Trace_By_Tracking_No_Get,Stored Procedure,Part,Inventory,Advanced Inventory Traceability-Product Genealogy,2,19,1000,true,1,,2015-09-04T16:41:58.577Z,
24120,Container_Trace_Children_Get (Part),Container_Trace_Children_Get,Stored Procedure,Part,Inventory,Advanced Inventory Traceability-Product Genealogy,1,2,1000,true,1,,2015-11-02T14:00:42.813Z,2015-11-02T14:25:28.793Z
8209,Container_Type_Get (Part),Container_Type_Get,Stored Procedure,Part,Inventory,Container Types,1,3,1000,true,1,,2014-11-25T15:55:26.333Z,2015-09-04T18:17:07.207Z
12540,Container_Type_Get_Full (Part),Container_Type_Get_Full,Stored Procedure,Part,Inventory,Container Types,2,43,1000,true,1,,2015-03-30T14:42:30.71Z,2020-01-24T07:43:58.9Z
17435,Container_Type_Items_Get (Part),Container_Type_Items_Get,Stored Procedure,Part,Inventory,Container Types,1,13,1000,true,1,,2015-09-04T17:21:19.64Z,
46,Container_Types_Get (Part),Container_Types_Get,Stored Procedure,Part,Inventory,Container Types,3,11,1000,true,1,,2014-02-01T05:00:00Z,2020-01-29T14:47:02.07Z
2361,Container_Types_Get_Full (Part),Container_Types_Get_Full,Stored Procedure,Part,Inventory,Container Types,8,18,1000,true,1,,2014-04-29T16:18:48.747Z,2015-11-19T17:25:14.737Z
2465,Container_Types_Part_Operations_Get (Part),Container_Types_Part_Operations_Get,Stored Procedure,Part,Inventory,Container Types,4,16,1000,true,1,,2014-05-06T13:50:49.537Z,2020-03-02T12:58:48.04Z
988,Container_Types_Picker_Get (Part),Container_Types_Picker_Get,Stored Procedure,Part,Inventory,Container Types,4,8,1000,true,1,,2014-02-26T21:29:36.933Z,2015-09-04T17:21:21.967Z
6423,Container_Update_Simple (Part),Container_Update_Simple,Stored Procedure,Part,Inventory,Inventory Tracking,29,1,1000,true,1,,2014-09-17T12:10:00.823Z,2018-10-09T20:55:40.473Z
4964,Container_Update_Status (Part),Container_Update_Status,Stored Procedure,Part,Inventory,Inventory Tracking,4,0,1000,true,1,,2014-08-11T11:18:40.967Z,2015-09-04T17:51:14.077Z
18575,Containers_By_Heat_Actual_Get (Part),Containers_By_Heat_Actual_Get,Stored Procedure,Part,Inventory,Inventory Tracking,45,27,1000,true,1,,2015-09-04T17:34:31.297Z,
22872,Containers_By_Last_Action_Today_Get (Part),Containers_By_Last_Action_Today_Get,Stored Procedure,Part,Inventory,Inventory Tracking,11,15,1000,true,1,,2015-09-04T18:31:50.85Z,
7187,Containers_By_Location_Get (Part),Containers_By_Location_Get,Stored Procedure,Part,Inventory,Inventory Tracking,9,53,10000,true,1,,2014-10-15T09:36:04.867Z,2023-12-13T13:30:13.67Z
237746,Containers_By_Location_Get2 (Part),Containers_By_Location_Get2,Stored Procedure,Part,Inventory,Inventory Tracking,16,47,10000,true,1,,2023-12-18T19:09:01.147Z,2023-12-18T20:29:00.197Z
19648,Containers_By_Location_Simple_Get (Part),Containers_By_Location_Simple_Get,Stored Procedure,Part,Inventory,Inventory Tracking,1,7,1000,true,1,,2015-09-04T17:57:44.803Z,
15981,Containers_By_Material_Container_Get (Part),Containers_By_Material_Container_Get,Stored Procedure,Part,Inventory,Inventory Tracking,1,10,1000,true,1,,2015-09-04T16:45:09.44Z,
8566,Containers_By_Part_Get (Part),Containers_By_Part_Get,Stored Procedure,Part,Inventory,Inventory Tracking,11,52,1000,true,1,,2014-12-05T15:57:02.13Z,2023-04-05T09:11:55.89Z
5904,Containers_By_Part_Get2 (Part),Containers_By_Part_Get2,Stored Procedure,Part,Inventory,Inventory Tracking,1,12,1000,true,1,,2014-09-03T14:15:07.617Z,2026-03-12T18:36:58.687Z
17750,Containers_By_Serial_No_List_Get (Part),Containers_By_Serial_No_List_Get,Stored Procedure,Part,Inventory,Inventory Tracking,1,6,1000,true,1,,2015-09-04T17:24:37.083Z,
8830,Containers_By_Supplier_Get (Part),Containers_By_Supplier_Get,Stored Procedure,Part,Inventory,Inventory Tracking,12,52,1000,true,1,,2014-12-11T15:51:26.597Z,2023-04-05T09:19:40.18Z
22951,Containers_FIFO_Split_Move (Part),Containers_FIFO_Split_Move,Stored Procedure,Part,Inventory,Inventory Tracking,5,2,1000,true,1,,2015-09-04T18:32:11.633Z,
172,Containers_Get2_RE (Part),Containers_Get2_RE,Stored Procedure,Part,Inventory,Inventory Tracking,30,49,1000,true,1,"Retrieves container records.

VisionPlex Note: Avoid using on a customer/supplier enabled screen.",2013-12-02T16:44:35.327Z,2020-11-09T16:44:38.05Z
18876,Containers_Lookup_Get (Part),Containers_Lookup_Get,Stored Procedure,Part,Inventory,Inventory Tracking,6,11,1000,true,1,,2015-09-04T17:37:44.9Z,
6149,Containers_Merge (Part),Containers_Merge,Stored Procedure,Part,Inventory,Inventory Tracking,11,0,1000,true,1,,2014-09-10T11:12:10.68Z,2015-09-04T16:40:56.573Z
18450,Containers_Updated_Get (Part),Containers_Updated_Get,Stored Procedure,Part,Inventory,Inventory Tracking,5,20,1000,true,1,,2015-09-04T17:32:33.567Z,
18877,Containers_WIP_Get (Part),Containers_WIP_Get,Stored Procedure,Part,Inventory,Inventory Tracking,9,22,1000,true,1,,2015-09-04T17:37:45.17Z,
19180,Containers_With_Heat_Characteristics_Get (Part),Containers_With_Heat_Characteristics_Get,Stored Procedure,Part,Inventory,Inventory Tracking,4,16,1000,true,1,,2015-09-04T17:43:20.877Z,
18430,Containers_With_Routing_Get (Part),Containers_With_Routing_Get,Stored Procedure,Part,Inventory,Inventory Tracking,6,16,1000,true,1,,2015-09-04T17:32:30.11Z,
14393,Control_Panel_Batch_Detail_Get (Part),Control_Panel_Batch_Detail_Get,Stored Procedure,Part,Production Tracking,Control Panel,1,7,1000,true,1,,2015-07-13T14:38:41.95Z,2015-07-13T14:38:57.183Z
14454,Control_Panel_Batch_Production (Part),Control_Panel_Batch_Production,Stored Procedure,Part,Production Tracking,Control Panel,7,1,1000,false,1,,2015-07-20T07:31:53.313Z,2024-02-06T23:31:15.893Z
13711,Control_Panel_BOM_Parts_For_Attachments_Get (Part),Control_Panel_BOM_Parts_For_Attachments_Get,Stored Procedure,Part,Production Tracking,Control Panel,1,5,1000,true,1,,2015-05-13T08:51:47.707Z,2016-10-06T11:30:09.057Z
13223,Control_Panel_Bulletins_Get (Part),Control_Panel_Bulletins_Get,Stored Procedure,Part,Production Tracking,Control Panel,2,6,1000,true,1,,2015-04-23T14:45:57.723Z,2016-10-06T10:21:12.167Z
17887,Control_Panel_Checksheets_V2_Required_Get (Part),Control_Panel_Checksheets_V2_Required_Get,Stored Procedure,Part,Production Tracking,Control Panel,6,32,1000,true,1,,2015-09-04T17:26:29.807Z,
12612,Control_Panel_Checksheets_With_Validation_Get (Part),Control_Panel_Checksheets_With_Validation_Get,Stored Procedure,Part,Production Tracking,Control Panel,5,36,1000,true,1,,2015-04-01T10:31:06.443Z,2021-11-30T14:47:10.323Z
14089,Control_Panel_Clear_Setup_Container (Part),Control_Panel_Clear_Setup_Container,Stored Procedure,Part,Production Tracking,Control Panel,1,2,1000,true,1,Clears a control panel setup container. Last action = Container Full. May move container to Default Production Location.,2015-06-10T07:04:33.567Z,2025-09-24T15:58:18.157Z
11951,Control_Panel_Component_Source_Get (Part),Control_Panel_Component_Source_Get,Stored Procedure,Part,Production Tracking,Control Panel,4,11,1000,true,1,,2015-03-10T12:07:27.513Z,2023-07-10T20:33:26.377Z
14772,Control_Panel_Container_Heat_Assign (Part),Control_Panel_Container_Heat_Assign,Stored Procedure,Part,Production Tracking,Control Panel,2,0,1000,true,1,,2015-08-24T08:48:38.573Z,
28186,Control_Panel_Container_Status_Picker_Get (Part),Control_Panel_Container_Status_Picker_Get,Stored Procedure,Part,Production Tracking,Control Panel,17,5,1000,true,1,,2016-08-16T22:22:24.09Z,2017-11-02T16:51:17.447Z
12199,Control_Panel_Container_Update (Part),Control_Panel_Container_Update,Stored Procedure,Part,Production Tracking,Control Panel,19,1,1000,true,1,,2015-03-18T05:38:13.79Z,2021-01-14T21:31:31.093Z
13153,Control_Panel_Container_Update_From_Scale (Part),Control_Panel_Container_Update_From_Scale,Stored Procedure,Part,Production Tracking,Control Panel,3,0,1000,false,1,,2015-04-20T10:08:23.92Z,2016-10-06T10:13:30.817Z
881,Control_Panel_Expected_Production_Get (Part),Control_Panel_Expected_Production_Get,Stored Procedure,Part,Production Tracking,Control Panel,4,4,1000,true,1,,2014-02-24T19:28:05.77Z,2023-02-28T17:28:37.26Z
10644,Control_Panel_Get_2 (Part),Control_Panel_Get_2,Stored Procedure,Part,Production Tracking,Control Panel,1,65,1000,true,1,,2015-02-04T10:57:30.643Z,2015-09-04T16:48:44.227Z
14234,Control_Panel_Grid_Get (Part),Control_Panel_Grid_Get,Stored Procedure,Part,Production Tracking,Control Panel,4,23,1000,true,1,,2015-06-19T11:25:55.187Z,2025-11-11T14:45:16.79Z
10638,Control_Panel_Job_Get_2 (Part),Control_Panel_Job_Get_2,Stored Procedure,Part,Production Tracking,Control Panel,1,70,1000,true,1,,2015-02-04T10:38:17.553Z,2015-09-04T16:48:44.477Z
14506,Control_Panel_Job_Op_Batch_Active_Get (Part),Control_Panel_Job_Op_Batch_Active_Get,Stored Procedure,Part,Production Tracking,Control Panel,2,1,1000,true,1,,2015-07-24T08:50:47.63Z,2021-07-13T16:23:26.477Z
13819,Control_Panel_Job_Source_Inventory_Get (Part),Control_Panel_Job_Source_Inventory_Get,Stored Procedure,Part,Production Tracking,Control Panel,2,13,1000,true,1,,2015-05-20T07:04:25.027Z,2023-07-10T20:23:44.13Z
18144,Control_Panel_Loaded_Only_Get (Part),Control_Panel_Loaded_Only_Get,Stored Procedure,Part,Production Tracking,Control Panel,9,23,1000,true,1,,2015-09-04T17:29:56.25Z,
6248,Control_Panel_Loaded_Source_Get (Part),Control_Panel_Loaded_Source_Get,Stored Procedure,Part,Production Tracking,Control Panel,7,23,1000,true,1,,2014-09-11T12:32:44.427Z,2014-09-25T09:19:18.897Z
11947,Control_Panel_Material_Source_Get (Part),Control_Panel_Material_Source_Get,Stored Procedure,Part,Production Tracking,Control Panel,2,8,1000,true,1,,2015-03-10T12:03:33.387Z,2023-07-10T20:31:30.393Z
12127,Control_Panel_Output_Container_Add (Part),Control_Panel_Output_Container_Add,Stored Procedure,Part,Production Tracking,Control Panel,6,2,1000,true,1,,2015-03-16T13:17:00.95Z,2015-09-04T17:30:30.807Z
11626,Control_Panel_Output_Get (Part),Control_Panel_Output_Get,Stored Procedure,Part,Production Tracking,Control Panel,1,61,1000,true,1,,2015-03-02T15:50:50.23Z,2023-07-27T09:45:33.63Z
12021,Control_Panel_Output_Setup_Get (Part),Control_Panel_Output_Setup_Get,Stored Procedure,Part,Production Tracking,Control Panel,1,23,1000,true,1,,2015-03-12T08:42:01.7Z,2019-05-20T15:35:46.757Z
22900,Control_Panel_Production_Timeouts_Get (Part),Control_Panel_Production_Timeouts_Get,Stored Procedure,Part,Production Tracking,Control Panel,2,7,1000,true,1,,2015-09-04T18:31:59.023Z,
23736,Control_Panel_Quantity_Per_Piece_Get (Part),Control_Panel_Quantity_Per_Piece_Get,Stored Procedure,Part,Production Tracking,Control Panel,3,3,1000,true,1,,2015-09-24T06:01:26.28Z,2015-09-24T06:01:44.797Z
12009,Control_Panel_Scrap_Container_Add (Part),Control_Panel_Scrap_Container_Add,Stored Procedure,Part,Production Tracking,Control Panel,3,2,1000,false,1,,2015-03-11T12:40:35.817Z,2026-06-01T18:29:16.817Z
13614,Control_Panel_Setup_BOM_Get (Part),Control_Panel_Setup_BOM_Get,Stored Procedure,Part,Production Tracking,Control Panel,2,46,1000,true,1,,2015-05-07T08:39:23.657Z,2023-06-30T08:17:27.04Z
12878,Control_Panel_Setup_Containers_Get (Part),Control_Panel_Setup_Containers_Get,Stored Procedure,Part,Production Tracking,Control Panel,2,33,1000,true,1,,2015-04-08T12:04:13.027Z,2017-11-02T17:48:49.247Z
13820,Control_Panel_Source_Inventory_Get (Part),Control_Panel_Source_Inventory_Get,Stored Procedure,Part,Production Tracking,Control Panel,3,12,1000,true,1,,2015-05-20T07:05:29.18Z,2023-07-10T20:26:14.043Z
11950,Control_Panel_Supply_Source_Get (Part),Control_Panel_Supply_Source_Get,Stored Procedure,Part,Production Tracking,Control Panel,4,8,1000,true,1,,2015-03-10T12:06:40.58Z,2023-07-10T20:30:04.1Z
15871,Control_Panel_Tool_Set_Tools_Get (Part),Control_Panel_Tool_Set_Tools_Get,Stored Procedure,Part,Production Tracking,Control Panel,2,6,1000,true,1,,2015-09-04T16:44:17.893Z,2023-10-05T18:14:42.797Z
23261,Control_Panel_Tool_Unload (Part),Control_Panel_Tool_Unload,Stored Procedure,Part,Production Tracking,Control Panel,3,0,1000,true,1,,2015-09-18T11:10:09.837Z,2025-12-16T07:03:00.497Z
11949,Control_Panel_WIP_Source_Get (Part),Control_Panel_WIP_Source_Get,Stored Procedure,Part,Production Tracking,Control Panel,3,8,1000,true,1,,2015-03-10T12:05:42.533Z,2023-07-10T20:30:44.23Z
17841,Control_Panel_Workcenter_Checksheets_Get (Part),Control_Panel_Workcenter_Checksheets_Get,Stored Procedure,Part,Production Tracking,Control Panel,1,28,1000,true,1,,2015-09-04T17:26:04.853Z,
10570,Control_Panel_Workcenters_Get (Part),Control_Panel_Workcenters_Get,Stored Procedure,Part,Production Tracking,Control Panel,4,11,1000,true,1,,2015-02-03T07:05:21.63Z,2015-09-04T17:43:18.45Z
20022,Control_Panel_Workcenters_Get_Open (Part),Control_Panel_Workcenters_Get_Open,Stored Procedure,Part,Production Tracking,Control Panel,0,11,1000,true,1,,2015-09-04T18:01:41.86Z,
22974,Cost_Component_History_Get (Part),Cost_Component_History_Get,Stored Procedure,Part,Costing,Part Cost Structure,8,13,1000,true,1,,2015-09-04T18:32:18.847Z,2016-10-03T20:11:15.803Z
2642,Cost_Models_Get (Part),Cost_Models_Get,Stored Procedure,Part,Costing,Part Cost Structure,5,11,1000,true,1,,2014-05-14T15:00:29.16Z,2022-01-27T17:50:23.7Z
16270,Cost_Part_Margin_Get (Part),Cost_Part_Margin_Get,Stored Procedure,Part,Costing,Advanced Standard Costing,3,9,1000,true,1,,2015-09-04T16:59:42.953Z,
19826,Cost_Variance_Report (Part),Cost_Variance_Report,Stored Procedure,Part,Costing,Advanced Standard Costing,3,19,1000,true,1,,2015-09-04T17:58:40.157Z,2022-02-28T13:02:51.317Z
24163,Customer_Part_Average_Values_Get (Part),Customer_Part_Average_Values_Get,Stored Procedure,Part,Engineering,Customer Part Management,3,7,1000,false,1,,2015-11-09T18:35:27.47Z,2015-11-09T18:37:20.907Z
23062,Customer_Part_EDI_Attributes_Get (Part),Customer_Part_EDI_Attributes_Get,Stored Procedure,Part,Engineering,Customer Part Management,1,5,1000,true,1,,2015-09-04T18:33:15.797Z,2017-10-16T16:21:19.773Z
231923,Customer_Parts_By_Part_Get (Part),Customer_Parts_By_Part_Get,Stored Procedure,Part,Engineering,Customer Part Management,2,4,1000,true,1,,2019-10-17T13:05:49.517Z,2019-10-17T13:10:13.16Z
18025,Customer_Parts_By_Part_Or_Customer_Part_Get (Part),Customer_Parts_By_Part_Or_Customer_Part_Get,Stored Procedure,Part,Engineering,Customer Part Management,2,8,1000,true,1,,2015-09-04T17:28:24.46Z,
885,Customer_Parts_Get (Part),Customer_Parts_Get,Stored Procedure,Part,Engineering,Customer Part Management,13,43,1000,true,1,,2014-02-25T17:14:19.837Z,2023-07-26T12:56:00.177Z
14572,Customer_Parts_Get_All (Part),Customer_Parts_Get_All,Stored Procedure,Part,Engineering,Customer Part Management,0,4,1000,false,1,,2015-07-30T13:44:22.24Z,
2168,Customer_Parts_Get_Simple (Part),Customer_Parts_Get_Simple,Stored Procedure,Part,Engineering,Customer Part Management,1,12,1000,true,1,,2014-04-15T19:02:14.01Z,2024-03-27T19:02:36.927Z
1166,Customer_Parts_Get4 (Part),Customer_Parts_Get4,Stored Procedure,Part,Engineering,Customer Part Management,4,7,1000,false,1,,2014-03-07T19:07:22.983Z,2015-09-04T18:30:55.923Z
715,Customer_Parts_Get5 (Part),Customer_Parts_Get5,Stored Procedure,Part,Engineering,Customer Part Management,1,6,1000,true,1,,2014-02-17T14:28:21.013Z,2015-09-04T18:10:41.743Z
8663,Customer_Parts_Get6 (Part),Customer_Parts_Get6,Stored Procedure,Part,Engineering,Customer Part Management,1,5,1000,false,1,,2014-12-09T14:22:07.103Z,2015-09-04T17:20:40.42Z
1167,Customer_Parts_Get8 (Part),Customer_Parts_Get8,Stored Procedure,Part,Engineering,Customer Part Management,17,37,1000,true,1,,2014-03-07T19:20:08.53Z,2015-09-04T17:20:40.45Z
11965,Customer_Receipt_New_Container_Add (Part),Customer_Receipt_New_Container_Add,Stored Procedure,Part,Inventory,Customer Receiving,33,1,1000,true,1,,2015-03-10T16:42:43.43Z,2026-02-27T05:35:55.68Z
15596,Customer_Releases_By_Operation_Type_Get (Part),Customer_Releases_By_Operation_Type_Get,Stored Procedure,Part,Sales and CRM,Customer Orders and Releases,7,11,1000,true,1,,2015-09-04T16:42:00.673Z,
28536,Cycle_Count_Inventory_Complete_In_Progress_Check (Part),Cycle_Count_Inventory_Complete_In_Progress_Check,Stored Procedure,Part,Inventory,Cycle Count,1,3,1000,false,1,,2016-11-30T16:26:59.947Z,
28538,Cycle_Count_Inventory_Complete_Progress_Get (Part),Cycle_Count_Inventory_Complete_Progress_Get,Stored Procedure,Part,Inventory,Cycle Count,1,2,1000,false,1,,2016-11-30T16:49:58.097Z,
12150,Cycle_Inventory_Item_Detail_Report_Get (Part),Cycle_Inventory_Item_Detail_Report_Get,Stored Procedure,Part,Inventory,Cycle Count,4,27,1000,true,1,,2015-03-17T09:45:23.903Z,2015-09-04T16:43:22.297Z
18765,Daily_Performance_Report_Get (Part),Daily_Performance_Report_Get,Stored Procedure,Part,Production Tracking,Production Tracking,16,14,1000,true,1,,2015-09-04T17:37:10.73Z,
11915,Daily_Production_Get_New (Part),Daily_Production_Get_New,Stored Procedure,Part,Production Tracking,Production Tracking,14,34,10000,true,1,,2015-03-09T14:38:51.75Z,2023-01-10T14:36:32.603Z
16014,Daily_Production_Summary_Report_Get (Part),Daily_Production_Summary_Report_Get,Stored Procedure,Part,Production Tracking,Production Tracking,9,12,1000,true,1,,2015-09-04T16:45:41.45Z,2019-04-05T08:51:24.603Z
19038,Daily_Shift_By_Operator_Report_Get (Part),Daily_Shift_By_Operator_Report_Get,Stored Procedure,Part,Production Tracking,Production Tracking,17,36,1000,true,1,,2015-09-04T17:40:42.977Z,2018-10-15T20:48:36.84Z
18189,Daily_Shift_Report_Get (Part),Daily_Shift_Report_Get,Stored Procedure,Part,Production Tracking,Production Tracking,20,36,1000,true,1,,2015-09-04T17:30:20.353Z,2025-04-29T13:32:45.33Z
6456,Defect_Type_Get (Part),Defect_Type_Get,Stored Procedure,Part,Quality,Defect Log,2,2,1000,true,0,,2014-09-18T17:04:49.933Z,2015-09-04T18:05:20.377Z
237354,Demand_Caster_BOMs_Get_All_Active (Part),Demand_Caster_BOMs_Get_All_Active,Stored Procedure,Part,,,4,15,1000,false,1,,2023-08-08T13:09:18.59Z,2023-09-19T12:35:18.933Z
237348,Demand_Caster_Job_BOM_Summary_Report_Get (Part),Demand_Caster_Job_BOM_Summary_Report_Get,Stored Procedure,Part,,,3,9,1000,false,1,,2023-08-07T12:49:30.523Z,2026-01-07T08:08:42.623Z
24211,Demand_Caster_Jobs_Active_Production_Get (Part),Demand_Caster_Jobs_Active_Production_Get,Stored Procedure,Part,,,3,15,5000,false,1,,2015-12-07T16:19:17.397Z,2026-01-07T08:09:20.75Z
24129,Demand_Caster_Jobs_Added_Get (Part),Demand_Caster_Jobs_Added_Get,Stored Procedure,Part,,,4,11,20000,false,1,,2015-11-03T15:20:31.007Z,2026-02-17T10:31:53.9Z
235711,Demand_Caster_Jobs_Batch_Operation_Check (Part),Demand_Caster_Jobs_Batch_Operation_Check,Stored Procedure,Part,,,1,3,1000,false,1,,2022-05-31T12:17:09.223Z,2022-05-31T12:20:52.393Z
233728,Demand_Caster_Part_Inventory_By_Building_Get (Part),Demand_Caster_Part_Inventory_By_Building_Get,Stored Procedure,Part,,,2,9,1000,false,1,,2020-12-07T13:30:07.017Z,2022-08-29T07:14:32.06Z
235929,Demand_Caster_Part_Operation_Workcenters_Info_Get (Part),Demand_Caster_Part_Operation_Workcenters_Info_Get,Stored Procedure,Part,,,7,18,5000,false,1,,2022-07-27T20:04:41.65Z,2022-07-27T20:12:16.91Z
11229,Deplete_Cell_Depletion_BOM (Part),Deplete_Cell_Depletion_BOM,Stored Procedure,Part,,,9,0,1000,false,1,,2015-02-19T20:04:43.207Z,2023-03-07T16:19:47.377Z
12161,Detailed_Production_Get_New_Time (Part),Detailed_Production_Get_New_Time,Stored Procedure,Part,Production Tracking,Production Tracking,15,30,1000,true,1,,2015-03-17T11:26:14.747Z,2023-08-08T11:29:19.61Z
21532,Detailed_Production_Get_New_Time_By_Big_Date (Part),Detailed_Production_Get_New_Time_By_Big_Date,Stored Procedure,Part,Production Tracking,Production Tracking,15,29,1000,true,1,,2015-09-04T18:11:36.283Z,2023-02-28T16:28:51.51Z
21530,Detailed_Production_Get_New_Time_By_Part (Part),Detailed_Production_Get_New_Time_By_Part,Stored Procedure,Part,Production Tracking,Production Tracking,15,29,1000,true,1,,2015-09-04T18:11:35.59Z,2023-02-28T16:33:39.56Z
21531,Detailed_Production_Get_New_Time_By_Small_Date (Part),Detailed_Production_Get_New_Time_By_Small_Date,Stored Procedure,Part,Production Tracking,Production Tracking,15,0,1000,true,1,,2015-09-04T18:11:36.223Z,2023-02-28T16:30:31.33Z
21529,Detailed_Production_Get_SmallDate_NoPart (Part),Detailed_Production_Get_SmallDate_NoPart,Stored Procedure,Part,Production Tracking,Production Tracking,13,30,1000,true,1,,2015-09-04T18:11:34.623Z,2023-02-28T16:32:03.667Z
17863,Ecommerce_Customer_Parts_Get (Part),Ecommerce_Customer_Parts_Get,Stored Procedure,Part,Engineering,Part List,4,3,1000,true,1,,2015-09-04T17:26:09.647Z,
18213,Ecommerce_Part_Attributes_Get (Part),Ecommerce_Part_Attributes_Get,Stored Procedure,Part,Engineering,Part List,2,5,1000,true,1,,2015-09-04T17:30:26.52Z,
17844,Ecommerce_Parts_Get (Part),Ecommerce_Parts_Get,Stored Procedure,Part,Engineering,Part List,7,12,1000,true,1,,2015-09-04T17:26:05.82Z,
1035,ECRs_Get (Part),ECRs_Get,Stored Procedure,Part,Engineering,Engineering Change Request,32,49,1000,true,1,,2014-02-27T16:18:27.477Z,2015-09-04T17:37:43.643Z
11914,Executive_Summary_Daily_Production_Get_By_Workcenter (Part),Executive_Summary_Daily_Production_Get_By_Workcenter,Stored Procedure,Part,Production Tracking,Production Tracking,8,16,1000,true,1,,2015-03-09T14:37:06.03Z,2015-09-04T17:37:37.817Z
19322,Exploded_BOM_Required_Hours_Get (Part),Exploded_BOM_Required_Hours_Get,Stored Procedure,Part,Engineering,Bill of Materials,3,11,1000,true,1,,2015-09-04T17:52:24.86Z,
18164,Finalize_Receipt_Upload_Add (Part),Finalize_Receipt_Upload_Add,Stored Procedure,Part,Purchasing,Receiving,5,0,1000,true,1,,2015-09-04T17:29:59.85Z,2016-04-23T15:01:42.677Z
18163,Finalize_Receipt_Upload_Validate (Part),Finalize_Receipt_Upload_Validate,Stored Procedure,Part,Purchasing,Receiving,3,4,1000,true,1,,2015-09-04T17:29:59.727Z,
16693,Foreign_Receipt_Report_Get (Part),Foreign_Receipt_Report_Get,Stored Procedure,Part,Shipping,Customer Shipping,2,24,5000,true,1,,2015-09-04T17:11:29.187Z,2016-12-01T21:11:11.38Z
13230,Furnace_Load_Containers_Get (Part),Furnace_Load_Containers_Get,Stored Procedure,Part,Production Tracking,Heat Treat Manager,1,15,1000,true,1,,2015-04-24T07:50:14.27Z,2018-06-12T15:40:55.653Z
17877,Furnace_Load_Cycles_Get (Part),Furnace_Load_Cycles_Get,Stored Procedure,Part,Production Tracking,Heat Treat Manager,1,10,1000,true,1,,2015-09-04T17:26:26.93Z,
13227,Furnace_Load_Get (Part),Furnace_Load_Get,Stored Procedure,Part,Production Tracking,Heat Treat Manager,2,32,1000,true,1,,2015-04-24T07:30:10.81Z,2015-09-04T17:26:23.443Z
2570,Furnace_Loads_Get (Part),Furnace_Loads_Get,Stored Procedure,Part,Production Tracking,Heat Treat Manager,15,28,1000,true,1,,2014-05-12T22:59:01.64Z,2015-09-04T17:26:23.367Z
17886,Furnace_Loads_Get2 (Part),Furnace_Loads_Get2,Stored Procedure,Part,Production Tracking,Heat Treat Manager,14,13,1000,true,1,,2015-09-04T17:26:29.21Z,2018-04-06T14:02:31.443Z
14733,Get_Part_Key (Part),Get_Part_Key,Stored Procedure,Part,Engineering,Part List,2,1,1000,true,1,,2015-08-19T11:46:33.27Z,
22254,Interplant_2TS_Container_Breakdown_Get (Part),Interplant_2TS_Container_Breakdown_Get,Stored Procedure,Part,Shipping,Inter-plant Transfers,1,4,1000,true,1,,2015-09-04T18:18:35.307Z,
22252,Interplant_Shipper_2TS_Get (Part),Interplant_Shipper_2TS_Get,Stored Procedure,Part,Shipping,Inter-plant Transfers,2,32,1000,true,1,,2015-09-04T18:18:33.96Z,
20516,Interplant_Shipper_Detail_Get (Part),Interplant_Shipper_Detail_Get,Stored Procedure,Part,Shipping,Inter-plant Transfers,1,13,1000,true,1,,2015-09-04T18:07:06.333Z,
12750,Interplant_Shipper_Get (Part),Interplant_Shipper_Get,Stored Procedure,Part,Shipping,Inter-plant Transfers,1,141,1000,true,1,,2015-04-06T12:27:22.6Z,2022-02-08T15:15:29.957Z
5038,Interplant_Shipper_Status_Get (Part),Interplant_Shipper_Status_Get,Stored Procedure,Part,Shipping,Inter-plant Transfers,0,6,1000,true,1,,2014-08-12T14:15:59.82Z,2022-02-08T14:33:25Z
4996,Interplant_Shippers_Get (Part),Interplant_Shippers_Get,Stored Procedure,Part,Shipping,Inter-plant Transfers,22,42,1000,true,1,,2014-08-11T13:53:07.457Z,2021-11-02T15:32:46.167Z
19428,Interplant_Shipping_Requirements_Get (Part),Interplant_Shipping_Requirements_Get,Stored Procedure,Part,Shipping,Inter-plant Transfers,12,22,1000,true,1,,2015-09-04T17:53:26.537Z,
19455,Interplant_Shipping_Requirements_PickList_Get (Part),Interplant_Shipping_Requirements_PickList_Get,Stored Procedure,Part,Shipping,Inter-plant Transfers,1,17,1000,true,1,,2015-09-04T17:54:10.193Z,2022-02-08T15:09:05.183Z
16560,Inventoriable_Containers_Get (Part),Inventoriable_Containers_Get,Stored Procedure,Part,Inventory,Inventory Tracking,4,17,1000,true,1,,2015-09-04T17:05:32.427Z,
16601,Inventory_Analysis_Report_Get (Part),Inventory_Analysis_Report_Get,Stored Procedure,Part,Inventory,Inventory Tracking,5,10,1000,true,1,,2015-09-04T17:10:21.127Z,
15133,Inventory_By_Location_Get (Part),Inventory_By_Location_Get,Stored Procedure,Part,Inventory,Inventory Tracking,2,16,1000,true,1,,2015-09-04T16:36:28.897Z,2015-09-04T20:18:05.84Z
23733,Inventory_By_Part_Location_Get (Part),Inventory_By_Part_Location_Get,Stored Procedure,Part,Inventory,Inventory Tracking,12,25,1000,true,1,,2015-09-23T16:05:24.633Z,2015-09-23T16:08:54.743Z
19209,Inventory_By_Tracking_No_Get (Part),Inventory_By_Tracking_No_Get,Stored Procedure,Part,Inventory,Inventory Tracking,12,19,1000,true,1,,2015-09-04T17:43:48.107Z,
14735,Inventory_By_Type_Get (Part),Inventory_By_Type_Get,Stored Procedure,Part,Inventory,Inventory Tracking,22,32,1000,true,1,,2015-08-19T12:36:43.11Z,2015-10-28T18:40:44.747Z
15713,Inventory_Container_Creation_Get (Part),Inventory_Container_Creation_Get,Stored Procedure,Part,Inventory,Inventory Tracking,7,9,1000,true,1,,2015-09-04T16:43:21.837Z,
18777,Inventory_History_Get (Part),Inventory_History_Get,Stored Procedure,Part,Inventory,Inventory Tracking,22,33,1000,true,1,,2015-09-04T17:37:13.09Z,
14778,Inventory_Location_Containers_Get (Part),Inventory_Location_Containers_Get,Stored Procedure,Part,Inventory,Inventory Tracking,4,14,2000,true,1,,2015-08-25T11:36:12.03Z,2026-06-14T13:07:30.66Z
18687,Inventory_PEP_Export_Get (Part),Inventory_PEP_Export_Get,Stored Procedure,Part,Inventory,Inventory Tracking,9,13,1000,true,1,,2015-09-04T17:35:54.95Z,
18873,Inventory_Summary_Get (Part),Inventory_Summary_Get,Stored Procedure,Part,Inventory,Inventory Tracking,21,15,5000,true,1,,2015-09-04T17:37:44.34Z,2023-05-30T19:36:56.17Z
17686,Inventory_Summary_Report_Get (Part),Inventory_Summary_Report_Get,Stored Procedure,Part,Inventory,Inventory Tracking,4,12,1000,true,1,,2015-09-04T17:24:09.39Z,
6286,Inventory_Turns_Get (Part),Inventory_Turns_Get,Stored Procedure,Part,Inventory,Inventory Tracking,3,13,1000,true,1,,2014-09-12T12:54:00.66Z,2015-09-04T17:43:48.89Z
29317,Inventory_With_Heat_Actuals_Get (Part),Inventory_With_Heat_Actuals_Get,Stored Procedure,Part,Inventory,Inventory Tracking,0,29,1000,true,1,,2017-12-01T14:32:59.403Z,2017-12-21T13:12:24.35Z
23861,Inventory_With_Job_Allocation_Get (Part),Inventory_With_Job_Allocation_Get,Stored Procedure,Part,Inventory,Inventory Tracking,16,25,1000,true,1,,2015-10-08T22:05:36.02Z,2023-10-23T10:02:29.927Z
6233,Job_Accounting_Job_Get (Part),Job_Accounting_Job_Get,Stored Procedure,Part,Accounting,Project Accounting,1,2,1000,true,1,,2014-09-11T12:24:23.8Z,2015-09-04T18:32:25.05Z
18294,Job_Actual_Cost_Standard_Cost_Get (Part),Job_Actual_Cost_Standard_Cost_Get,Stored Procedure,Part,Costing,Job Costing,8,31,1000,true,1,,2015-09-04T17:31:17.837Z,2022-10-05T19:49:42.277Z
20056,Job_Actual_Cost_Standard_Cost_Summary_Get (Part),Job_Actual_Cost_Standard_Cost_Summary_Get,Stored Procedure,Part,Costing,Job Costing,8,12,1000,true,1,,2015-09-04T18:02:29.207Z,
20352,Job_Allocations_By_Production_Get (Part),Job_Allocations_By_Production_Get,Stored Procedure,Part,Production Tracking,Job Tracking System,3,14,1000,true,1,,2015-09-04T18:05:16.853Z,
20578,Job_Allocations_Simple_Get (Part),Job_Allocations_Simple_Get,Stored Procedure,Part,Production Tracking,Job Tracking System,1,2,1000,true,1,,2015-09-04T18:07:14.287Z,
235750,Job_And_Operations_API_Add (Part),Job_And_Operations_API_Add,Stored Procedure,Part,Production Tracking,Job Tracking System,12,5,1000,false,1,,2022-06-14T13:30:18.467Z,2026-03-31T10:50:54.237Z
4089,Job_Attributess_Get (Part),Job_Attributess_Get,Stored Procedure,Part,Production Tracking,Job Tracking System,9,17,1000,true,1,,2014-07-10T15:43:19.33Z,2016-05-12T17:31:48.997Z
22776,Job_BOM_Component_Add (Part),Job_BOM_Component_Add,Stored Procedure,Part,Production Tracking,Job Tracking System,7,3,1000,true,1,,2015-09-04T18:31:28.407Z,
22775,Job_BOM_Component_Delete (Part),Job_BOM_Component_Delete,Stored Procedure,Part,Production Tracking,Job Tracking System,4,3,1000,true,1,,2015-09-04T18:31:28.297Z,
23734,Job_BOM_Inventory_Requirements_Get (Part),Job_BOM_Inventory_Requirements_Get,Stored Procedure,Part,Production Tracking,Job Tracking System,7,16,1000,true,1,,2015-09-23T16:47:00.26Z,2015-09-24T17:43:31.383Z
10603,Job_BOMs_by_Job_Get (Part),Job_BOMs_by_Job_Get,Stored Procedure,Part,Production Tracking,Job Tracking System,7,41,1000,true,1,,2015-02-03T14:18:26.083Z,2023-08-15T07:11:16.61Z
18563,Job_BOMs_Manufacturer_Parts_Get (Part),Job_BOMs_Manufacturer_Parts_Get,Stored Procedure,Part,Production Tracking,Job Tracking System,8,31,1000,true,1,,2015-09-04T17:34:27.99Z,
16895,Job_BOMs_Picker_Get (Part),Job_BOMs_Picker_Get,Stored Procedure,Part,Production Tracking,Job Tracking System,6,7,1000,true,1,,2015-09-04T17:13:00.787Z,
3320,Job_Cancel (Part),Job_Cancel,Stored Procedure,Part,Production Tracking,Job Tracking System,3,0,1000,true,1,,2014-06-06T12:54:38.103Z,2015-09-04T18:30:43.673Z
22939,Job_Container_Perkins_Engine_Information_By_Serial_No_Get (Part),Job_Container_Perkins_Engine_Information_By_Serial_No_Get,Stored Procedure,Part,Production Tracking,Job Tracking System,1,9,1000,true,1,,2015-09-04T18:32:08.467Z,
3791,Job_Cost_Detail_Get (Part),Job_Cost_Detail_Get,Stored Procedure,Part,Costing,Job Costing,6,28,1000,true,1,,2014-06-25T15:34:03.313Z,2015-09-04T17:39:41.837Z
16647,Job_Delivery_Get (Part),Job_Delivery_Get,Stored Procedure,Part,Production Tracking,Job Tracking System,5,10,1000,true,1,,2015-09-04T17:10:53.24Z,
15630,Job_Demand_Detail_Get (Part),Job_Demand_Detail_Get,Stored Procedure,Part,Production Tracking,Job Tracking System,6,12,1000,true,1,,2015-09-04T16:42:34.727Z,
19287,Job_Dispatch_Pick_Load_Report_Get (Part),Job_Dispatch_Pick_Load_Report_Get,Stored Procedure,Part,Production Tracking,Job Tracking System,3,19,1000,true,1,,2015-09-04T17:51:14.317Z,2024-03-19T11:58:08.373Z
11055,Job_Dispatchs_Download_Get (Part),Job_Dispatchs_Download_Get,Stored Procedure,Part,Production Tracking,Job Tracking System,7,20,1000,true,1,,2015-02-15T16:34:39.493Z,2015-09-04T16:44:19.233Z
571,Job_Get2 (Part),Job_Get2,Stored Procedure,Part,Production Tracking,Job Tracking System,1,10,1000,true,1,,2014-02-10T14:13:12.333Z,2016-08-19T11:03:58.307Z
4216,Job_Key_Get (Part),Job_Key_Get,Stored Procedure,Part,Production Tracking,Job Tracking System,1,1,1000,true,1,,2014-07-11T16:04:31.053Z,2015-09-04T17:31:42.057Z
230236,Job_Lot_Add_Update_Webservice (Part),Job_Lot_Add_Update_Webservice,Stored Procedure,Part,Inventory,Lot Management,3,3,1000,true,1,,2018-10-22T18:47:16.123Z,2019-02-25T16:20:18.27Z
5197,Job_Manager_Get (Part),Job_Manager_Get,Stored Procedure,Part,Production Tracking,Job Tracking System,32,51,500,true,1,,2014-08-15T11:58:53.64Z,2025-10-28T11:06:53.547Z
4408,Job_Note_Get (Part),Job_Note_Get,Stored Procedure,Part,Production Tracking,Job Tracking System,2,1,1000,true,1,,2014-07-21T16:22:13.007Z,2015-09-04T16:48:29.337Z
22113,Job_Op_Batch_Get (Part),Job_Op_Batch_Get,Stored Procedure,Part,Production Tracking,Job Tracking System,1,14,1000,true,1,,2015-09-04T18:18:01.03Z,2021-07-27T15:46:06.09Z
14503,Job_Op_Batch_Info_Get (Part),Job_Op_Batch_Info_Get,Stored Procedure,Part,Production Tracking,Job Tracking System,2,11,1000,true,1,,2015-07-24T08:15:03.513Z,2021-07-13T16:19:12.193Z
234371,Job_Op_Batch_Status_Default_Get (Part),Job_Op_Batch_Status_Default_Get,Stored Procedure,Part,Production Tracking,Job Tracking System,0,7,1000,true,1,,2021-06-14T15:34:00Z,2021-06-14T15:38:00Z
10828,Job_Op_Bulletin_From_Job_Get (Part),Job_Op_Bulletin_From_Job_Get,Stored Procedure,Part,Production Tracking,Job Tracking System,1,2,1000,true,1,,2015-02-09T11:14:26.913Z,2015-09-04T18:31:07.237Z
4410,Job_Op_Bulletin_Update (Part),Job_Op_Bulletin_Update,Stored Procedure,Part,Production Tracking,Job Tracking System,2,0,1000,true,1,,2014-07-21T17:01:37.41Z,2019-02-25T16:20:18.27Z
18996,Job_Op_By_Workcenter_Get (Part),Job_Op_By_Workcenter_Get,Stored Procedure,Part,Production Tracking,Job Tracking System,3,1,1000,true,1,,2015-09-04T17:39:37.557Z,
4414,Job_Op_Get (Part),Job_Op_Get,Stored Procedure,Part,Production Tracking,Job Tracking System,1,50,1000,true,1,,2014-07-21T17:29:44.093Z,2022-03-22T13:42:22.907Z
24127,Job_Op_Key_Get (Part),Job_Op_Key_Get,Stored Procedure,Part,Production Tracking,Job Tracking System,1,1,1000,true,1,,2015-11-03T15:03:33.62Z,2015-11-03T15:03:42.637Z
20605,Job_Op_Note_Get (Part),Job_Op_Note_Get,Stored Procedure,Part,Production Tracking,Job Tracking System,2,2,1000,true,1,,2015-09-04T18:07:47.497Z,2017-03-10T17:09:13.043Z
20610,Job_Op_Note_Update (Part),Job_Op_Note_Update,Stored Procedure,Part,Production Tracking,Job Tracking System,3,0,1000,true,1,,2015-09-04T18:07:48.007Z,
235293,Job_Op_Part_Operations_Picker_Get (Part),Job_Op_Part_Operations_Picker_Get,Stored Procedure,Part,Production Tracking,Job Tracking System,4,5,1000,true,1,,2022-02-22T15:05:14.583Z,2022-03-01T14:15:13.793Z
20051,Job_Op_Status_Quantity_Update (Part),Job_Op_Status_Quantity_Update,Stored Procedure,Part,Production Tracking,Job Tracking System,4,0,1000,true,1,,2015-09-04T18:02:27.593Z,
3524,Job_Op_Statuses_Get (Part),Job_Op_Statuses_Get,Stored Procedure,Part,Production Tracking,Job Tracking System,2,14,1000,true,1,,2014-06-19T16:02:09.783Z,2015-09-04T17:24:43.08Z
17826,Job_Op_Tool_Assembly_Get (Part),Job_Op_Tool_Assembly_Get,Stored Procedure,Part,Production Tracking,Job Tracking System,1,4,1000,true,1,,2015-09-04T17:26:01.637Z,
17791,Job_Op_Tool_Assemblys_By_Job_Key_Get (Part),Job_Op_Tool_Assemblys_By_Job_Key_Get,Stored Procedure,Part,Production Tracking,Job Tracking System,1,5,1000,true,1,,2015-09-04T17:24:45.72Z,
18543,Job_Operation_Export_Get (Part),Job_Operation_Export_Get,Stored Procedure,Part,Production Tracking,Job Tracking System,13,13,1000,true,1,,2015-09-04T17:33:48.53Z,
12139,Job_Ops_Attributes_Get (Part),Job_Ops_Attributes_Get,Stored Procedure,Part,Production Tracking,Job Tracking System,2,7,1000,true,1,,2015-03-16T15:20:19.24Z,2015-09-04T18:16:56.817Z
4422,Job_Ops_By_Job_Get (Part),Job_Ops_By_Job_Get,Stored Procedure,Part,Production Tracking,Job Tracking System,1,54,1000,true,1,,2014-07-21T16:37:05.03Z,2023-11-29T07:43:08.303Z
21185,Job_Ops_by_Job_Summary_Get (Part),Job_Ops_by_Job_Summary_Get,Stored Procedure,Part,Production Tracking,Job Tracking System,2,12,1000,true,1,,2015-09-04T18:10:06.88Z,
21186,Job_Ops_By_Run_Time_Type_Get (Part),Job_Ops_By_Run_Time_Type_Get,Stored Procedure,Part,Production Tracking,Job Tracking System,2,12,1000,true,1,,2015-09-04T18:10:07.26Z,
19531,Job_Ops_By_Scenario_Get (Part),Job_Ops_By_Scenario_Get,Stored Procedure,Part,Production Tracking,Job Tracking System,8,37,1000,true,1,,2015-09-04T17:55:03.52Z,
4701,Job_Ops_Get_Picker (Part),Job_Ops_Get_Picker,Stored Procedure,Part,Production Tracking,Job Tracking System,4,6,1000,true,1,,2014-08-04T14:44:34.157Z,2015-09-04T17:04:58.827Z
263,Job_Part_Get (Part),Job_Part_Get,Stored Procedure,Part,Production Tracking,Job Tracking System,1,10,1000,true,1,,2013-12-08T20:34:31.423Z,2018-09-18T15:06:53.757Z
7030,Job_Part_Info_Get (Part),Job_Part_Info_Get,Stored Procedure,Part,Production Tracking,Job Tracking System,1,2,1000,true,1,,2014-10-08T10:52:39.81Z,2015-09-04T17:30:03.51Z
10839,Job_Part_Operations_Bulletin_Get (Part),Job_Part_Operations_Bulletin_Get,Stored Procedure,Part,Production Tracking,Job Tracking System,2,4,1000,true,1,,2015-02-09T11:38:53.63Z,2015-09-04T18:02:28.403Z
24113,Job_Pick_Get (Part),Job_Pick_Get,Stored Procedure,Part,Production Tracking,Job Tracking System,1,25,1000,true,1,,2015-11-02T10:26:49.82Z,2015-11-02T10:27:26.6Z
10780,Job_Pick_List_Get (Part),Job_Pick_List_Get,Stored Procedure,Part,Production Tracking,Job Tracking System,1,54,1000,true,1,,2015-02-06T12:46:34.21Z,2023-04-05T11:04:59.367Z
20351,Job_Production_Containers_Get (Part),Job_Production_Containers_Get,Stored Procedure,Part,Production Tracking,Job Tracking System,3,12,1000,true,1,,2015-09-04T18:05:16.48Z,
4653,Job_Production_Efficiency_v2_Get (Part),Job_Production_Efficiency_v2_Get,Stored Procedure,Part,Production Tracking,Job Tracking System,11,27,1000,true,1,,2014-07-30T11:00:20.647Z,2015-09-04T17:33:41.607Z
4426,Job_Production_Get (Part),Job_Production_Get,Stored Procedure,Part,Production Tracking,Job Tracking System,3,1,1000,true,1,,2014-07-21T17:05:21.313Z,2015-09-04T17:31:20.777Z
19617,Job_Production_Report_Export_Get (Part),Job_Production_Report_Export_Get,Stored Procedure,Part,Production Tracking,Job Tracking System,10,17,1000,true,1,,2015-09-04T17:57:38.43Z,
5628,Job_Production_Report_Get (Part),Job_Production_Report_Get,Stored Procedure,Part,Production Tracking,Job Tracking System,10,20,1000,true,1,,2014-08-27T11:59:20.85Z,2016-06-20T19:14:11.737Z
5463,Job_Production_Requirements_Get (Part),Job_Production_Requirements_Get,Stored Procedure,Part,Production Tracking,Job Tracking System,11,28,1000,true,1,,2014-08-21T12:27:32.45Z,2025-04-07T09:54:36.71Z
4530,Job_Requirements_Dispatch_Get (Part),Job_Requirements_Dispatch_Get,Stored Procedure,Part,Production Tracking,Job Tracking System,2,6,1000,true,1,,2014-07-24T16:03:17.56Z,2021-03-18T09:40:33.817Z
24176,Job_Run_Records_Update (Part),Job_Run_Records_Update,Stored Procedure,Part,Production Tracking,Job Tracking System,4,0,1000,true,1,,2015-11-12T10:05:50.733Z,2015-11-12T10:06:18.877Z
3023,Job_Set_Get (Part),Job_Set_Get,Stored Procedure,Part,Production Tracking,Job Sets,1,21,1000,true,1,,2014-06-02T19:37:57.81Z,2024-03-01T17:01:25.51Z
22743,Job_Set_Release_No_By_Container_Get (Part),Job_Set_Release_No_By_Container_Get,Stored Procedure,Part,Production Tracking,Job Sets,1,1,1000,true,1,,2015-09-04T18:31:15.53Z,
17445,Job_Set_Sheet_Get (Part),Job_Set_Sheet_Get,Stored Procedure,Part,Production Tracking,Job Sets,2,10,1000,true,1,,2015-09-04T17:21:20.657Z,
5126,Job_Sets_Picker_Get (Part),Job_Sets_Picker_Get,Stored Procedure,Part,Production Tracking,Job Sets,2,2,1000,true,1,,2014-08-13T16:16:07.46Z,2015-09-04T17:21:20.827Z
17910,Job_Setup_Produced_Get (Part),Job_Setup_Produced_Get,Stored Procedure,Part,Production Tracking,Job Tracking System,2,1,1000,true,1,,2015-09-04T17:27:07.09Z,
10814,Job_Sheet_Allocations_Get (Part),Job_Sheet_Allocations_Get,Stored Procedure,Part,Production Tracking,Job Tracking System,3,32,1000,true,1,,2015-02-09T10:52:39.487Z,2015-09-04T17:13:03.563Z
10809,Job_Sheet_Approved_Workcenters_Get (Part),Job_Sheet_Approved_Workcenters_Get,Stored Procedure,Part,Production Tracking,Job Tracking System,1,8,1000,true,1,,2015-02-09T10:46:28.533Z,2015-09-04T17:13:03.467Z
10824,Job_Sheet_Customer_Get (Part),Job_Sheet_Customer_Get,Stored Procedure,Part,Production Tracking,Job Tracking System,1,5,1000,true,1,,2015-02-09T11:11:01.35Z,2015-09-04T18:18:57.427Z
10837,Job_Sheet_Customer_Parts_No_Order_Get (Part),Job_Sheet_Customer_Parts_No_Order_Get,Stored Procedure,Part,Production Tracking,Job Tracking System,1,10,1000,true,1,,2015-02-09T11:34:05.16Z,2015-09-04T18:24:20.79Z
22391,Job_Sheet_Job_Bom_Get (Part),Job_Sheet_Job_Bom_Get,Stored Procedure,Part,Production Tracking,Job Tracking System,1,18,1000,true,1,,2015-09-04T18:24:19.36Z,
239397,Job_Sheet_Print_Update (Part),Job_Sheet_Print_Update,Stored Procedure,Part,Production Tracking,Job Tracking System,1,0,1000,true,1,Update job sheet status as printed,2025-10-28T11:11:41.46Z,
10807,Job_Sheet_Routing_Get (Part),Job_Sheet_Routing_Get,Stored Procedure,Part,Production Tracking,Job Tracking System,1,35,1000,true,1,,2015-02-09T10:44:14.127Z,2015-09-04T17:13:03.437Z
19296,Job_Status_By_Job_No_Get (Part),Job_Status_By_Job_No_Get,Stored Procedure,Part,Production Tracking,Job Tracking System,1,1,1000,true,1,,2015-09-04T17:51:16.347Z,
4843,Job_Status_Get (Part),Job_Status_Get,Stored Procedure,Part,Production Tracking,Job Tracking System,1,25,1000,true,1,,2014-08-07T10:09:48.82Z,2015-09-04T17:45:07.173Z
3028,Job_Status_Key_Get (Part),Job_Status_Key_Get,Stored Procedure,Part,Production Tracking,Job Tracking System,1,1,1000,true,1,,2014-06-03T15:54:27.32Z,2015-09-04T18:07:17.067Z
3084,Job_Statuses_Get (Part),Job_Statuses_Get,Stored Procedure,Part,Production Tracking,Job Tracking System,1,3,1000,true,1,,2014-06-04T12:47:40.827Z,2015-11-25T15:51:51.597Z
231925,Jobs_By_Part_Get (Part),Jobs_By_Part_Get,Stored Procedure,Part,Production Tracking,Job Tracking System,2,41,1000,true,1,,2019-10-17T13:25:50.877Z,2019-10-17T13:52:18.967Z
17029,Jobs_By_Part_Get_Simple (Part),Jobs_By_Part_Get_Simple,Stored Procedure,Part,Production Tracking,Job Tracking System,1,15,1000,true,1,,2015-09-04T17:14:04.477Z,
17849,Jobs_Completed_Get (Part),Jobs_Completed_Get,Stored Procedure,Part,Production Tracking,Job Tracking System,7,13,1000,true,1,,2015-09-04T17:26:06.967Z,
6137,Jobs_Job_BOMs_Get (Part),Jobs_Job_BOMs_Get,Stored Procedure,Part,Production Tracking,Job Tracking System,5,38,1000,true,1,,2014-09-10T09:27:58.63Z,2024-04-26T19:48:45.203Z
18679,Jobs_PEP_Export_Report_Get (Part),Jobs_PEP_Export_Report_Get,Stored Procedure,Part,Production Tracking,Job Tracking System,7,15,2000,true,1,,2015-09-04T17:35:53.82Z,2025-05-21T19:20:45.933Z
2846,Jobs_Picker_Get (Part),Jobs_Picker_Get,Stored Procedure,Part,Production Tracking,Job Tracking System,4,7,1000,true,1,,2014-05-27T16:27:43.717Z,2019-10-16T16:35:46.847Z
224,Jobs_Picker_Get_v2 (Part),Jobs_Picker_Get_v2,Stored Procedure,Part,Production Tracking,Job Tracking System,4,14,1000,true,1,,2013-12-05T13:59:06.56Z,2018-09-18T15:06:53.757Z
231519,Jobs_Picker_Get_v4 (Part),Jobs_Picker_Get_v4,Stored Procedure,Part,Production Tracking,Job Tracking System,1,5,1000,true,1,,2019-07-29T20:39:17.983Z,2019-09-17T17:42:11.71Z
7484,Kanban_Racks_Get (Part),Kanban_Racks_Get,Stored Procedure,Part,Scheduling,Kanban Scheduling,12,33,1000,true,1,,2014-10-27T13:20:42.04Z,2017-10-10T16:40:09.907Z
8095,Kanban_Racks_Get2 (Part),Kanban_Racks_Get2,Stored Procedure,Part,Scheduling,Kanban Scheduling,11,33,1000,true,1,,2014-11-20T12:37:23.87Z,2020-08-26T16:52:49.267Z
10600,Last_Job_Op_Get (Part),Last_Job_Op_Get,Stored Procedure,Part,Production Tracking,Job Tracking System,1,2,1000,true,1,,2015-02-03T14:15:17.61Z,2015-09-04T17:42:17.183Z
23043,Line_Planning_Receiving_Inspection_Parts_Get (Part),Line_Planning_Receiving_Inspection_Parts_Get,Stored Procedure,Part,Inventory,Workcenter Supply and Replenishment,3,7,1000,true,0,,2015-09-04T18:33:10.657Z,
20522,Logistics_Master_Unit_Build (Part),Logistics_Master_Unit_Build,Stored Procedure,Part,Inventory,Master Units,10,4,1000,true,1,,2015-09-04T18:07:07.587Z,
8965,Lot_Management_Lots_Get (Part),Lot_Management_Lots_Get,Stored Procedure,Part,Inventory,Lot Management,19,27,1000,true,1,,2014-12-15T15:22:52.167Z,2020-12-07T15:34:31.607Z
28785,Lot_Part_Conformance_Container_Status_Get (Part),Lot_Part_Conformance_Container_Status_Get,Stored Procedure,Part,Production Tracking,Control Panel,2,4,1000,true,1,,2017-03-20T13:24:09.603Z,2025-06-24T13:55:59.74Z
13929,Lot_Trace_Production_Add (Part),Lot_Trace_Production_Add,Stored Procedure,Part,,,1,0,1000,false,1,,2015-05-28T10:55:09.93Z,2016-10-06T12:03:54.003Z
4694,Lots_All_Get (Part),Lots_All_Get,Stored Procedure,Part,Inventory,Lot Management,2,2,1000,true,1,,2014-08-04T13:18:14.14Z,2015-09-04T16:44:19.563Z
18378,Manufacturer_Part_Statuses_Get (Part),Manufacturer_Part_Statuses_Get,Stored Procedure,Part,Engineering,Manufacturer Part,3,3,1000,true,1,,2015-09-04T17:32:06.623Z,
9892,Manufacturer_Parts_Get (Part),Manufacturer_Parts_Get,Stored Procedure,Part,Engineering,Manufacturer Part,8,14,1000,true,1,,2015-01-14T17:09:34Z,2015-09-04T17:32:05.777Z
3339,Manufacturer_Parts_Picker_Get (Part),Manufacturer_Parts_Picker_Get,Stored Procedure,Part,Engineering,Manufacturer Part,7,6,1000,true,1,,2014-06-08T11:40:18.817Z,2015-09-04T17:32:25.45Z
16582,Master_BOM_Exploded_Part_Get (Part),Master_BOM_Exploded_Part_Get,Stored Procedure,Part,Engineering,Manufacturing Masters,1,18,1000,true,1,,2015-09-04T17:10:17.587Z,
12226,Master_Unit_Batch_Build (Part),Master_Unit_Batch_Build,Stored Procedure,Part,Inventory,Master Units,10,2,1000,true,1,,2015-03-18T16:59:29.423Z,2015-09-04T18:11:52.87Z
11221,Master_Unit_Build (Part),Master_Unit_Build,Stored Procedure,Part,Inventory,Master Units,10,2,1000,true,1,,2015-02-19T19:48:13.08Z,2025-12-01T05:27:21.377Z
29355,Master_Unit_Build_RF (Part),Master_Unit_Build_RF,Stored Procedure,Part,Inventory,Master Units,7,4,1000,true,1,,2017-12-21T22:36:32.897Z,2017-12-28T15:49:47.28Z
17099,Master_Unit_Container_Counts_Not_Equal_Get (Part),Master_Unit_Container_Counts_Not_Equal_Get,Stored Procedure,Part,Inventory,Master Units,2,4,1000,true,1,,2015-09-04T17:14:15.6Z,
12934,Master_Unit_Container_Serial_List_Get (Part),Master_Unit_Container_Serial_List_Get,Stored Procedure,Part,Inventory,Master Units,1,1,1000,true,1,,2015-04-09T13:01:06.143Z,2015-04-09T13:01:15.503Z
11190,Master_Unit_Containers_Get_By_Key (Part),Master_Unit_Containers_Get_By_Key,Stored Procedure,Part,Inventory,Master Units,5,5,2000,true,1,,2015-02-19T11:33:11.75Z,2025-11-25T10:25:01.653Z
4390,Master_Unit_Get (Part),Master_Unit_Get,Stored Procedure,Part,Inventory,Master Units,1,37,1000,true,1,,2014-07-21T20:19:55.697Z,2025-12-01T05:35:19.63Z
12452,Master_Unit_Get_Single (Part),Master_Unit_Get_Single,Stored Procedure,Part,Inventory,Master Units,1,20,1000,true,1,,2015-03-25T11:13:55.287Z,2025-12-01T05:38:57.133Z
18846,Master_Unit_History_Get (Part),Master_Unit_History_Get,Stored Procedure,Part,Inventory,Master Units,5,11,1000,true,1,,2015-09-04T17:37:36.393Z,
18881,Master_Unit_Info_Get (Part),Master_Unit_Info_Get,Stored Procedure,Part,Inventory,Master Units,1,5,1000,true,1,,2015-09-04T17:37:45.883Z,
233972,Master_Unit_Key_Output_Get (Part),Master_Unit_Key_Output_Get,Stored Procedure,Part,Inventory,Master Units,1,9,1000,true,1,,2021-02-24T12:11:13.907Z,2021-02-24T12:14:40.903Z
8550,Master_Unit_Move (Part),Master_Unit_Move,Stored Procedure,Part,Inventory,Master Units,6,0,1000,true,1,,2014-12-05T10:48:00.29Z,2015-09-04T17:36:39.173Z
231126,Master_Unit_Part_Get (Part),Master_Unit_Part_Get,Stored Procedure,Part,Inventory,Master Units,2,18,1000,true,1,,2019-05-23T14:36:14.07Z,2019-05-23T14:45:03.007Z
23226,Master_Unit_Part_Operations_Get (Part),Master_Unit_Part_Operations_Get,Stored Procedure,Part,Inventory,Master Units,1,2,1000,true,1,,2015-09-16T01:27:05.64Z,2015-09-16T01:28:06.483Z
11083,Master_Unit_Remove (Part),Master_Unit_Remove,Stored Procedure,Part,Inventory,Master Units,1,1,1000,true,1,,2015-02-16T12:59:21.26Z,2025-05-13T16:32:04.92Z
23083,Master_Unit_Type_From_Part_Get (Part),Master_Unit_Type_From_Part_Get,Stored Procedure,Part,Inventory,Master Units,1,7,1000,true,1,,2015-09-04T18:33:19.747Z,
717,Master_Unit_Types_Get (Part),Master_Unit_Types_Get,Stored Procedure,Part,Inventory,Master Units,5,12,1000,true,1,,2014-02-17T14:28:21.36Z,2015-09-04T17:15:47.753Z
13066,Master_Unit_Update (Part),Master_Unit_Update,Stored Procedure,Part,Inventory,Master Units,11,0,1000,true,1,,2015-04-16T07:54:45.923Z,2025-12-01T05:41:51.463Z
18542,Master_Units_By_Date_Get (Part),Master_Units_By_Date_Get,Stored Procedure,Part,Inventory,Master Units,9,14,1000,true,1,,2015-09-04T17:33:48.117Z,
230251,Master_Units_Get (Part),Master_Units_Get,Stored Procedure,Part,Inventory,Master Units,12,21,1000,true,1,,2018-10-26T11:32:42.977Z,2019-02-25T16:20:18.27Z
5737,Master_Units_Picker_Get (Part),Master_Units_Picker_Get,Stored Procedure,Part,Inventory,Master Units,2,5,1000,true,1,,2014-08-29T10:57:10.813Z,2015-09-04T16:41:56.887Z
17709,Material_Container_Inventory_Get (Part),Material_Container_Inventory_Get,Stored Procedure,Part,Inventory,Inventory Tracking,6,9,1000,true,1,,2015-09-04T17:24:29.41Z,
19164,Material_Containers_Get (Part),Material_Containers_Get,Stored Procedure,Part,Inventory,Inventory Tracking,17,20,1000,true,1,,2015-09-04T17:43:17.28Z,
3134,Material_Receipt_History_Get_New (Part),Material_Receipt_History_Get_New,Stored Procedure,Part,Purchasing,Receiving,21,53,1000,true,1,,2014-06-09T13:48:17.763Z,2022-09-06T15:17:20.817Z
6257,Material_Trace_Originals_Get (Part),Material_Trace_Originals_Get,Stored Procedure,Part,Inventory,Inventory Tracking,4,17,1000,true,1,,2014-09-11T13:21:28.71Z,2015-09-04T17:51:13.857Z
6295,Material_Trace_Report_Get (Part),Material_Trace_Report_Get,Stored Procedure,Part,Inventory,Inventory Tracking,1,15,1000,true,1,,2014-09-12T16:20:37.64Z,2015-09-04T17:51:13.827Z
633,Multi_Out_Op_Keys_Get (Part),Multi_Out_Op_Keys_Get,Stored Procedure,Part,Engineering,Multi-Out Production,2,4,1000,true,1,,2014-02-12T01:43:52.707Z,2015-09-04T17:54:38.017Z
232971,Multi_Out_Set_Add_Update (Part),Multi_Out_Set_Add_Update,Stored Procedure,Part,Engineering,Multi-Out Production,4,1,1000,true,1,,2020-05-08T14:54:24.503Z,2020-05-11T12:22:26.117Z
232970,Multi_Out_Set_Get (Part),Multi_Out_Set_Get,Stored Procedure,Part,Engineering,Multi-Out Production,2,12,1000,true,1,,2020-05-08T14:51:41.723Z,2020-06-02T14:13:59.003Z
232973,Multi_Out_Set_Job_Op_Add (Part),Multi_Out_Set_Job_Op_Add,Stored Procedure,Part,Production Tracking,Job Tracking System,2,0,1000,true,1,,2020-05-08T14:56:12.537Z,2020-05-11T12:22:40.637Z
232969,Multi_Out_Sets_Get (Part),Multi_Out_Sets_Get,Stored Procedure,Part,Engineering,Multi-Out Production,7,14,1000,true,1,,2020-05-08T14:47:04.77Z,2020-07-14T18:24:52.683Z
4656,Multi_Outs_by_Part_Get (Part),Multi_Outs_by_Part_Get,Stored Procedure,Part,Engineering,Multi-Out Production,2,5,1000,true,1,,2014-07-30T12:53:20.953Z,2015-09-04T17:21:24.373Z
573,Multi_Outs_Get (Part),Multi_Outs_Get,Stored Procedure,Part,Engineering,Multi-Out Production,6,31,1000,true,1,,2014-02-07T20:02:58.607Z,2015-09-04T17:54:34.237Z
22475,Multi_Outs_Slitter_Config_Get (Part),Multi_Outs_Slitter_Config_Get,Stored Procedure,Part,Engineering,Multi-Out Production,4,17,1000,true,1,,2015-09-04T18:24:42.04Z,
18233,Next_Scheduled_Job_By_Part_Get (Part),Next_Scheduled_Job_By_Part_Get,Stored Procedure,Part,Production Tracking,Job Tracking System,4,2,1000,true,1,,2015-09-04T17:30:30.953Z,2019-07-10T12:04:42.72Z
18735,Next_Scheduled_Job_PLC_Get (Part),Next_Scheduled_Job_PLC_Get,Stored Procedure,Part,Production Tracking,Job Tracking System,6,15,1000,true,1,,2015-09-04T17:36:39.937Z,
2103,Operation_Get (Part),Operation_Get,Stored Procedure,Part,Engineering,Process Routings,2,59,1000,true,1,,2014-04-14T16:55:46.5Z,2018-06-01T15:30:41.61Z
4531,Operation_Keys_Picker_Get2 (Part),Operation_Keys_Picker_Get2,Stored Procedure,Part,Engineering,Process Routings,1,2,1000,true,1,,2014-07-24T16:08:36.737Z,2015-09-04T16:47:39.897Z
4866,Operations_All_Get (Part),Operations_All_Get,Stored Procedure,Part,Engineering,Process Routings,1,3,1000,true,1,,2014-08-07T12:53:43.813Z,2015-09-04T16:42:35.09Z
5310,Operations_By_Part_Get (Part),Operations_By_Part_Get,Stored Procedure,Part,Engineering,Process Routings,5,6,1000,true,1,,2014-08-19T09:15:35.507Z,2015-09-04T18:10:46.743Z
637,Operations_Get (Part),Operations_Get,Stored Procedure,Part,Engineering,Process Routings,5,10,1000,true,1,,2014-02-13T16:28:30.63Z,2015-09-04T16:44:18.78Z
578,Operations_Get2 (Part),Operations_Get2,Stored Procedure,Part,Engineering,Process Routings,3,3,1000,true,1,,2014-02-07T17:08:50.513Z,2015-09-04T16:41:50.933Z
17735,Overall_Equipment_Effectiveness_Get (Part),Overall_Equipment_Effectiveness_Get,Stored Procedure,Part,Production Tracking,Production Tracking,15,24,10000,true,1,,2015-09-04T17:24:34.773Z,2019-02-25T16:20:18.27Z
18771,Part_And_Attributes_Add_Update (Part),Part_And_Attributes_Add_Update,Stored Procedure,Part,Engineering,Part List,94,3,1000,true,1,,2015-09-04T17:37:11.993Z,2025-11-25T10:38:05.33Z
9635,Part_Attribute_By_Name_Get (Part),Part_Attribute_By_Name_Get,Stored Procedure,Part,Engineering,Part List,2,1,1000,true,1,,2015-01-08T14:36:34.657Z,2015-09-04T17:35:52.36Z
579,Part_Attribute_Get (Part),Part_Attribute_Get,Stored Procedure,Part,Engineering,Part List,2,3,1000,true,1,,2014-02-07T20:17:32.08Z,2015-09-04T16:48:29.477Z
20793,Part_Attribute_Upload (Part),Part_Attribute_Upload,Stored Procedure,Part,Engineering,Part List,8,0,1000,true,1,,2015-09-04T18:08:25.833Z,2015-09-30T08:29:28.76Z
639,Part_Attributes_Get (Part),Part_Attributes_Get,Stored Procedure,Part,Engineering,Part List,2,15,1000,true,1,,2014-02-12T18:45:49.85Z,2015-09-04T17:20:40.637Z
9120,Part_Available_Inventory_Get (Part),Part_Available_Inventory_Get,Stored Procedure,Part,Inventory,Inventory Tracking,6,17,1000,true,1,,2014-12-19T10:46:41.893Z,2015-09-04T17:20:40.67Z
9298,Part_BOM_Components_Get (Part),Part_BOM_Components_Get,Stored Procedure,Part,Engineering,Bill of Materials,3,10,1000,true,1,,2014-12-24T13:04:01.95Z,2015-09-04T18:19:09.003Z
14913,Part_Box_Label_Format_By_Customer_Part_Get (Part),Part_Box_Label_Format_By_Customer_Part_Get,Stored Procedure,Part,Shipping,Shipping Labels,1,9,1000,true,1,,2015-09-02T16:24:02.59Z,2015-09-02T16:25:02.44Z
655,Part_Bulletin_Get (Part),Part_Bulletin_Get,Stored Procedure,Part,Engineering,Part List,2,4,1000,true,1,,2014-02-13T20:35:16.773Z,2015-09-04T18:11:15.023Z
656,Part_Bulletin_Update (Part),Part_Bulletin_Update,Stored Procedure,Part,Engineering,Part List,3,0,1000,true,1,,2014-02-13T20:50:14.813Z,2015-09-04T18:11:21.057Z
23005,Part_By_Part_Label_Sequence_Value_Get (Part),Part_By_Part_Label_Sequence_Value_Get,Stored Procedure,Part,Shipping,Shipping Labels,1,5,1000,true,1,,2015-09-04T18:32:59.673Z,
18245,Part_By_Part_Operation_Attribute_Get (Part),Part_By_Part_Operation_Attribute_Get,Stored Procedure,Part,Engineering,Part List,4,3,1000,true,1,,2015-09-04T17:31:08.853Z,
20014,Part_By_Part_Type_Attributes_Get (Part),Part_By_Part_Type_Attributes_Get,Stored Procedure,Part,Engineering,Part List,9,3,1000,true,1,,2015-09-04T18:01:38.773Z,
21122,Part_Class_Get (Part),Part_Class_Get,Stored Procedure,Part,Engineering,Part List,1,11,1000,true,1,,2015-09-04T18:09:55.12Z,
5583,Part_Container_Type_Get (Part),Part_Container_Type_Get,Stored Procedure,Part,Inventory,Container Types,3,12,1000,true,1,,2014-08-26T10:33:50.96Z,2015-09-04T18:10:40.46Z
5474,Part_Container_Types_Get (Part),Part_Container_Types_Get,Stored Procedure,Part,Inventory,Container Types,3,13,1000,true,1,,2014-08-21T14:12:45.133Z,2015-09-04T18:10:38.553Z
8024,Part_Cost_Get (Part),Part_Cost_Get,Stored Procedure,Part,Costing,Part Cost Structure,1,2,1000,true,1,,2014-11-18T17:04:29.76Z,2023-05-30T14:05:36.603Z
583,Part_Get (Part),Part_Get,Stored Procedure,Part,Engineering,Part List,3,223,1000,true,1,,2014-02-07T19:56:00.027Z,2026-04-14T14:45:50.93Z
9929,Part_Get_Basic (Part),Part_Get_Basic,Stored Procedure,Part,Engineering,Part List,2,4,1000,true,1,,2015-01-16T02:06:41.89Z,2021-01-20T14:12:42.087Z
21795,Part_Get_By_Part_No (Part),Part_Get_By_Part_No,Stored Procedure,Part,Engineering,Part List,2,6,1000,true,1,,2015-09-04T18:16:48.667Z,
19019,Part_Get_By_Part_No_Revision (Part),Part_Get_By_Part_No_Revision,Stored Procedure,Part,Engineering,Part List,7,29,1000,true,1,,2015-09-04T17:39:43.313Z,2020-10-19T17:05:24.58Z
642,Part_Get2 (Part),Part_Get2,Stored Procedure,Part,Engineering,Part List,1,17,1000,true,1,,2014-02-11T10:57:13Z,2023-06-27T13:35:29.563Z
15958,Part_Grade_Specs_Get (Part),Part_Grade_Specs_Get,Stored Procedure,Part,Materials,Grade Templates,1,17,1000,true,1,,2015-09-04T16:45:04.857Z,
17672,Part_Grades_Get_QR (Part),Part_Grades_Get_QR,Stored Procedure,Part,Materials,Grade Templates,4,6,1000,true,1,,2015-09-04T17:24:07.32Z,
776,Part_Groups_Get (Part),Part_Groups_Get,Stored Procedure,Part,Engineering,Part List,1,3,1000,true,1,,2014-02-18T17:34:31.02Z,2015-09-04T16:41:57.107Z
584,Part_Groups_Picker_Get (Part),Part_Groups_Picker_Get,Stored Procedure,Part,Engineering,Part List,1,3,1000,true,1,,2014-02-07T17:28:24.773Z,2015-09-04T20:17:54.043Z
24151,Part_Information_Get (Part),Part_Information_Get,Stored Procedure,Part,Engineering,Part List,4,164,1000,true,1,,2015-11-05T13:22:01.547Z,2023-09-19T12:50:24.573Z
27445,Part_Information_Get_Offset (Part),Part_Information_Get_Offset,Stored Procedure,Part,Engineering,Part List,6,167,1000,true,1,,2016-03-14T19:47:22.42Z,2026-05-09T04:39:26.487Z
16299,Part_Inventory_Exploded_BOM_Material_Get (Part),Part_Inventory_Exploded_BOM_Material_Get,Stored Procedure,Part,Inventory,Inventory Tracking,10,28,1000,true,1,,2015-09-04T17:00:54Z,2023-03-02T10:14:28.233Z
15664,Part_Inventory_Summary_Get (Part),Part_Inventory_Summary_Get,Stored Procedure,Part,Inventory,Inventory Tracking,15,17,1000,true,1,,2015-09-04T16:42:43.04Z,
15412,Part_Key_From_UPC_Code_Get (Part),Part_Key_From_UPC_Code_Get,Stored Procedure,Part,Engineering,Part List,1,1,1000,true,1,,2015-09-04T16:40:54.87Z,
9094,Part_Key_Get (Part),Part_Key_Get,Stored Procedure,Part,Engineering,Part List,3,1,1000,true,1,,2014-12-17T17:11:47.72Z,2015-09-04T17:43:19.67Z
1786,Part_Key_Get_2 (Part),Part_Key_Get_2,Stored Procedure,Part,Engineering,Part List,2,1,1000,true,1,,2014-03-27T20:25:40.397Z,2015-09-04T18:31:53.003Z
14887,Part_Label_Format_By_Customer_Part_Get (Part),Part_Label_Format_By_Customer_Part_Get,Stored Procedure,Part,Shipping,Shipping Labels,2,9,1000,true,1,,2015-09-01T20:54:16.487Z,2015-09-01T20:55:30.753Z
14886,Part_Labels_Get (Part),Part_Labels_Get,Stored Procedure,Part,Shipping,Shipping Labels,1,5,1000,true,1,,2015-09-01T20:52:40.637Z,2015-09-01T20:53:33.157Z
30803,Part_Location_Inventory_And_Details_Get (Part),Part_Location_Inventory_And_Details_Get,Stored Procedure,Part,Inventory,Inventory Tracking,3,9,1000,true,1,,2018-05-30T07:14:04.17Z,2018-05-30T13:39:42.643Z
28054,Part_Lot_Attribute_Upload (Part),Part_Lot_Attribute_Upload,Stored Procedure,Part,Inventory,Lot Attribute Management,34,0,1000,true,1,,2016-08-02T20:41:12.483Z,2021-08-19T14:05:02.597Z
28144,Part_Lot_Attributes_Get (Part),Part_Lot_Attributes_Get,Stored Procedure,Part,Inventory,Lot Attribute Management,6,23,1000,true,1,,2016-08-12T13:07:37.273Z,2019-07-11T11:48:39.163Z
141,Part_No_Get (Part),Part_No_Get,Stored Procedure,Part,Engineering,Part List,1,4,1000,true,1,,2013-11-21T17:37:11.983Z,2018-09-18T15:06:53.757Z
19989,Part_No_Revision_Copy (Part),Part_No_Revision_Copy,Stored Procedure,Part,Engineering,Part List,8,3,1000,true,1,,2015-09-04T18:01:20.36Z,
3353,Part_Nos_Picker_Get (Part),Part_Nos_Picker_Get,Stored Procedure,Part,Engineering,Part List,4,6,1000,true,1,,2014-06-13T13:31:29.953Z,2015-09-04T16:44:18.64Z
16616,Part_Nos_Picker_Get2 (Part),Part_Nos_Picker_Get2,Stored Procedure,Part,Engineering,Part List,2,2,1000,true,1,,2015-09-04T17:10:49.48Z,
827,Part_Number_Summary_Get (Part),Part_Number_Summary_Get,Stored Procedure,Part,Engineering,Part List,8,18,1000,true,1,,2014-02-20T16:29:32.933Z,2015-09-04T18:09:02.257Z
3664,Part_Op_Types_Get_All (Part),Part_Op_Types_Get_All,Stored Procedure,Part,Engineering,Process Routings,2,3,1000,true,1,,2014-06-23T13:36:20.947Z,2015-09-04T17:58:23.633Z
20274,Part_Operation_Add_Update (Part),Part_Operation_Add_Update,Stored Procedure,Part,Engineering,Process Routings,67,3,1000,true,1,,2015-09-04T18:04:32.763Z,
24140,Part_Operation_Approved_Container_Types_Export_Get (Part),Part_Operation_Approved_Container_Types_Export_Get,Stored Procedure,Part,Engineering,Process Routings,14,16,1000,true,1,,2015-11-04T13:07:36.38Z,2015-11-19T13:31:37.453Z
24138,Part_Operation_Approved_Workcenter_Export_Get (Part),Part_Operation_Approved_Workcenter_Export_Get,Stored Procedure,Part,Engineering,Process Routings,14,27,1000,true,1,,2015-11-04T13:06:39.58Z,2020-08-04T14:30:30.057Z
2644,Part_Operation_Attribute_List_Get (Part),Part_Operation_Attribute_List_Get,Stored Procedure,Part,Engineering,Part List,2,6,1000,true,1,,2014-05-15T18:05:50.947Z,2025-01-07T11:22:26.013Z
2109,Part_Operation_Copy (Part),Part_Operation_Copy,Stored Procedure,Part,Engineering,Process Routings,3,0,1000,true,1,,2014-04-14T21:50:32.353Z,2022-12-14T15:41:00.39Z
24187,Part_Operation_Export_Get (Part),Part_Operation_Export_Get,Stored Procedure,Part,Engineering,Process Routings,14,24,1000,true,1,,2015-11-18T15:38:23.93Z,2015-11-19T13:32:42.16Z
586,Part_Operation_Get (Part),Part_Operation_Get,Stored Procedure,Part,Engineering,Process Routings,3,59,1000,true,1,,2014-02-07T18:10:04.56Z,2016-01-14T10:56:46.007Z
1064,Part_Operation_Get2 (Part),Part_Operation_Get2,Stored Procedure,Part,Engineering,Process Routings,1,110,1000,true,1,,2014-02-28T16:03:10.947Z,2022-02-22T15:55:35.887Z
9663,Part_Operation_Inventory_Type_Get (Part),Part_Operation_Inventory_Type_Get,Stored Procedure,Part,Engineering,Process Routings,2,1,1000,true,1,,2015-01-08T14:52:53.457Z,2015-09-04T17:27:06.897Z
29200,Part_Operation_Key_Get2 (Part),Part_Operation_Key_Get2,Stored Procedure,Part,Engineering,Process Routings,2,2,1000,true,1,,2017-09-25T21:22:57.907Z,2017-09-25T21:26:08.297Z
27251,Part_Operation_Key_Output_Get (Part),Part_Operation_Key_Output_Get,Stored Procedure,Part,Engineering,Process Routings,2,1,1000,true,1,,2015-12-22T20:14:57.587Z,2015-12-22T20:17:35.703Z
587,Part_Operation_Picker_Get (Part),Part_Operation_Picker_Get,Stored Procedure,Part,Engineering,Process Routings,4,5,1000,true,1,,2014-02-07T18:10:04.52Z,2025-02-27T17:13:00.55Z
235791,Part_Operation_Shippable_Details_Get (Part),Part_Operation_Shippable_Details_Get,Stored Procedure,Part,Engineering,Process Routings,2,6,1000,true,1,,2022-06-28T15:07:04.033Z,
17675,Part_Operation_Type_Get_QR (Part),Part_Operation_Type_Get_QR,Stored Procedure,Part,Engineering,Process Routings,5,10,1000,true,1,,2015-09-04T17:24:07.75Z,
18813,Part_Operation_Upload (Part),Part_Operation_Upload,Stored Procedure,Part,Engineering,Process Routings,23,0,1000,true,1,,2015-09-04T17:37:18.523Z,
24164,Part_Operation_Workcenters_Info_Get (Part),Part_Operation_Workcenters_Info_Get,Stored Procedure,Part,Engineering,Process Routings,6,18,10000,true,1,,2015-11-09T20:40:03.643Z,2024-05-14T10:47:17.127Z
16994,Part_Operation_Workcenters_Report_Get (Part),Part_Operation_Workcenters_Report_Get,Stored Procedure,Part,Engineering,Process Routings,2,8,1000,true,1,,2015-09-04T17:13:58.937Z,
4440,Part_Operations_All_Picker_Get (Part),Part_Operations_All_Picker_Get,Stored Procedure,Part,Engineering,Process Routings,1,3,1000,true,1,,2014-07-21T18:10:27.48Z,2015-09-04T17:32:07.357Z
16025,Part_Operations_By_Part_No_Picker_Get (Part),Part_Operations_By_Part_No_Picker_Get,Stored Procedure,Part,Engineering,Process Routings,5,6,1000,true,1,,2015-09-04T16:51:09.4Z,2017-01-10T18:18:53.367Z
588,Part_Operations_Get_All (Part),Part_Operations_Get_All,Stored Procedure,Part,Engineering,Process Routings,5,10,1000,true,1,,2014-02-10T15:58:29.167Z,2020-06-30T15:54:58.427Z
589,Part_Operations_Get_v2 (Part),Part_Operations_Get_v2,Stored Procedure,Part,Engineering,Process Routings,18,40,1000,true,1,,2014-02-07T14:19:50.227Z,2024-04-17T12:21:53.113Z
10446,Part_Operations_Get3 (Part),Part_Operations_Get3,Stored Procedure,Part,Engineering,Process Routings,3,8,1000,true,1,,2015-01-29T11:55:01.27Z,2015-09-04T18:09:16.6Z
2651,Part_Operations_Picker_Get (Part),Part_Operations_Picker_Get,Stored Procedure,Part,Engineering,Process Routings,7,7,1000,true,1,,2014-05-15T11:53:32.663Z,2022-03-08T17:24:04.433Z
19036,Part_Operations_Report_Get (Part),Part_Operations_Report_Get,Stored Procedure,Part,Engineering,Process Routings,5,7,1000,true,1,,2015-09-04T17:40:42.58Z,
784,Part_Product_Groups_Get (Part),Part_Product_Groups_Get,Stored Procedure,Part,Engineering,Part List,1,2,1000,true,1,,2014-02-18T17:34:31.6Z,2015-09-04T18:05:14.94Z
785,Part_Product_Types_Get (Part),Part_Product_Types_Get,Stored Procedure,Part,Engineering,Part List,3,7,1000,true,1,,2014-02-18T17:34:31.04Z,2015-09-04T16:43:28.797Z
231946,Part_Production_Inventory_Get (Part),Part_Production_Inventory_Get,Stored Procedure,Part,Production Tracking,Production Tracking,1,1,1000,true,1,,2019-10-22T14:26:53.853Z,2019-10-22T15:36:48.343Z
20612,Part_Quantity_By_Location_Get (Part),Part_Quantity_By_Location_Get,Stored Procedure,Part,Inventory,Inventory Tracking,5,4,1000,true,1,,2015-09-04T18:07:48.267Z,
19090,Part_Requirement_Plan_Parts_Demand_Get (Part),Part_Requirement_Plan_Parts_Demand_Get,Stored Procedure,Part,Scheduling,Production Requirements Planning (PRP),4,22,1000,true,1,,2015-09-04T17:42:10.92Z,2016-07-21T12:25:45.313Z
3361,Part_Requirement_Planning_Detail_Get (Part),Part_Requirement_Planning_Detail_Get,Stored Procedure,Part,Scheduling,Material Requirements Planning (MRP),6,40,1000,true,1,,2014-06-16T16:53:17.07Z,2015-06-03T16:55:40.067Z
16600,Part_Routing_Management_Get (Part),Part_Routing_Management_Get,Stored Procedure,Part,Engineering,Part List,8,10,1000,true,1,,2015-09-04T17:10:20.863Z,
786,Part_Sources_Get (Part),Part_Sources_Get,Stored Procedure,Part,Engineering,Part List,2,2,1000,true,1,,2014-02-18T17:34:31.123Z,2015-09-04T16:41:47.387Z
591,Part_Status_Get (Part),Part_Status_Get,Stored Procedure,Part,Engineering,Part List,1,7,1000,true,1,,2014-02-07T18:10:04.33Z,2022-05-17T11:59:53.577Z
592,Part_Statuses_Get (Part),Part_Statuses_Get,Stored Procedure,Part,Engineering,Part List,2,8,1000,true,1,,2014-02-07T14:19:13.98Z,2021-03-30T12:29:41.027Z
239613,Part_Storage_Condition_Get (Part),Part_Storage_Condition_Get,Stored Procedure,Part,Inventory,Storage Validation,1,7,1000,true,0,,2026-02-17T13:33:16.433Z,2026-02-17T13:33:49.847Z
6249,Part_Tool_Assemblies_Get (Part),Part_Tool_Assemblies_Get,Stored Procedure,Part,Tool Tracking,Master Tool List,2,2,1000,true,0,,2014-09-11T12:33:21.187Z,2015-09-04T18:02:53.513Z
1072,Part_Types_Get (Part),Part_Types_Get,Stored Procedure,Part,Engineering,Part List,1,26,1000,true,1,,2014-02-28T19:57:59.757Z,2016-04-14T14:42:05.517Z
593,Part_Types_Picker_Get (Part),Part_Types_Picker_Get,Stored Procedure,Part,Engineering,Part List,1,5,1000,true,1,,2014-02-07T17:19:26.35Z,2015-09-04T20:17:46.42Z
18768,Part_Unit_Conversion_Get (Part),Part_Unit_Conversion_Get,Stored Procedure,Part,Engineering,Part List,1,13,1000,true,1,,2015-09-04T17:37:11.153Z,2016-01-14T17:21:42.42Z
5505,Part_Unit_Get (Part),Part_Unit_Get,Stored Procedure,Part,Engineering,Part List,2,2,1000,true,1,,2014-08-22T12:08:59.647Z,2020-05-11T17:05:03.93Z
9639,Part_Units_Conversion_Get (Part),Part_Units_Conversion_Get,Stored Procedure,Part,Engineering,Part List,1,11,1000,true,1,,2015-01-08T14:38:13.957Z,2015-09-04T17:37:11.33Z
14409,Part_Upload_Update (Part),Part_Upload_Update,Stored Procedure,Part,Engineering,Part List,152,0,1000,true,1,,2015-07-14T20:14:39.953Z,2023-02-24T14:26:33Z
2388,Part_Values_Get (Part),Part_Values_Get,Stored Procedure,Part,Engineering,Part List,1,3,1000,true,1,,2014-04-25T16:01:35.063Z,2015-09-04T17:43:45.7Z
24018,Partial_Container_List_Get (Part),Partial_Container_List_Get,Stored Procedure,Part,Production Tracking,Control Panel,1,5,1000,true,1,,2015-10-23T10:09:22.96Z,2015-10-23T10:09:40.667Z
787,Parts_Active_Picker_Get (Part),Parts_Active_Picker_Get,Stored Procedure,Part,Engineering,Part List,3,7,1000,true,1,,2014-02-19T17:12:42.993Z,2020-03-17T14:12:18.577Z
18850,Parts_By_Location_Get (Part),Parts_By_Location_Get,Stored Procedure,Part,Inventory,Inventory Tracking,12,21,1000,true,1,,2015-09-04T17:37:39.727Z,
149,Parts_Get (Part),Parts_Get,Stored Procedure,Part,Engineering,Part List,14,14,1000,true,1,,2013-11-25T22:21:46.863Z,2018-09-18T15:06:53.757Z
722,Parts_Get2 (Part),Parts_Get2,Stored Procedure,Part,Engineering,Part List,6,13,1000,true,1,,2014-02-17T14:28:21.13Z,2022-02-03T12:16:11.487Z
19558,Parts_Level_Scheduling_Report_Get (Part),Parts_Level_Scheduling_Report_Get,Stored Procedure,Part,Scheduling,Level Scheduling,7,13,12000,true,0,"THIS IS NOT A STANDARD DATA SOURCE AND SHOULD NOT BE USED WITHOUT CONSULTING THE MRP TEAM AT PLEX FIRST!

This data source is currently being phased out of production.",2015-09-04T17:56:14.237Z,2021-02-10T15:01:25.737Z
238334,Parts_Location_Picker_Get (Part),Parts_Location_Picker_Get,Stored Procedure,Part,Engineering,Part List,2,5,1000,true,1,,2024-08-07T12:01:33.233Z,2024-09-16T21:11:23.147Z
16739,Parts_Made_Defective_Report_Get (Part),Parts_Made_Defective_Report_Get,Stored Procedure,Part,Production Tracking,Rejection Tracking,5,12,1000,true,1,,2015-09-04T17:11:35.207Z,
648,Parts_Picker_Get (Part),Parts_Picker_Get,Stored Procedure,Part,Engineering,Part List,6,13,1000,true,1,,2014-02-13T17:31:46.92Z,2020-07-09T16:34:15.84Z
1791,Parts_Picker_Get2 (Part),Parts_Picker_Get2,Stored Procedure,Part,Engineering,Part List,2,5,1000,true,1,,2014-03-28T12:51:56.76Z,2024-06-27T23:04:18.66Z
2854,Parts_Picker_Get3 (Part),Parts_Picker_Get3,Stored Procedure,Part,Engineering,Part List,8,9,1000,true,1,,2014-05-26T19:27:39.643Z,2015-09-04T17:54:34.987Z
2855,Parts_Picker_Simple_Get (Part),Parts_Picker_Simple_Get,Stored Procedure,Part,Engineering,Part List,3,7,1000,true,1,,2014-05-23T12:35:34.753Z,2025-03-31T12:55:01.073Z
231575,Parts_Picker_With_Units_Get (Part),Parts_Picker_With_Units_Get,Stored Procedure,Part,Engineering,Part List,1,4,1000,true,1,,2019-08-09T18:42:47.89Z,
27406,Parts_Purchased_No_Approved_Supplier_Get (Part),Parts_Purchased_No_Approved_Supplier_Get,Stored Procedure,Part,Engineering,Part List,6,18,1000,true,1,,2016-03-04T19:10:40.027Z,
15377,Parts_VisionPLex_Get (Part),Parts_VisionPLex_Get,Stored Procedure,Part,Engineering,Part List,14,17,1000,true,1,,2015-09-04T16:39:33.523Z,2015-09-04T20:18:44.56Z
11080,Piece_Add (Part),Piece_Add,Stored Procedure,Part,Inventory,Serialized Piece Consumption and Trace,9,1,1000,true,1,,2015-02-16T12:51:33.307Z,2023-12-13T14:39:30.76Z
3670,Piece_Container_Serial_No_Update (Part),Piece_Container_Serial_No_Update,Stored Procedure,Part,Inventory,Serialized Piece Consumption and Trace,2,0,1000,true,1,,2014-06-20T17:34:33.37Z,2019-02-25T16:20:18.143Z
21775,Piece_Picker_Get (Part),Piece_Picker_Get,Stored Procedure,Part,Inventory,Serialized Piece Consumption and Trace,1,4,1000,true,1,,2015-09-04T18:16:42.6Z,
230121,Pieces_By_Piece_Serial_No_Get (Part),Pieces_By_Piece_Serial_No_Get,Stored Procedure,Part,Inventory,Serialized Piece Consumption and Trace,5,5,1000,true,1,,2018-08-31T11:38:38.577Z,2018-10-08T14:58:03.713Z
230067,Pieces_Reconciliation_Grid_Get (Part),Pieces_Reconciliation_Grid_Get,Stored Procedure,Part,Inventory,Serialized Piece Consumption and Trace,4,9,1000,true,1,,2018-08-09T11:28:37.503Z,2018-08-27T10:35:33.273Z
832,Planner_Get_Picker (Part),Planner_Get_Picker,Stored Procedure,Part,Engineering,Part List,2,3,1000,true,1,,2014-02-21T14:42:54.927Z,2015-09-04T18:16:56.66Z
30630,Pre_Print_Part_Labels_Get (Part),Pre_Print_Part_Labels_Get,Stored Procedure,Part,Shipping,Shipping Labels,3,9,1000,true,1,,2018-03-28T15:51:54.89Z,
24165,Priority_Key_Get (Part),Priority_Key_Get,Stored Procedure,Part,Engineering,Part List,1,1,1000,true,1,,2015-11-10T08:00:45.177Z,2015-11-10T08:01:02.86Z
15918,Production_By_Month_Get (Part),Production_By_Month_Get,Stored Procedure,Part,Production Tracking,Production Tracking,1,3,1000,true,1,,2015-09-04T16:44:56.053Z,
17109,Production_Container_Detail (Part),Production_Container_Detail,Stored Procedure,Part,Production Tracking,Production Tracking,8,14,1000,true,1,,2015-09-04T17:14:17.253Z,
15542,Production_Efficiency_By_Day_Get (Part),Production_Efficiency_By_Day_Get,Stored Procedure,Part,Production Tracking,Production Tracking,9,24,1000,true,1,,2015-09-04T16:41:47.647Z,2026-05-27T17:47:23.02Z
19517,Production_Efficiency_From_Tooling_Get (Part),Production_Efficiency_From_Tooling_Get,Stored Procedure,Part,Production Tracking,Production Tracking,5,14,1000,true,1,,2015-09-04T17:54:59.56Z,
18041,Production_Quantity_By_Workcenter_Get (Part),Production_Quantity_By_Workcenter_Get,Stored Procedure,Part,Production Tracking,Production Tracking,6,13,1000,true,1,,2015-09-04T17:28:28.033Z,
6263,Production_Records_Get (Part),Production_Records_Get,Stored Procedure,Part,Production Tracking,Production Tracking,10,11,1000,true,1,,2014-09-11T17:04:30.073Z,2016-11-03T19:43:38.28Z
11252,Production_Records_Get2 (Part),Production_Records_Get2,Stored Procedure,Part,Production Tracking,Production Tracking,8,16,1000,true,1,,2015-02-20T11:07:29.46Z,2024-02-01T06:55:43.827Z
948,Production_Status_Summary_Job_Get (Part),Production_Status_Summary_Job_Get,Stored Procedure,Part,Production Tracking,Production Tracking,11,32,1000,true,1,,2014-02-24T19:25:56.49Z,2025-03-12T12:43:55.603Z
949,Production_Status_Summary_Standard_Get (Part),Production_Status_Summary_Standard_Get,Stored Procedure,Part,Production Tracking,Production Tracking,10,32,1000,true,1,,2014-02-24T19:27:17.923Z,2025-10-27T12:15:23.767Z
12868,Production_Summary_Workcenter_Type_Get (Part),Production_Summary_Workcenter_Type_Get,Stored Procedure,Part,Production Tracking,Production Tracking,7,14,1000,true,1,,2015-04-07T16:13:27.437Z,2015-09-04T17:27:07.663Z
19328,Production_Summary_Workcenter_Type_Job_Get (Part),Production_Summary_Workcenter_Type_Job_Get,Stored Procedure,Part,Production Tracking,Production Tracking,9,25,1000,true,1,,2015-09-04T17:52:26.85Z,
19071,Production_Value_Summary_Get (Part),Production_Value_Summary_Get,Stored Procedure,Part,Production Tracking,Production Tracking,2,3,1000,true,1,,2015-09-04T17:40:51.873Z,2016-08-19T13:18:11.787Z
234217,Production_With_Workcenter_Log_API_Add (Part),Production_With_Workcenter_Log_API_Add,Stored Procedure,Part,Production Tracking,Production Tracking,6,2,1000,true,1,,2021-04-20T19:30:24.843Z,2021-04-20T19:32:53.307Z
11231,Record_Production_Cost_Add (Part),Record_Production_Cost_Add,Stored Procedure,Part,Production Tracking,Production Tracking,2,0,1000,true,1,,2015-02-19T20:06:29.717Z,2015-09-04T17:51:15.263Z
15666,Rejection_Activity_Summary_Get (Part),Rejection_Activity_Summary_Get,Stored Procedure,Part,Production Tracking,Rejection Tracking,24,57,1000,true,1,,2015-09-04T16:42:43.583Z,
13851,Rejection_Job_Info_Get (Part),Rejection_Job_Info_Get,Stored Procedure,Part,Production Tracking,Rejection Tracking,1,35,1000,true,1,,2015-05-21T07:31:10.873Z,2015-09-04T17:51:18.7Z
20363,Rejections_By_Defect_Graph_Get (Part),Rejections_By_Defect_Graph_Get,Stored Procedure,Part,Production Tracking,Rejection Tracking,10,3,1000,true,1,,2015-09-04T18:05:19.927Z,2016-07-25T16:46:44.383Z
20362,Rejections_By_Part_Graph_Get (Part),Rejections_By_Part_Graph_Get,Stored Procedure,Part,Production Tracking,Rejection Tracking,9,5,1000,true,1,,2015-09-04T18:05:19.743Z,2016-03-30T14:16:09.69Z
15933,Report_Interplant_Shipped_Vs_Received_Get (Part),Report_Interplant_Shipped_Vs_Received_Get,Stored Procedure,Part,Shipping,Inter-plant Transfers,10,14,1000,true,1,,2015-09-04T16:44:59.223Z,
17020,Report_Part_Custom_Order_BOM_Get (Part),Report_Part_Custom_Order_BOM_Get,Stored Procedure,Part,Sales and CRM,Order Entry and Tracking,2,4,1000,true,1,,2015-09-04T17:14:03.073Z,
18986,Report_Production_Scrap_Value_Get (Part),Report_Production_Scrap_Value_Get,Stored Procedure,Part,Production Tracking,Production Tracking,6,7,1000,true,1,,2015-09-04T17:39:34.167Z,
12383,Report_Production_Summary_Get (Part),Report_Production_Summary_Get,Stored Procedure,Part,Production Tracking,Production Tracking,17,23,1000,true,1,,2015-03-24T13:38:06.747Z,2016-05-04T17:07:57.56Z
12382,Report_Production_Summary_Get_Child (Part),Report_Production_Summary_Get_Child,Stored Procedure,Part,Production Tracking,Production Tracking,14,17,1000,true,1,,2015-03-24T13:37:23.687Z,2019-02-27T18:59:23.453Z
12381,Report_Production_Summary_Revenue_Get (Part),Report_Production_Summary_Revenue_Get,Stored Procedure,Part,Production Tracking,Production Tracking,16,17,1000,true,1,,2015-03-24T13:36:30.513Z,2019-02-27T16:46:28.033Z
16389,Rolling_Average_Rate_Get (Part),Rolling_Average_Rate_Get,Stored Procedure,Part,Engineering,Process Routings,12,26,1000,true,1,,2015-09-04T17:02:22.697Z,
950,RP_Display_Get (Part),RP_Display_Get,Stored Procedure,Part,Engineering,Part List,0,2,1000,true,1,,2014-02-25T17:25:55.117Z,2014-02-26T21:33:51.397Z
17685,RP_PRP_Recommendations_Get (Part),RP_PRP_Recommendations_Get,Stored Procedure,Part,Scheduling,Production Requirements Planning (PRP),4,9,1000,true,1,,2015-09-04T17:24:09.197Z,2015-12-28T08:36:20.833Z
4580,Run_Record_Workcenter_Update (Part),Run_Record_Workcenter_Update,Stored Procedure,Part,Production Tracking,Job Tracking System,5,0,1000,true,1,,2014-07-28T15:20:59.973Z,2021-03-18T06:42:57.223Z
17070,Scheduled_Jobs_by_Workcenter_Get (Part),Scheduled_Jobs_by_Workcenter_Get,Stored Procedure,Part,Production Tracking,Job Tracking System,3,10,1000,true,1,,2015-09-04T17:14:10.89Z,
18848,Scheduled_Jobs_By_Workcenter_Group_Get (Part),Scheduled_Jobs_By_Workcenter_Group_Get,Stored Procedure,Part,Production Tracking,Job Tracking System,1,29,3000,true,1,,2015-09-04T17:37:38.22Z,2024-03-21T15:14:05.107Z
23102,Scheduled_Jobs_by_Workcenter_Picker_Get (Part),Scheduled_Jobs_by_Workcenter_Picker_Get,Stored Procedure,Part,Production Tracking,Job Tracking System,1,6,1000,true,1,,2015-09-04T18:33:24.81Z,
15706,Scheduled_Jobs_Department_Workcenter_Get (Part),Scheduled_Jobs_Department_Workcenter_Get,Stored Procedure,Part,Production Tracking,Job Tracking System,4,23,1000,true,1,,2015-09-04T16:42:52.423Z,
18809,Scheduled_Jobs_PLC_Get (Part),Scheduled_Jobs_PLC_Get,Stored Procedure,Part,Production Tracking,Job Tracking System,2,7,1000,true,1,,2015-09-04T17:37:17.71Z,
18468,Scheduled_Jobs_Revenue_Get (Part),Scheduled_Jobs_Revenue_Get,Stored Procedure,Part,Production Tracking,Job Tracking System,3,20,1000,true,1,,2015-09-04T17:33:21.3Z,
10363,Scrap_Add (Part),Scrap_Add,Stored Procedure,Part,Production Tracking,Scrap Tracking,26,1,1000,true,1,,2015-01-27T11:14:35.6Z,2023-04-21T15:39:18.597Z
15919,Scrap_By_Month_Get (Part),Scrap_By_Month_Get,Stored Procedure,Part,Production Tracking,Scrap Tracking,1,3,1000,true,1,,2015-09-04T16:44:56.167Z,
11765,Scrap_Container_Add_Multiple (Part),Scrap_Container_Add_Multiple,Stored Procedure,Part,Production Tracking,Scrap Tracking,15,2,1000,true,1,,2015-03-04T16:35:11.26Z,2015-09-04T18:31:15.267Z
11815,Scrap_Logs_Get (Part),Scrap_Logs_Get,Stored Procedure,Part,Production Tracking,Scrap Tracking,31,42,1000,true,1,,2015-03-06T10:50:32.737Z,2017-09-12T21:06:30.37Z
18612,Scrap_Production_By_Part_Report_Get (Part),Scrap_Production_By_Part_Report_Get,Stored Procedure,Part,Production Tracking,Scrap Tracking,7,8,1000,true,1,,2015-09-04T17:34:52.813Z,2016-06-20T19:32:14.843Z
17760,Scrap_Production_Report_Get (Part),Scrap_Production_Report_Get,Stored Procedure,Part,Production Tracking,Scrap Tracking,7,11,1000,true,1,,2015-09-04T17:24:39.4Z,2016-06-20T19:31:27.03Z
2594,Scrap_Reasons_Get (Part),Scrap_Reasons_Get,Stored Procedure,Part,Production Tracking,Scrap Tracking,3,2,1000,true,1,,2014-05-13T15:28:15.743Z,2015-09-04T16:41:55.34Z
10377,Scrap_Reasons_Link_Picker_Get (Part),Scrap_Reasons_Link_Picker_Get,Stored Procedure,Part,Production Tracking,Scrap Tracking,8,5,1000,true,1,,2015-01-27T13:37:34.35Z,2015-09-04T16:48:44.413Z
27577,Scrap_Report_Get (Part),Scrap_Report_Get,Stored Procedure,Part,Production Tracking,Scrap Tracking,8,2,1000,true,1,,2016-04-08T13:50:08.227Z,2016-04-08T14:07:39.723Z
21052,Scrap_Workcenter_Source_Container_Add (Part),Scrap_Workcenter_Source_Container_Add,Stored Procedure,Part,Production Tracking,Scrap Tracking,9,5,1000,true,1,,2015-09-04T18:09:37.39Z,
10368,Scraps_By_Part_And_Reasons_Get (Part),Scraps_By_Part_And_Reasons_Get,Stored Procedure,Part,Production Tracking,Scrap Tracking,17,5,1000,true,1,,2015-01-27T11:29:11.787Z,2015-09-04T17:37:18.533Z
15911,Scraps_By_Workcenter_Get (Part),Scraps_By_Workcenter_Get,Stored Procedure,Part,Production Tracking,Scrap Tracking,12,25,1000,true,1,,2015-09-04T16:44:54.757Z,2022-06-13T16:00:58.423Z
18770,Scraps_Get (Part),Scraps_Get,Stored Procedure,Part,Production Tracking,Scrap Tracking,14,23,8000,true,1,,2015-09-04T17:37:11.487Z,2021-10-27T13:52:48.597Z
19341,Send_To_Subcontract_Planning_Get (Part),Send_To_Subcontract_Planning_Get,Stored Procedure,Part,Shipping,Subcontract Shipping and Receiving,6,26,1000,true,1,,2015-09-04T17:52:30Z,2017-08-28T17:20:07.083Z
14100,Serial_No_Valid_As_Source_Get (Part),Serial_No_Valid_As_Source_Get,Stored Procedure,Part,Production Tracking,Control Panel,3,3,1000,true,1,,2015-06-10T08:13:01.423Z,2016-09-28T20:00:09.703Z
16070,Serialized_Pieces_Report_Get (Part),Serialized_Pieces_Report_Get,Stored Procedure,Part,Inventory,Serialized Piece Consumption and Trace,5,13,1000,true,1,,2015-09-04T16:51:34.663Z,
11638,Setup_BOM_Workcenter_Required_Inventory_Get (Part),Setup_BOM_Workcenter_Required_Inventory_Get,Stored Procedure,Part,Production Tracking,Control Panel,2,16,1000,true,1,,2015-03-02T18:37:02.23Z,2021-10-22T14:26:44.503Z
20441,Setup_BOMs_Get (Part),Setup_BOMs_Get,Stored Procedure,Part,Production Tracking,Control Panel,1,31,1000,true,1,,2015-09-04T18:06:18.093Z,2022-05-18T14:44:58.47Z
12883,Setup_Container_Add (Part),Setup_Container_Add,Stored Procedure,Part,Production Tracking,Control Panel,1,0,1000,true,1,,2015-04-08T12:11:19.493Z,2019-02-25T16:20:18.143Z
20048,Setup_Container_Info_Get (Part),Setup_Container_Info_Get,Stored Procedure,Part,Production Tracking,Control Panel,2,6,1000,true,1,,2015-09-04T18:02:25.803Z,
15989,Setup_Container_Picker_Get (Part),Setup_Container_Picker_Get,Stored Procedure,Part,Production Tracking,Control Panel,1,2,1000,true,1,,2015-09-04T16:45:11.793Z,
12999,Setup_Container_Update (Part),Setup_Container_Update,Stored Procedure,Part,Production Tracking,Control Panel,14,0,1000,true,1,,2015-04-13T11:50:13.957Z,2019-08-27T16:45:38.713Z
12886,Setup_Containers_Available_Get (Part),Setup_Containers_Available_Get,Stored Procedure,Part,Production Tracking,Control Panel,3,8,1000,true,1,,2015-04-08T12:16:04.653Z,2015-04-08T12:16:18.73Z
11347,Shared_Locations_Picker_Get (Part),Shared_Locations_Picker_Get,Stored Procedure,Part,Production Tracking,Control Panel,1,1,1000,true,1,,2015-02-23T17:27:45.043Z,2015-09-04T16:56:51.91Z
19169,Shelf_Life_Report_Get (Part),Shelf_Life_Report_Get,Stored Procedure,Part,Inventory,Inventory Tracking,17,16,1000,true,1,,2015-09-04T17:43:18.67Z,2019-06-06T14:43:08.293Z
23231,Shift_Priorities_Get (Part),Shift_Priorities_Get,Stored Procedure,Part,Production Tracking,Production Tracking,3,21,1000,true,1,,2015-09-16T12:12:54.097Z,2015-09-18T14:07:03.76Z
22148,Shipper_Containers_Get (Part),Shipper_Containers_Get,Stored Procedure,Part,Shipping,Customer Shipping,1,5,1000,true,1,,2015-09-04T18:18:08.773Z,
24116,Source_Container_True_Up_Trace_Get (Part),Source_Container_True_Up_Trace_Get,Stored Procedure,Part,Inventory,Advanced Inventory Traceability-Product Genealogy,1,26,1000,true,1,,2015-11-02T11:58:31.22Z,2015-11-02T11:58:52.22Z
19940,Source_Inventory_h_Get (Part),Source_Inventory_h_Get,Stored Procedure,Part,Production Tracking,Control Panel,10,7,1000,true,1,,2015-09-04T18:00:49.92Z,
4658,Standard_Quantity_Container_Type_Get (Part),Standard_Quantity_Container_Type_Get,Stored Procedure,Part,Inventory,Inventory Tracking,3,4,1000,true,1,,2014-07-30T12:50:11.497Z,2015-09-04T17:39:40.57Z
20118,Subcontract_Activity_Summary_Get (Part),Subcontract_Activity_Summary_Get,Stored Procedure,Part,Shipping,Subcontract Shipping and Receiving,3,11,1000,true,1,,2015-09-04T18:03:24.847Z,
2084,Subcontract_Inventory_Get (Part),Subcontract_Inventory_Get,Stored Procedure,Part,Shipping,Subcontract Shipping and Receiving,8,25,1000,true,1,,2014-04-11T15:37:53.9Z,2025-03-18T14:24:42.857Z
18261,Subcontract_Receiving_Expanded_Get (Part),Subcontract_Receiving_Expanded_Get,Stored Procedure,Part,Shipping,Subcontract Shipping and Receiving,7,22,1000,true,1,,2015-09-04T17:31:12.107Z,2022-12-27T13:57:55.667Z
2276,Subcontract_Receiving_Only_Get (Part),Subcontract_Receiving_Only_Get,Stored Procedure,Part,Shipping,Subcontract Shipping and Receiving,10,31,1000,true,1,,2014-04-21T16:14:22.85Z,2022-08-23T15:21:58.61Z
27694,Subcontract_Shipper_Recipients_Get (Part),Subcontract_Shipper_Recipients_Get,Stored Procedure,Part,Shipping,Subcontract Shipping and Receiving,1,2,1000,true,1,,2016-05-12T17:49:39.927Z,2016-05-12T17:57:57.373Z
28752,Supplier_Parts_Standard_Picker_Get (Part),Supplier_Parts_Standard_Picker_Get,Stored Procedure,Part,Engineering,Supplier Part,5,7,1000,true,1,,2017-03-09T17:59:26.837Z,2017-03-16T16:43:40.593Z
19041,Temper_Get (Part),Temper_Get,Stored Procedure,Part,Engineering,Temper,1,2,1000,true,1,,2015-09-04T17:40:44.473Z,
1864,Tempers_Get (Part),Tempers_Get,Stored Procedure,Part,Engineering,Part List,1,3,1000,true,1,,2014-04-03T12:46:54.07Z,2016-01-22T20:10:26.58Z
20914,Template_Attribute_Get (Part),Template_Attribute_Get,Stored Procedure,Part,Engineering,Part List,3,9,1000,true,1,,2015-09-04T18:09:04.557Z,
20909,Templates_Attributes_Get (Part),Templates_Attributes_Get,Stored Procedure,Part,Engineering,Part List,2,9,1000,true,1,,2015-09-04T18:09:04.02Z,
2111,Templates_Get (Part),Templates_Get,Stored Procedure,Part,Engineering,Part List,1,2,1000,true,1,,2014-04-15T13:13:14.333Z,2015-09-04T18:09:04.24Z
18470,Test_Command_Instruction_By_Serial_Get (Part),Test_Command_Instruction_By_Serial_Get,Stored Procedure,Part,Quality,Test Tracking,3,3,1000,true,1,,2015-09-04T17:33:21.987Z,
10304,Tool_Assemblies_Get2 (Part),Tool_Assemblies_Get2,Stored Procedure,Part,Tool Tracking,Tool BOMs and Assemblies,13,12,5000,true,0,,2015-01-26T08:03:28.243Z,2023-02-20T14:06:12.127Z
2006,Tool_Get (Part),Tool_Get,Stored Procedure,Part,Tool Tracking,Master Tool List,2,70,1000,true,0,,2014-04-09T16:54:29.097Z,2015-09-04T18:11:08.867Z
2001,Tool_Groups_Get_All (Part),Tool_Groups_Get_All,Stored Procedure,Part,Tool Tracking,Master Tool List,1,2,1000,true,0,,2014-04-08T18:30:14.65Z,2015-09-04T17:38:51.817Z
23214,Tool_Inventory_At_Control_Panel_Workcenter_Get (Part),Tool_Inventory_At_Control_Panel_Workcenter_Get,Stored Procedure,Part,Production Tracking,Control Panel,5,34,1000,true,1,,2015-09-14T14:58:42.043Z,2024-03-11T13:38:01.18Z
15578,Tool_Inventory_At_Control_Panel_Workcenter_Get_2 (Part),Tool_Inventory_At_Control_Panel_Workcenter_Get_2,Stored Procedure,Part,Production Tracking,Control Panel,4,26,1000,true,1,,2015-09-04T16:41:55.31Z,2015-09-14T08:31:21.71Z
15579,Tool_Load (Part),Tool_Load,Stored Procedure,Part,Production Tracking,Control Panel,3,1,1000,true,1,,2015-09-04T16:41:55.827Z,
23213,Tool_Set_At_Control_Panel_Workcenter_Get (Part),Tool_Set_At_Control_Panel_Workcenter_Get,Stored Procedure,Part,Production Tracking,Control Panel,5,10,1000,true,1,,2015-09-14T14:56:19.703Z,2015-09-14T14:56:51.26Z
15714,Tool_Set_At_Control_Panel_Workcenter_Get_2 (Part),Tool_Set_At_Control_Panel_Workcenter_Get_2,Stored Procedure,Part,Production Tracking,Control Panel,6,15,1000,true,1,,2015-09-04T16:43:22.263Z,2015-09-14T08:30:28.457Z
23208,Tool_Set_At_Control_Panel_Workcenter_Job_Get (Part),Tool_Set_At_Control_Panel_Workcenter_Job_Get,Stored Procedure,Part,Production Tracking,Control Panel,4,9,1000,true,1,,2015-09-14T08:25:47.16Z,2015-09-14T08:26:35.923Z
10294,Tool_Set_Get (Part),Tool_Set_Get,Stored Procedure,Part,Tool Tracking,Tool Set Tracking (Die Tracking),3,30,1000,true,0,,2015-01-25T17:00:44.42Z,2015-09-04T17:25:57.85Z
10391,Tool_Set_Log_Clockin (Part),Tool_Set_Log_Clockin,Stored Procedure,Part,Tool Tracking,Tool Set Tracking (Die Tracking),5,0,1000,true,0,,2015-01-28T11:47:29.89Z,2024-12-10T11:41:21.55Z
17810,Tool_Set_Maintenance_Mass_Update_By_Row (Part),Tool_Set_Maintenance_Mass_Update_By_Row,Stored Procedure,Part,Tool Tracking,Tool Set Tracking (Die Tracking),3,0,1000,true,0,,2015-09-04T17:25:57.8Z,
11335,Tool_Set_Maintenances_Get (Part),Tool_Set_Maintenances_Get,Stored Procedure,Part,Tool Tracking,Tool Set Tracking (Die Tracking),9,29,1000,true,0,,2015-02-23T11:46:46.173Z,2015-09-04T17:24:36.723Z
12135,Tool_Sets_By_Job_Get (Part),Tool_Sets_By_Job_Get,Stored Procedure,Part,Tool Tracking,Tool Set Tracking (Die Tracking),1,7,1000,true,0,,2015-03-16T15:04:25.397Z,2015-09-04T17:31:06.323Z
11675,Tool_Sets_Get (Part),Tool_Sets_Get,Stored Procedure,Part,Tool Tracking,Tool Set Tracking (Die Tracking),16,28,1000,true,0,,2015-03-03T14:55:40.747Z,2015-09-04T18:11:04.353Z
1177,Tool_Types_Get (Part),Tool_Types_Get,Stored Procedure,Part,Tool Tracking,Master Tool List,1,7,1000,true,0,,2014-03-06T22:11:23.793Z,2015-09-04T18:10:57.18Z
1039,Tools_Get_All (Part),Tools_Get_All,Stored Procedure,Part,Tool Tracking,Master Tool List,1,8,1000,true,0,,2014-02-27T16:07:48.247Z,2015-09-04T20:18:36.387Z
15865,Tools_Picker_Conditionally_Get (Part),Tools_Picker_Conditionally_Get,Stored Procedure,Part,Tool Tracking,Tool Inventory,2,8,1000,true,0,,2015-09-04T16:44:16.927Z,
22267,Upstream_Trace_Report_Get (Part),Upstream_Trace_Report_Get,Stored Procedure,Part,Inventory,Advanced Inventory Traceability-Product Genealogy,17,39,1000,true,1,,2015-09-04T18:18:38.787Z,2019-06-18T17:56:11.11Z
22991,Web_Service_Master_Unit_Load (Part),Web_Service_Master_Unit_Load,Stored Procedure,Part,Inventory,Master Units,9,2,1000,true,1,,2015-09-04T18:32:26.723Z,
20446,Web_Service_Record_Production (Part),Web_Service_Record_Production,Stored Procedure,Part,Production Tracking,Control Panel,31,11,1000,true,1,,2015-09-04T18:06:20.503Z,2022-11-30T13:43:56.037Z
22377,Web_Service_Sync_Container (Part),Web_Service_Sync_Container,Stored Procedure,Part,Inventory,Inventory Tracking,11,3,1000,true,1,,2015-09-04T18:24:16.127Z,
16892,Work_Step_Prioritys_Picker_Get (Part),Work_Step_Prioritys_Picker_Get,Stored Procedure,Part,Engineering,Work Instructions,1,4,1000,true,0,,2015-09-04T17:12:59.473Z,
17135,Workcenter_Bin_For_Bin_Get (Part),Workcenter_Bin_For_Bin_Get,Stored Procedure,Part,Production Tracking,Workcenter Tracking,1,2,1000,true,1,,2015-09-04T17:15:14.493Z,
21108,Workcenter_Class_Get (Part),Workcenter_Class_Get,Stored Procedure,Part,Production Tracking,Workcenter Tracking,1,11,1000,true,1,,2015-09-04T18:09:52.967Z,
11887,Workcenter_Code_Get (Part),Workcenter_Code_Get,Stored Procedure,Part,Production Tracking,Workcenter Tracking,1,1,1000,true,1,,2015-03-09T13:15:20.96Z,2015-12-30T16:56:20.79Z
10867,Workcenter_Codes_From_Workcenter_Keys_Get (Part),Workcenter_Codes_From_Workcenter_Keys_Get,Stored Procedure,Part,Production Tracking,Workcenter Tracking,1,2,1000,true,1,,2015-02-09T17:32:08.38Z,2015-09-04T17:30:05.01Z
11256,Workcenter_Default_Production_Location_Get (Part),Workcenter_Default_Production_Location_Get,Stored Procedure,Part,Production Tracking,Control Panel,1,1,1000,true,1,,2015-02-20T12:06:53.17Z,2015-09-04T17:30:19.777Z
11390,Workcenter_Events_By_Status_Get (Part),Workcenter_Events_By_Status_Get,Stored Procedure,Part,Production Tracking,Workcenter Tracking,3,4,1000,true,1,,2015-02-25T07:12:39.44Z,2019-02-25T16:20:18.143Z
11942,Workcenter_Events_Get_All (Part),Workcenter_Events_Get_All,Stored Procedure,Part,Production Tracking,Workcenter Tracking,2,2,1000,true,1,,2015-03-10T11:51:25.513Z,2015-09-04T17:13:57.69Z
10637,Workcenter_Get_Control_Panel (Part),Workcenter_Get_Control_Panel,Stored Procedure,Part,Production Tracking,Control Panel,1,42,1000,true,1,,2015-02-04T10:37:01.447Z,2022-12-14T14:01:42.47Z
10680,Workcenter_Get2 (Part),Workcenter_Get2,Stored Procedure,Part,Production Tracking,Workcenter List,1,10,3000,true,1,,2015-02-05T08:15:27.58Z,2023-01-27T21:29:43.92Z
959,Workcenter_Groups_Get (Part),Workcenter_Groups_Get,Stored Procedure,Part,Production Tracking,Workcenter List,2,2,1000,true,1,,2014-02-24T19:25:24.88Z,2015-09-04T16:43:32.297Z
12062,Workcenter_Hours_Get (Part),Workcenter_Hours_Get,Stored Procedure,Part,Production Tracking,Workcenter Tracking,18,7,1000,true,1,,2015-03-13T10:17:02.2Z,2015-09-04T16:51:53.17Z
19012,Workcenter_Inventory_Requirements_Get (Part),Workcenter_Inventory_Requirements_Get,Stored Procedure,Part,Production Tracking,Workcenter Tracking,12,18,1000,true,1,,2015-09-04T17:39:41.507Z,
5706,Workcenter_Job_Summary_Get (Part),Workcenter_Job_Summary_Get,Stored Procedure,Part,Production Tracking,Workcenter Tracking,12,51,1000,true,1,,2014-08-29T09:24:03.04Z,2023-02-28T17:34:03.477Z
11751,Workcenter_Key_From_Code_Get (Part),Workcenter_Key_From_Code_Get,Stored Procedure,Part,Production Tracking,Workcenter List,1,1,1000,true,1,,2015-03-04T14:08:35.487Z,2015-09-04T17:24:39.627Z
17762,Workcenter_Key_From_PLCName_Get (Part),Workcenter_Key_From_PLCName_Get,Stored Procedure,Part,Production Tracking,Workcenter List,1,1,1000,true,1,,2015-09-04T17:24:39.78Z,
11835,Workcenter_Key_Get (Part),Workcenter_Key_Get,Stored Procedure,Part,Production Tracking,Workcenter List,1,1,1000,true,1,,2015-03-06T15:36:07.007Z,2015-09-04T17:24:39.597Z
5034,Workcenter_List_Get_All (Part),Workcenter_List_Get_All,Stored Procedure,Part,Production Tracking,Workcenter List,1,2,1000,true,1,,2014-08-12T12:22:17.493Z,2015-09-04T17:27:10.647Z
20407,Workcenter_Load_Output (Part),Workcenter_Load_Output,Stored Procedure,Part,Production Tracking,Control Panel,13,5,1000,true,1,,2015-09-04T18:05:55.85Z,
1359,Workcenter_Log_Add (Part),Workcenter_Log_Add,Stored Procedure,Part,Production Tracking,Workcenter Tracking,12,1,1000,true,1,,2014-03-14T13:47:34.523Z,2023-02-28T17:38:23.513Z
22373,Workcenter_Log_Inspection_Modes_Get (Part),Workcenter_Log_Inspection_Modes_Get,Stored Procedure,Part,Production Tracking,Workcenter Tracking,4,22,1000,true,1,,2015-09-04T18:24:14.957Z,
11943,Workcenter_Log_Operators_Get (Part),Workcenter_Log_Operators_Get,Stored Procedure,Part,Production Tracking,Workcenter Tracking,1,1,1000,true,1,,2015-03-10T11:53:59.76Z,2023-02-28T17:49:22.033Z
11854,Workcenter_Log_Reasons_Analysis_Count_Get (Part),Workcenter_Log_Reasons_Analysis_Count_Get,Stored Procedure,Part,Production Tracking,Workcenter Tracking,18,7,1000,true,1,,2015-03-07T11:55:28.39Z,2015-09-04T17:37:33.16Z
13547,Workcenter_Log_User_Get (Part),Workcenter_Log_User_Get,Stored Procedure,Part,Production Tracking,Workcenter Tracking,1,6,1000,true,1,,2015-05-05T09:07:19.013Z,2016-10-06T10:48:33.603Z
19205,Workcenter_Log_Workcenter_Event_Update (Part),Workcenter_Log_Workcenter_Event_Update,Stored Procedure,Part,Production Tracking,Workcenter Tracking,4,3,1000,true,1,,2015-09-04T17:43:46.74Z,
11944,Workcenter_Logs_Get (Part),Workcenter_Logs_Get,Stored Procedure,Part,Production Tracking,Workcenter Tracking,21,42,1000,true,1,,2015-03-10T11:55:42.603Z,2024-02-21T07:31:11.547Z
22628,Workcenter_Logs_Get_Exploded_Export (Part),Workcenter_Logs_Get_Exploded_Export,Stored Procedure,Part,Production Tracking,Workcenter Tracking,20,43,10000,true,1,,2015-09-04T18:30:43.707Z,2025-05-20T13:42:11.063Z
17224,Workcenter_Operator_Required_Get (Part),Workcenter_Operator_Required_Get,Stored Procedure,Part,Production Tracking,Workcenter Tracking,1,1,1000,true,1,,2015-09-04T17:15:27.233Z,
19778,Workcenter_Output_Container_Update_PLC_Get (Part),Workcenter_Output_Container_Update_PLC_Get,Stored Procedure,Part,Production Tracking,Workcenter Tracking,1,3,1000,false,1,,2015-09-04T17:58:20.88Z,
22870,Workcenter_Performance_Simple_Get (Part),Workcenter_Performance_Simple_Get,Stored Procedure,Part,Production Tracking,Workcenter Tracking,1,6,1000,true,1,,2015-09-04T18:31:49.583Z,
17134,Workcenter_PLC_Data_Update (Part),Workcenter_PLC_Data_Update,Stored Procedure,Part,Production Tracking,Workcenter List,3,2,1000,true,1,,2015-09-04T17:15:14.463Z,2018-07-26T14:35:48.99Z
17152,Workcenter_Printer_Get (Part),Workcenter_Printer_Get,Stored Procedure,Part,Production Tracking,Workcenter List,2,1,1000,true,1,,2015-09-04T17:15:16.313Z,2016-05-06T16:45:03.303Z
9075,Workcenter_Production_Get (Part),Workcenter_Production_Get,Stored Procedure,Part,Production Tracking,Production Tracking,1,87,1000,true,1,,2014-12-17T16:34:53.537Z,2024-02-06T13:47:15.74Z
18218,Workcenter_Production_Status_Report_Get (Part),Workcenter_Production_Status_Report_Get,Stored Procedure,Part,Production Tracking,Production Tracking,1,21,1000,true,1,,2015-09-04T17:30:27.05Z,
17781,Workcenter_Production_Summary_Report (Part),Workcenter_Production_Summary_Report,Stored Procedure,Part,Production Tracking,Production Tracking,6,3,1000,true,1,,2015-09-04T17:24:43.057Z,2025-11-10T21:16:09.19Z
20023,Workcenter_Productivity_Report_Get (Part),Workcenter_Productivity_Report_Get,Stored Procedure,Part,Production Tracking,Production Tracking,9,25,1000,true,1,,2015-09-04T18:01:42.233Z,2021-12-07T17:07:09.887Z
11632,Workcenter_Required_Job_Inventory_Get (Part),Workcenter_Required_Job_Inventory_Get,Stored Procedure,Part,Production Tracking,Workcenter Tracking,2,30,1000,true,1,,2015-03-02T18:29:01.303Z,2023-07-12T08:47:19.32Z
21734,Workcenter_Required_Job_Inventory_Shortage_Get (Part),Workcenter_Required_Job_Inventory_Shortage_Get,Stored Procedure,Part,Production Tracking,Workcenter Tracking,5,16,1000,true,1,,2015-09-04T18:16:30.13Z,
4539,Workcenter_Runs_Get (Part),Workcenter_Runs_Get,Stored Procedure,Part,Production Tracking,Job Tracking System,0,33,1000,true,1,,2014-07-23T14:34:40.64Z,2022-07-12T16:23:03.82Z
12240,Workcenter_Setup_Delete (Part),Workcenter_Setup_Delete,Stored Procedure,Part,Production Tracking,Control Panel,1,0,1000,true,1,,2015-03-19T08:05:47.393Z,2015-09-04T18:24:37.65Z
16878,Workcenter_Setup_Get (Part),Workcenter_Setup_Get,Stored Procedure,Part,Production Tracking,Control Panel,1,21,1000,true,1,,2015-09-04T17:12:56.987Z,
18232,Workcenter_Setup_Printer_Get (Part),Workcenter_Setup_Printer_Get,Stored Procedure,Part,Production Tracking,Control Panel,2,12,1000,true,1,,2015-09-04T17:30:30.34Z,
13466,Workcenter_Setup_Production_Get (Part),Workcenter_Setup_Production_Get,Stored Procedure,Part,Production Tracking,Control Panel,1,13,1000,true,1,,2015-04-29T15:02:03.89Z,2023-08-10T15:38:17.59Z
11263,Workcenter_Shared_Source_Inventory_Get (Part),Workcenter_Shared_Source_Inventory_Get,Stored Procedure,Part,Production Tracking,Workcenter Tracking,5,14,1000,true,1,,2015-02-20T12:45:18.05Z,2019-02-25T16:20:18.143Z
23221,Workcenter_Source_by_Workcenter_Delete (Part),Workcenter_Source_by_Workcenter_Delete,Stored Procedure,Part,Production Tracking,Workcenter Tracking,1,0,1000,true,1,Deletes workcenter_source_inventory records for a Workcenter (unloads),2015-09-15T14:47:36.07Z,2025-09-24T15:52:16.233Z
11597,Workcenter_Source_Inventory_Delete (Part),Workcenter_Source_Inventory_Delete,Stored Procedure,Part,Production Tracking,Workcenter Tracking,2,0,1000,true,1,,2015-03-02T09:13:40.9Z,
12337,Workcenter_Source_Locations_Get (Part),Workcenter_Source_Locations_Get,Stored Procedure,Part,Production Tracking,Workcenter Tracking,2,3,1000,true,1,,2015-03-23T06:56:33.47Z,2025-11-11T14:42:31.953Z
6815,Workcenter_Status_Get (Part),Workcenter_Status_Get,Stored Procedure,Part,Production Tracking,Workcenter List,1,45,1000,true,1,,2014-10-01T09:46:32.24Z,2016-08-02T15:57:14Z
961,Workcenter_Status_Get_All (Part),Workcenter_Status_Get_All,Stored Procedure,Part,Production Tracking,Workcenter List,7,27,1000,true,1,,2014-02-24T19:23:36.05Z,2016-08-02T15:55:32.377Z
962,Workcenter_Status_Key_Get (Part),Workcenter_Status_Key_Get,Stored Procedure,Part,Production Tracking,Workcenter List,1,1,1000,true,1,,2014-02-24T19:20:53.737Z,2015-09-04T17:26:26.147Z
17213,Workcenter_Status_Summary (Part),Workcenter_Status_Summary,Stored Procedure,Part,Production Tracking,Workcenter List,2,12,1000,true,1,,2015-09-04T17:15:24.883Z,2016-07-18T14:47:25.757Z
18242,Workcenter_Status_Summary_Report_Get (Part),Workcenter_Status_Summary_Report_Get,Stored Procedure,Part,Production Tracking,Workcenter List,9,11,1000,true,1,,2015-09-04T17:31:08.31Z,
20434,Workcenter_Status_Update_By_PLC_Name (Part),Workcenter_Status_Update_By_PLC_Name,Stored Procedure,Part,Production Tracking,Workcenter List,7,3,1000,true,1,,2015-09-04T18:06:16.037Z,
11343,Workcenter_Status_Workcenter_Events_Get (Part),Workcenter_Status_Workcenter_Events_Get,Stored Procedure,Part,Production Tracking,Workcenter List,1,25,1000,true,1,,2015-02-23T13:41:43.91Z,2016-04-18T18:32:44.113Z
18262,Workcenter_Summary_Get (Part),Workcenter_Summary_Get,Stored Procedure,Part,Production Tracking,Workcenter List,3,10,1000,true,1,,2015-09-04T17:31:12.56Z,
995,Workcenter_Types_Get (Part),Workcenter_Types_Get,Stored Procedure,Part,Production Tracking,Workcenter List,4,2,1000,true,1,,2014-02-26T21:30:35.743Z,2015-09-04T20:18:12.277Z
22611,Workcenter_Upload (Part),Workcenter_Upload,Stored Procedure,Part,Production Tracking,Workcenter List,57,2,1000,true,1,,2015-09-04T18:30:41.207Z,2024-10-22T05:47:20.15Z
22612,Workcenter_Upload_Validation (Part),Workcenter_Upload_Validation,Stored Procedure,Part,Production Tracking,Workcenter List,17,2,1000,true,1,,2015-09-04T18:30:41.383Z,2024-10-22T05:48:51.643Z
16787,Workcenter_Workcenter_Status_Update (Part),Workcenter_Workcenter_Status_Update,Stored Procedure,Part,Production Tracking,Workcenter List,7,2,1000,true,1,,2015-09-04T17:12:02.31Z,
11258,WorkcenterCode_Get (Part),WorkcenterCode_Get,Stored Procedure,Part,Production Tracking,Workcenter List,1,2,1000,true,1,,2015-02-20T12:15:02.25Z,2015-09-04T17:31:39.137Z
966,Workcenters_All_Get (Part),Workcenters_All_Get,Stored Procedure,Part,Production Tracking,Workcenter List,5,3,1000,true,1,,2014-02-24T19:22:43.17Z,2015-09-04T16:42:32.81Z
18981,Workcenters_And_Equipments_Get (Part),Workcenters_And_Equipments_Get,Stored Procedure,Part,Production Tracking,Workcenter List,2,5,1000,true,1,,2015-09-04T17:38:55.533Z,
3090,Workcenters_Approved_Get (Part),Workcenters_Approved_Get,Stored Procedure,Part,Production Tracking,Production Tracking,0,7,1000,true,1,,2014-06-04T11:48:15.13Z,2014-07-31T08:29:27.853Z
27996,Workcenters_Current_Workcenter_Status_Get (Part),Workcenters_Current_Workcenter_Status_Get,Stored Procedure,Part,Production Tracking,Workcenter List,1,5,1000,true,1,,2016-07-22T17:22:09.13Z,2023-02-28T16:44:46.61Z
24190,Workcenters_Demand_Caster_Get (Part),Workcenters_Demand_Caster_Get,Stored Procedure,Part,,,0,2,1000,false,1,,2015-11-20T16:23:32.333Z,2016-10-06T12:48:53.067Z
790,Workcenters_Get (Part),Workcenters_Get,Stored Procedure,Part,Production Tracking,Workcenter List,17,37,1000,true,1,,2014-02-18T17:34:31.14Z,2024-02-21T07:28:06.003Z
805,Workcenters_Get_All (Part),Workcenters_Get_All,Stored Procedure,Part,Production Tracking,Workcenter List,2,5,1000,true,1,,2014-02-21T03:30:41.01Z,2015-09-04T16:44:18.983Z
21783,Workcenters_Get2 (Part),Workcenters_Get2,Stored Procedure,Part,Production Tracking,Workcenter List,3,21,3000,true,1,,2015-09-04T18:16:46.107Z,2023-01-31T13:49:27.57Z
595,Workcenters_Picker_Get (Part),Workcenters_Picker_Get,Stored Procedure,Part,Production Tracking,Workcenter List,4,3,1000,true,1,,2014-02-07T17:33:17.133Z,2016-03-10T19:53:10.19Z
17417,Workcenters_PLC_Information_Get (Part),Workcenters_PLC_Information_Get,Stored Procedure,Part,Production Tracking,Workcenter List,6,9,1000,true,1,,2015-09-04T17:21:15.527Z,
14992,Action_Reasons_Get (Personnel),Action_Reasons_Get,Stored Procedure,Personnel,Human Resources,Employee Records,0,3,1000,true,1,,2015-09-04T15:56:02.46Z,2015-09-04T20:17:41.183Z
14144,Applicants_Get_Extended (Personnel),Applicants_Get_Extended,Stored Procedure,Personnel,Human Resources,Applicant Tracking,14,19,1000,true,1,,2015-06-15T09:07:06.937Z,2015-09-04T18:02:27.78Z
18188,Bio_Clock_In_Out (Personnel),Bio_Clock_In_Out,Stored Procedure,Personnel,Human Resources,Time and Attendance Labor Tracking,4,2,1000,true,1,,2015-09-04T17:30:20.213Z,
11778,Clockin_Activity2 (Personnel),Clockin_Activity2,Stored Procedure,Personnel,Human Resources,Time and Attendance Labor Tracking,8,0,1000,true,1,,2015-03-05T09:08:56.03Z,2015-09-04T18:30:33.83Z
967,Clockin_Costs_Get (Personnel),Clockin_Costs_Get,Stored Procedure,Personnel,Production Tracking,Control Panel,1,9,1000,true,1,,2014-02-24T19:31:04.423Z,2015-09-04T16:48:44.617Z
8581,Company_Work_Schedules_Get (Personnel),Company_Work_Schedules_Get,Stored Procedure,Personnel,Human Resources,Work Calendar,19,22,10000,true,1,,2014-12-08T10:17:01.99Z,2017-02-10T21:12:12.703Z
11813,Control_Panel_Badge_Validate (Personnel),Control_Panel_Badge_Validate,Stored Procedure,Personnel,Production Tracking,Control Panel,2,5,1000,true,1,,2015-03-06T08:11:16.7Z,2015-09-04T18:30:33.797Z
22588,Control_Panel_Clockin_Toggle (Personnel),Control_Panel_Clockin_Toggle,Stored Procedure,Personnel,Production Tracking,Control Panel,3,0,1000,true,1,"Please note:  The input ""Labor_Type_Key""  may refer to ""Cost_Sub_Type_Key""",2015-09-04T18:30:34.563Z,2025-07-14T13:03:58.793Z
3388,Department_Users_Picker_Get (Personnel),Department_Users_Picker_Get,Stored Procedure,Personnel,Human Resources,Employee List,1,7,1000,true,1,,2014-06-13T15:06:53.81Z,2015-09-04T20:17:56.37Z
11924,Employee_Count_By_Building_Get (Personnel),Employee_Count_By_Building_Get,Stored Procedure,Personnel,Human Resources,Employee List,1,2,1000,true,1,,2015-03-10T06:48:53.867Z,2015-09-04T17:38:41.96Z
18862,Employee_Experiences_Get (Personnel),Employee_Experiences_Get,Stored Procedure,Personnel,Human Resources,Employee List,2,19,1000,true,1,,2015-09-04T17:37:43.13Z,
22657,Employee_Extended_Attributes_Update (Personnel),Employee_Extended_Attributes_Update,Stored Procedure,Personnel,Human Resources,Employee List,26,3,1000,true,1,,2015-09-04T18:30:53.847Z,2024-02-20T11:13:47.847Z
22458,Employee_Extended_Update (Personnel),Employee_Extended_Update,Stored Procedure,Personnel,Human Resources,Employee List,47,3,1000,true,1,,2015-09-04T18:24:37.177Z,2024-02-20T11:01:21.067Z
3389,Employee_Get (Personnel),Employee_Get,Stored Procedure,Personnel,Human Resources,Employee List,1,100,1000,true,1,,2014-06-13T18:43:05.227Z,2024-02-26T12:34:00.783Z
4096,Employee_Get1 (Personnel),Employee_Get1,Stored Procedure,Personnel,Human Resources,Employee List,1,17,1000,true,1,,2014-07-09T18:51:18.353Z,2016-04-05T13:16:11.99Z
14208,Employee_Grid_VP_Get (Personnel),Employee_Grid_VP_Get,Stored Procedure,Personnel,Human Resources,Employee List,14,22,1000,true,1,,2015-06-17T15:22:55.76Z,2015-09-04T20:18:41.23Z
4024,Employee_Job_Description_Get_v2 (Personnel),Employee_Job_Description_Get_v2,Stored Procedure,Personnel,Human Resources,Employee List,0,45,1000,true,1,,2014-07-04T11:42:36.583Z,2023-08-03T11:01:15.917Z
5776,Employee_List_Get (Personnel),Employee_List_Get,Stored Procedure,Personnel,Human Resources,Employee List,1,7,1000,true,1,,2014-09-01T13:08:44.25Z,2015-09-04T16:45:11.423Z
3555,Employee_Payroll_Insurance_Get (Personnel),Employee_Payroll_Insurance_Get,Stored Procedure,Personnel,Human Resources,Employee List,1,86,1000,true,1,,2014-06-17T17:22:34.583Z,2023-11-08T06:56:49.697Z
17575,Employee_Quick_Report_Get (Personnel),Employee_Quick_Report_Get,Stored Procedure,Personnel,Human Resources,Employee List,1,27,1000,true,1,,2015-09-04T17:22:37.2Z,
15634,Employee_Requisition_Get (Personnel),Employee_Requisition_Get,Stored Procedure,Personnel,Human Resources,Applicant Tracking,1,36,1000,true,1,,2015-09-04T16:42:36.24Z,2015-10-26T11:17:44.01Z
6697,Employee_Shifts_Get (Personnel),Employee_Shifts_Get,Stored Procedure,Personnel,Human Resources,Employee List,2,7,1000,true,1,,2014-09-26T12:39:12.573Z,2015-09-04T16:42:00.56Z
233935,Employee_Simplified_Get (Personnel),Employee_Simplified_Get,Stored Procedure,Personnel,Human Resources,Employee List,1,9,1000,true,1,,2021-02-09T20:00:09.733Z,2021-02-09T20:00:22.46Z
3403,Employee_User_List_Get (Personnel),Employee_User_List_Get,Stored Procedure,Personnel,Human Resources,Employee List,1,11,1000,true,1,,2014-06-13T18:37:57.62Z,2017-08-04T18:05:46.727Z
1091,Employee_User_Picker_Get (Personnel),Employee_User_Picker_Get,Stored Procedure,Personnel,Human Resources,Employee List,3,6,1000,true,1,,2014-03-03T16:45:46.08Z,2015-09-04T17:20:40.607Z
154,Employees_Get (Personnel),Employees_Get,Stored Procedure,Personnel,Human Resources,Employee List,15,21,1000,true,1,,2013-11-26T21:31:22.517Z,2024-04-11T17:52:06.96Z
8633,Employees_Picker_Get (Personnel),Employees_Picker_Get,Stored Procedure,Personnel,Human Resources,Employee List,3,5,1000,true,1,,2014-12-09T11:04:35.237Z,2021-04-09T02:07:18.457Z
8428,Holidays_Get (Personnel),Holidays_Get,Stored Procedure,Personnel,Human Resources,Time and Attendance Labor Tracking,4,5,1000,true,1,,2014-12-02T10:08:28.207Z,2015-09-04T18:18:22.55Z
15522,Instructors_Training_Sessions_In_Process_Get (Personnel),Instructors_Training_Sessions_In_Process_Get,Stored Procedure,Personnel,Human Resources,Training Tracking,5,9,1000,true,1,,2015-09-04T16:41:41.007Z,
8170,Labor_Costs_Get (Personnel),Labor_Costs_Get,Stored Procedure,Personnel,Human Resources,Time and Attendance Labor Tracking,15,17,12000,true,1,,2014-11-24T13:13:35.53Z,2020-09-18T11:55:37.21Z
17916,Labor_Types_Get (Personnel),Labor_Types_Get,Stored Procedure,Personnel,Human Resources,Employee List,0,4,1000,true,1,,2015-09-04T17:27:08.453Z,
3592,Pay_Type_Get (Personnel),Pay_Type_Get,Stored Procedure,Personnel,Human Resources,Employee List,0,3,1000,true,1,,2014-06-17T17:24:00.383Z,2015-09-04T20:18:26.23Z
22236,Required_Skills_Get (Personnel),Required_Skills_Get,Stored Procedure,Personnel,Human Resources,Training Tracking,7,14,1000,true,1,,2015-09-04T18:18:28.8Z,2015-12-15T16:19:02.65Z
8484,Time_Off_Employee_View_Get (Personnel),Time_Off_Employee_View_Get,Stored Procedure,Personnel,Human Resources,Time Off Tracking,5,11,1000,true,1,,2014-12-04T11:21:22.037Z,2015-10-20T17:48:13.377Z
21151,Time_Off_Period_Get (Personnel),Time_Off_Period_Get,Stored Procedure,Personnel,Human Resources,Time Off Tracking,1,15,1000,true,1,,2015-09-04T18:10:00.29Z,
8074,Time_Off_Types_Get (Personnel),Time_Off_Types_Get,Stored Procedure,Personnel,Human Resources,Time Off Tracking,2,2,1000,true,1,,2014-11-20T10:05:08.487Z,2015-12-01T15:50:58.043Z
8330,Time_Offs_Get (Personnel),Time_Offs_Get,Stored Procedure,Personnel,Human Resources,Time Off Tracking,15,20,1000,true,1,,2014-11-28T10:55:18.643Z,2015-10-20T17:47:33.55Z
23918,Training_Request_Completed_Upload (Personnel),Training_Request_Completed_Upload,Stored Procedure,Personnel,Human Resources,Training Tracking,11,1,1000,true,1,,2015-10-14T11:05:00.663Z,2025-11-25T16:17:05.007Z
10289,Training_Request_Session_Get (Personnel),Training_Request_Session_Get,Stored Procedure,Personnel,Human Resources,Training Tracking,1,25,1000,true,1,,2015-01-24T13:34:40.783Z,2015-09-04T16:43:28.56Z
19421,User_Timeclock_Records_Get (Personnel),User_Timeclock_Records_Get,Stored Procedure,Personnel,Human Resources,Timesheet Tracking,4,12,1000,true,1,,2015-09-04T17:53:25.017Z,
10090,Web_Service_Attendance_Labor_Get (Personnel),Web_Service_Attendance_Labor_Get,Stored Procedure,Personnel,Human Resources,Time and Attendance Labor Tracking,9,41,1000,true,1,,2015-01-20T14:41:45.783Z,2021-01-27T06:41:30.287Z
238464,Account_IDs_xPCN_From_User_Group_Get (Plexus_Control),Account_IDs_xPCN_From_User_Group_Get,Stored Procedure,Plexus_Control,Management,Activity Manager,1,2,1000,true,1,,2024-09-17T09:15:21.933Z,
501,Customer_Groups_By_PCN_Get (Plexus_Control),Customer_Groups_By_PCN_Get,Stored Procedure,Plexus_Control,,,2,2,1000,false,1,,2014-02-01T19:00:39.457Z,2015-09-04T17:01:18.963Z
3414,Customer_Setting_Get2 (Plexus_Control),Customer_Setting_Get2,Stored Procedure,Plexus_Control,Platform,Settings Manager,3,2,1000,true,1,,2014-06-06T19:12:48.037Z,2025-02-18T19:11:14.3Z
238814,Module_Revision_API_Add (Plexus_Control),Module_Revision_API_Add,Stored Procedure,Plexus_Control,Platform,Revision Tracking,4,3,1000,true,1,"Delimited entry format: fieldName1:value1||fieldName2:value2||

To display correctly on a given Revision Tracking screen, the Original_Text and Revision_Text must contain the same fieldName:value pairs, and both must end with ||.",2025-03-04T14:47:54.407Z,2025-03-11T22:03:08.253Z
843,Plexus_Customer_Info_Get (Plexus_Control),Plexus_Customer_Info_Get,Stored Procedure,Plexus_Control,,,0,19,1000,false,1,,2014-02-24T15:02:03.41Z,2015-09-04T16:50:08.243Z
382,Plexus_Customer_Name_Code_Get (Plexus_Control),Plexus_Customer_Name_Code_Get,Stored Procedure,Plexus_Control,,,0,2,1000,false,1,,2014-01-13T17:44:19.61Z,2019-09-16T14:57:43.86Z
2198,Plexus_User_Get (Plexus_Control),Plexus_User_Get,Stored Procedure,Plexus_Control,,,1,7,1000,false,1,,2014-04-16T18:22:15.837Z,2016-08-31T17:08:22.537Z
238161,Plexus_Users_Picker_Get (Plexus_Control),Plexus_Users_Picker_Get,Stored Procedure,Plexus_Control,Platform,Web Services,5,7,1000,true,1,,2024-06-11T13:00:50.893Z,2024-11-26T11:05:09.573Z
238463,User_Groups_xPCN_Picker_Get (Plexus_Control),User_Groups_xPCN_Picker_Get,Stored Procedure,Plexus_Control,Management,Activity Manager,1,4,1000,true,1,,2024-09-17T09:14:47.587Z,
238261,User_Identifiers_Get (Plexus_Control),User_Identifiers_Get,Stored Procedure,Plexus_Control,Platform,Web Services,3,10,1000,true,1,,2024-07-10T21:39:51.787Z,2024-10-31T02:39:23.747Z
1,Wait_For_Delay_Test (Plexus_Control),Wait_For_Delay_Test,Stored Procedure,Plexus_Control,,,1,2,1000,false,1,,2014-02-01T05:00:00Z,2016-01-11T16:49:36.85Z
232745,Demand_Caster_Line_Item_API_Add_Update (Purchasing),Demand_Caster_Line_Item_API_Add_Update,Stored Procedure,Purchasing,,,21,6,1000,false,1,,2020-03-12T19:19:25.53Z,2020-10-29T15:54:22.27Z
230307,Demand_Caster_PO_Line_Item_Details_Get (Purchasing),Demand_Caster_PO_Line_Item_Details_Get,Stored Procedure,Purchasing,,,9,41,1000,false,1,,2018-11-12T13:46:21.123Z,2026-01-20T10:27:14.437Z
230228,Demand_Caster_PO_Release_Details_Get (Purchasing),Demand_Caster_PO_Release_Details_Get,Stored Procedure,Purchasing,,,13,41,100000,false,1,,2018-10-17T19:39:54.05Z,2025-10-30T11:30:52.023Z
232802,Demand_Caster_Release_API_Add_Update (Purchasing),Demand_Caster_Release_API_Add_Update,Stored Procedure,Purchasing,,,9,3,1000,false,1,,2020-03-25T13:23:04.657Z,2020-04-06T13:03:06.82Z
2030,Item_Get (Purchasing),Item_Get,Stored Procedure,Purchasing,Purchasing,Supplies (MRO),3,71,1000,true,1,,2014-04-10T18:51:04.693Z,2025-01-24T15:40:41.617Z
140,Item_Key_Get (Purchasing),Item_Key_Get,Stored Procedure,Purchasing,Purchasing,Supplies (MRO),5,3,1000,true,1,,2013-11-21T17:24:01.477Z,2018-09-18T15:06:53.757Z
3428,Item_Locations_Get (Purchasing),Item_Locations_Get,Stored Procedure,Purchasing,Purchasing,Supplies (MRO),2,7,1000,true,1,,2014-06-13T18:01:22.043Z,2022-07-26T13:41:59.997Z
7153,Item_Usage_Add (Purchasing),Item_Usage_Add,Stored Procedure,Purchasing,Purchasing,Supplies (MRO),26,2,1000,true,1,,2014-10-14T12:33:14.807Z,2016-05-04T12:34:18.897Z
7241,Item_Usage_Summary_Get (Purchasing),Item_Usage_Summary_Get,Stored Procedure,Purchasing,Purchasing,Supplies (MRO),26,31,1000,true,1,,2014-10-17T08:39:00.907Z,2020-06-05T18:35:08Z
2491,Items_Get (Purchasing),Items_Get,Stored Procedure,Purchasing,Purchasing,Supplies (MRO),33,29,499,true,1,,2014-05-05T18:08:31.347Z,2023-08-21T21:14:45.517Z
28018,Items_Get_All (Purchasing),Items_Get_All,Stored Procedure,Purchasing,Purchasing,Supplies (MRO),32,28,500,true,1,,2016-07-28T13:48:30.35Z,2024-04-04T06:49:55.003Z
650,Items_Get_Item_Picker (Purchasing),Items_Get_Item_Picker,Stored Procedure,Purchasing,Purchasing,Supplies (MRO),9,19,1000,true,1,,2014-02-13T18:28:20.677Z,2016-07-05T21:08:14.063Z
19424,Line_Item_Add_Update (Purchasing),Line_Item_Add_Update,Stored Procedure,Purchasing,Purchasing,Purchase Orders,28,5,1000,true,1,,2015-09-04T17:53:25.73Z,2020-10-29T15:57:34.077Z
4802,Line_Item_Document_Get (Purchasing),Line_Item_Document_Get,Stored Procedure,Purchasing,Purchasing,Purchase Orders,3,86,1000,true,1,,2014-08-06T11:57:29.66Z,2015-09-04T20:17:53.31Z
6197,Line_Item_Get (Purchasing),Line_Item_Get,Stored Procedure,Purchasing,Purchasing,Purchase Orders,1,122,1000,true,1,,2014-09-11T11:24:15.393Z,2023-08-11T12:45:38.433Z
20258,Line_Item_Release_Mass_Update_Get (Purchasing),Line_Item_Release_Mass_Update_Get,Stored Procedure,Purchasing,Purchasing,Purchase Orders,1,10,1000,true,1,,2015-09-04T18:04:28.577Z,
2873,Line_Items_Get_All (Purchasing),Line_Items_Get_All,Stored Procedure,Purchasing,Purchasing,Purchase Orders,8,35,1000,true,1,,2014-05-23T19:43:30.177Z,2023-12-12T15:06:10.193Z
27444,Line_Items_Releases_Get (Purchasing),Line_Items_Releases_Get,Stored Procedure,Purchasing,Purchasing,Purchase Orders,10,61,1000,true,1,,2016-03-14T19:05:02.01Z,2024-02-06T15:33:17.82Z
2874,Open_PO_Get (Purchasing),Open_PO_Get,Stored Procedure,Purchasing,Purchasing,Purchase Orders,10,18,10000,true,1,,2014-05-22T18:18:37.783Z,2023-10-03T17:56:12.81Z
19367,Open_PO_Get_All (Purchasing),Open_PO_Get_All,Stored Procedure,Purchasing,Purchasing,Purchase Orders,10,17,1000,true,1,,2015-09-04T17:52:49.18Z,
5295,Open_POs_Picker_Get (Purchasing),Open_POs_Picker_Get,Stored Procedure,Purchasing,Purchasing,Purchase Orders,2,6,1000,true,1,,2014-08-18T18:07:03.73Z,2015-09-04T20:17:50.763Z
9651,Parts_On_PO_Get (Purchasing),Parts_On_PO_Get,Stored Procedure,Purchasing,Purchasing,Purchase Orders,4,12,1000,true,1,,2015-01-08T14:45:23.96Z,2015-09-04T17:15:45.707Z
19389,PO_Add_Update (Purchasing),PO_Add_Update,Stored Procedure,Purchasing,Purchasing,Purchase Orders,31,5,1000,true,1,,2015-09-04T17:52:55.18Z,2020-10-29T15:47:42.04Z
3826,PO_Defaults_Get (Purchasing),PO_Defaults_Get,Stored Procedure,Purchasing,Purchasing,Purchase Orders,3,21,1000,true,1,,2014-06-25T14:16:56.827Z,2021-05-19T18:47:12.293Z
3827,PO_Detail (Purchasing),PO_Detail,Stored Procedure,Purchasing,Purchasing,Purchase Orders,1,123,1000,true,1,,2014-06-25T13:59:16.17Z,2023-08-10T18:36:36.387Z
4793,PO_Document_Get (Purchasing),PO_Document_Get,Stored Procedure,Purchasing,Purchasing,Purchase Orders,1,96,1000,true,1,,2014-08-06T09:07:21.197Z,2016-01-06T15:32:05.593Z
15326,PO_Get (Purchasing),PO_Get,Stored Procedure,Purchasing,Purchasing,Purchase Orders,46,49,1000,true,1,Note: This data source should not be used on a VisionPlex screen that is accessible by supplier users.,2015-09-04T16:39:22.86Z,2019-12-19T19:32:03.423Z
19022,PO_Line_Item_Release_Get (Purchasing),PO_Line_Item_Release_Get,Stored Procedure,Purchasing,Purchasing,Purchase Orders,3,32,1000,true,1,"Gets xPCN PO_Keys from three sources:
  1. PO_Keys by PO's Update_Date (Does not consider Add_Date)
  2. PO_Keys by Line_Item's Update_Date or Add_Date
  3. PO_Keys by Release's Update_Date or Add_Date",2015-09-04T17:39:44.42Z,2024-06-10T19:34:28.993Z
9062,PO_No_From_PO_Key_Get (Purchasing),PO_No_From_PO_Key_Get,Stored Procedure,Purchasing,Purchasing,Purchase Orders,1,4,1000,true,1,,2014-12-17T13:10:49.14Z,2015-02-18T09:35:21.493Z
2884,PO_Picker_Get (Purchasing),PO_Picker_Get,Stored Procedure,Purchasing,Purchasing,Purchase Orders,4,8,1000,true,1,Note: This data source should not be used on a VisionPlex screen that is accessible by supplier users.,2014-05-26T12:33:17.707Z,2019-12-19T18:47:50.7Z
16256,PO_Release_Changes_Get (Purchasing),PO_Release_Changes_Get,Stored Procedure,Purchasing,Purchasing,Purchase Orders,6,12,1000,true,1,,2015-09-04T16:53:04.423Z,2015-09-04T16:56:51.613Z
2807,PO_Types_Get (Purchasing),PO_Types_Get,Stored Procedure,Purchasing,Purchasing,Purchase Orders,3,30,1000,true,1,,2014-05-22T17:00:30.3Z,2017-05-02T16:49:07.52Z
9,PO_Types_Picker_Get (Purchasing),PO_Types_Picker_Get,Stored Procedure,Purchasing,Purchasing,Purchase Orders,4,2,1000,true,1,Note: This data source should not be used on a VisionPlex screen that is accessible by supplier users.,2014-02-01T05:00:00Z,2019-12-19T16:03:22.113Z
3434,POs_By_Part_Default_Status_Get (Purchasing),POs_By_Part_Default_Status_Get,Stored Procedure,Purchasing,Purchasing,Purchase Orders,5,11,1000,true,1,,2014-06-16T15:59:46.103Z,2024-01-05T16:06:43.07Z
21338,POs_for_Created_Date_Get (Purchasing),POs_for_Created_Date_Get,Stored Procedure,Purchasing,Purchasing,Purchase Orders,6,37,1000,true,1,,2015-09-04T18:11:02.22Z,
10,POs_Get (Purchasing),POs_Get,Stored Procedure,Purchasing,Purchasing,Purchase Orders,47,49,600,true,1,,2014-02-01T05:00:00Z,2023-12-12T15:04:10.333Z
14828,POs_Issued_By_Update (Purchasing),POs_Issued_By_Update,Stored Procedure,Purchasing,Purchasing,Purchase Orders,6,0,1000,true,1,,2015-08-28T10:24:51.02Z,2019-07-17T17:42:24.86Z
3043,Purchasing_Receipts_Get_Master (Purchasing),Purchasing_Receipts_Get_Master,Stored Procedure,Purchasing,Purchasing,Receiving,26,42,1000,true,1,,2014-05-30T13:10:24.5Z,2022-10-04T15:27:57.573Z
16845,Purchasing_Receipts_History_Get (Purchasing),Purchasing_Receipts_History_Get,Stored Procedure,Purchasing,Purchasing,Receiving,4,14,1000,true,1,,2015-09-04T17:12:09.34Z,2022-11-01T15:41:50.147Z
19057,Receipts_By_Date_Get (Purchasing),Receipts_By_Date_Get,Stored Procedure,Purchasing,Purchasing,Receiving,2,18,1000,true,1,,2015-09-04T17:40:48.943Z,2016-10-06T15:35:56.917Z
15303,Receipts_Get (Purchasing),Receipts_Get,Stored Procedure,Purchasing,Purchasing,Receiving,6,8,1000,true,1,,2015-09-04T16:39:15.417Z,2024-10-07T12:55:47.35Z
5022,Receiving_Log_Get (Purchasing),Receiving_Log_Get,Stored Procedure,Purchasing,Purchasing,Receiving,14,25,2000,true,1,,2014-08-12T10:01:20.343Z,2022-07-28T17:04:43.623Z
2766,Release_Add (Purchasing),Release_Add,Stored Procedure,Purchasing,Purchasing,Purchase Orders,21,7,1000,true,1,,2014-05-20T17:17:54.8Z,2017-10-31T18:15:52.41Z
19425,Release_Add_Update (Purchasing),Release_Add_Update,Stored Procedure,Purchasing,Purchasing,Purchase Orders,8,3,1000,true,1,,2015-09-04T17:53:25.877Z,2019-02-07T19:43:08.613Z
2768,Release_Get (Purchasing),Release_Get,Stored Procedure,Purchasing,Purchasing,Purchase Orders,2,26,1000,true,1,,2014-05-20T16:44:51.28Z,2015-09-04T18:04:32.157Z
6200,Releases_Get (Purchasing),Releases_Get,Stored Procedure,Purchasing,Purchasing,Purchase Orders,3,24,1000,true,1,,2014-09-11T11:25:10.29Z,2024-08-02T14:53:13.24Z
17821,Releases_h_Get (Purchasing),Releases_h_Get,Stored Procedure,Purchasing,Purchasing,Purchase Orders,15,19,1000,true,1,,2015-09-04T17:26:00.197Z,2025-07-22T09:32:21.12Z
2889,Releases_Supplier_On_Order_Get (Purchasing),Releases_Supplier_On_Order_Get,Stored Procedure,Purchasing,Purchasing,Purchase Orders,25,79,1000,true,1,,2014-05-27T16:04:44.547Z,2018-05-11T00:49:26.287Z
15466,Releases_Supplier_On_Order_Get2 (Purchasing),Releases_Supplier_On_Order_Get2,Stored Procedure,Purchasing,Purchasing,Purchase Orders,15,43,1000,true,1,,2015-09-04T16:41:06.98Z,
2891,Report_PPV_Price_Comparison_Get (Purchasing),Report_PPV_Price_Comparison_Get,Stored Procedure,Purchasing,Costing,Advanced Standard Costing,14,18,1000,true,1,,2014-05-27T13:22:59.02Z,2015-09-04T17:43:47.327Z
3046,Report_Releases_Due (Purchasing),Report_Releases_Due,Stored Procedure,Purchasing,Purchasing,Purchase Orders,29,45,1000,true,1,,2014-05-30T20:07:26.763Z,2023-10-03T18:07:59.167Z
3047,Report_Supplier_Releases_Weekly_Get (Purchasing),Report_Supplier_Releases_Weekly_Get,Stored Procedure,Purchasing,Purchasing,Purchase Orders,2,33,1000,true,1,,2014-05-30T12:17:04.087Z,2015-09-04T18:30:34.86Z
2893,Requisition_Existing_PO_Confirm_Get (Purchasing),Requisition_Existing_PO_Confirm_Get,Stored Procedure,Purchasing,Purchasing,Requisitions,2,30,1000,true,1,,2014-05-23T13:36:49.797Z,2015-09-04T18:02:29.717Z
2894,Requisition_New_PO_Confirm_Get (Purchasing),Requisition_New_PO_Confirm_Get,Stored Procedure,Purchasing,Purchasing,Requisitions,1,27,1000,true,1,,2014-05-23T20:27:12.54Z,2019-11-14T18:24:38.37Z
2977,Requisition_Statuses_Picker_Get (Purchasing),Requisition_Statuses_Picker_Get,Stored Procedure,Purchasing,Purchasing,Requisitions,2,2,1000,true,1,,2014-05-29T13:56:25.42Z,2015-09-04T17:57:19.54Z
2897,Requisition2_Get (Purchasing),Requisition2_Get,Stored Procedure,Purchasing,Purchasing,Requisitions,1,69,1000,true,1,,2014-05-23T10:26:00.62Z,2022-07-12T13:32:31.487Z
4272,Requisitions2_Get (Purchasing),Requisitions2_Get,Stored Procedure,Purchasing,Purchasing,Requisitions,30,59,1000,true,1,,2014-07-12T12:57:33.83Z,2019-11-14T18:23:02.583Z
4141,RFQs_Get (Purchasing),RFQs_Get,Stored Procedure,Purchasing,Purchasing,RFQ Management,23,29,1000,true,1,,2014-07-14T21:22:45.63Z,2016-06-06T15:55:54.267Z
2988,Ship_Tos_Get (Purchasing),Ship_Tos_Get,Stored Procedure,Purchasing,Purchasing,Purchase Orders,2,12,1000,true,1,,2014-05-28T16:29:13.337Z,2015-09-04T17:40:54.68Z
19445,Supplier_On_Time_Receipts_Get (Purchasing),Supplier_On_Time_Receipts_Get,Stored Procedure,Purchasing,Purchasing,Receiving,3,4,1000,true,1,,2015-09-04T17:53:31.903Z,
16542,Supply_Items_Get (Purchasing),Supply_Items_Get,Stored Procedure,Purchasing,Purchasing,Supplies (MRO),5,7,1000,true,1,,2015-09-04T17:05:28.307Z,
184,Tax_Code_Get (Purchasing),Tax_Code_Get,Stored Procedure,Purchasing,Purchasing,Purchase Orders,1,40,1000,true,1,,2013-12-04T22:20:59.043Z,2024-01-09T14:34:55.12Z
147,Tax_Codes_Get (Purchasing),Tax_Codes_Get,Stored Procedure,Purchasing,Purchasing,Purchase Orders,2,32,1000,true,1,,2013-11-25T02:10:13.707Z,2017-02-23T18:46:46.397Z
238067,Allergens_Get (Quality),Allergens_Get,Stored Procedure,Quality,Quality,HACCP,2,2,1000,true,1,,2024-05-01T18:29:42.223Z,2024-09-12T14:30:41.743Z
9123,Chart_Types_Get (Quality),Chart_Types_Get,Stored Procedure,Quality,Quality,SPC,1,3,1000,true,1,,2014-12-19T12:38:29.54Z,2017-04-21T14:12:10.96Z
2199,Checklist_Overview_Get (Quality),Checklist_Overview_Get,Stored Procedure,Quality,Quality,Checklist System,1,16,1000,true,1,,2014-04-16T10:55:55.58Z,2015-09-04T18:11:44.883Z
17473,Checksheet_Data_By_Containers_Get (Quality),Checksheet_Data_By_Containers_Get,Stored Procedure,Quality,Quality,Checksheets and Process Instructions,6,6,1000,true,1,,2015-09-04T17:21:25.747Z,
81,Checksheet_Get_Single (Quality),Checksheet_Get_Single,Stored Procedure,Quality,Quality,Checksheets and Process Instructions,2,64,1000,true,1,,2013-11-05T15:50:08.85Z,2020-10-16T17:43:07.16Z
30949,Checksheet_History_Crosstab_Get (Quality),Checksheet_History_Crosstab_Get,Stored Procedure,Quality,Quality,Checksheets and Process Instructions,8,13,1000,true,1,,2018-07-02T12:48:58.893Z,2018-07-17T16:13:11.837Z
9133,Checksheet_Traversal_With_Control_Data_Get (Quality),Checksheet_Traversal_With_Control_Data_Get,Stored Procedure,Quality,Quality,Checksheets and Process Instructions,19,98,1000,true,1,,2014-12-19T12:47:08.52Z,2015-09-04T17:45:02.737Z
2998,Checksheet_Types_Get (Quality),Checksheet_Types_Get,Stored Procedure,Quality,Quality,Checksheets and Process Instructions,1,8,1000,true,1,,2014-06-02T17:42:57.29Z,2015-09-04T17:24:35.847Z
21773,Checksheet_With_Measurements_Web_Service_Add (Quality),Checksheet_With_Measurements_Web_Service_Add,Stored Procedure,Quality,Quality,Checksheets and Process Instructions,14,7,1000,true,1,,2015-09-04T18:16:42.347Z,2022-08-03T13:51:22.91Z
4142,Checksheets_Get (Quality),Checksheets_Get,Stored Procedure,Quality,Quality,Checksheets and Process Instructions,24,26,5000,true,1,,2014-07-15T13:07:37.277Z,2017-04-04T18:17:08.673Z
11538,Checksheets_Of_Serial_No_Get2 (Quality),Checksheets_Of_Serial_No_Get2,Stored Procedure,Quality,Quality,Checksheets and Process Instructions,1,7,1000,true,1,,2015-02-27T09:53:39.81Z,2015-09-04T16:51:59.403Z
18718,Checksheets_With_Job_Get (Quality),Checksheets_With_Job_Get,Stored Procedure,Quality,Quality,Checksheets and Process Instructions,18,21,1000,true,1,,2015-09-04T17:36:36.15Z,
27368,Control_Panel_Specifications_Get (Quality),Control_Panel_Specifications_Get,Stored Procedure,Quality,Production Tracking,Control Panel,3,11,1000,true,1,,2016-02-23T08:29:25.213Z,2023-02-28T17:57:19.563Z
9106,Control_Plan_Add_Simple (Quality),Control_Plan_Add_Simple,Stored Procedure,Quality,Quality,Control Plans,8,1,1000,true,1,,2014-12-18T10:46:38.037Z,2021-03-16T12:54:38.05Z
7262,Control_Plan_Get (Quality),Control_Plan_Get,Stored Procedure,Quality,Quality,Control Plans,2,40,1000,true,1,,2014-10-17T13:06:29.65Z,2022-10-19T15:09:40Z
3752,Control_Plan_Key_Get (Quality),Control_Plan_Key_Get,Stored Procedure,Quality,Quality,Control Plans,3,4,1000,true,1,,2014-06-24T18:04:38.447Z,2015-09-04T17:31:34.09Z
8881,Control_Plan_Limited_Specifcation_List_Get (Quality),Control_Plan_Limited_Specifcation_List_Get,Stored Procedure,Quality,Quality,Control Plans,6,11,1000,true,1,,2014-12-12T16:36:24.377Z,2023-10-10T14:26:26.867Z
22774,Control_Plan_Line_Upload_Add (Quality),Control_Plan_Line_Upload_Add,Stored Procedure,Quality,Quality,Control Plans,29,5,1000,true,1,,2015-09-04T18:31:27.97Z,2026-02-08T12:22:38.777Z
18482,Control_Plan_Line2_Get (Quality),Control_Plan_Line2_Get,Stored Procedure,Quality,Quality,Control Plans,1,48,1000,true,1,,2015-09-04T17:33:24.407Z,
233636,Control_Plan_Lines_Export (Quality),Control_Plan_Lines_Export,Stored Procedure,Quality,Quality,Control Plans,9,26,1000,true,1,,2020-11-17T15:18:38.713Z,2026-03-08T10:55:19.36Z
18531,Control_Plan_Picker_Get (Quality),Control_Plan_Picker_Get,Stored Procedure,Quality,Quality,Control Plans,3,7,1000,true,1,,2015-09-04T17:33:45.523Z,
6001,Control_Plan_Section_Picker_Get (Quality),Control_Plan_Section_Picker_Get,Stored Procedure,Quality,Quality,Control Plans,2,5,1000,true,1,,2014-09-05T13:30:07.77Z,2015-09-04T17:32:32.823Z
17981,Control_Plan_Sections_Overview_By_Part_Op_Get (Quality),Control_Plan_Sections_Overview_By_Part_Op_Get,Stored Procedure,Quality,Quality,Control Plans,7,17,1000,true,1,,2015-09-04T17:27:37.787Z,2023-06-28T14:23:40.83Z
21330,Control_Plan_Standard_Line_Get (Quality),Control_Plan_Standard_Line_Get,Stored Procedure,Quality,Quality,Control Plans,1,23,1000,true,1,,2015-09-04T18:11:00.333Z,2026-02-08T11:33:08.103Z
18313,Control_Plan_Status_Active_Get (Quality),Control_Plan_Status_Active_Get,Stored Procedure,Quality,Quality,Control Plans,0,1,1000,true,1,,2015-09-04T17:31:34.243Z,
9104,Control_Plan_Type_Production_Get (Quality),Control_Plan_Type_Production_Get,Stored Procedure,Quality,Quality,Control Plans,1,4,1000,true,1,,2014-12-18T10:46:05.44Z,2015-09-04T17:31:34.12Z
20021,Cpks_Get2 (Quality),Cpks_Get2,Stored Procedure,Quality,Quality,SPC,6,48,1000,true,1,,2015-09-04T18:01:40.327Z,2023-04-11T15:01:14.837Z
1448,Cust_Program_Add (Quality),Cust_Program_Add,Stored Procedure,Quality,Program Management,Customer Programs,17,1,1000,true,1,,2014-03-19T18:40:47.313Z,2021-03-10T13:47:21.723Z
977,Cust_Programs_Get (Quality),Cust_Programs_Get,Stored Procedure,Quality,Program Management,Customer Programs,10,23,1000,true,1,,2014-02-25T12:56:26.853Z,2015-09-04T18:17:34.893Z
13024,Defect_Type_Select_List_Get (Quality),Defect_Type_Select_List_Get,Stored Procedure,Quality,Quality,Defect Log,5,2,1000,true,0,,2015-04-14T11:28:19.917Z,2015-09-04T18:16:29.55Z
238662,F_Test_P_Value_Get (Quality),F_Test_P_Value_Get,Stored Procedure,Quality,Quality,Gage Control,3,1,1000,true,1,,2024-12-10T11:39:09.697Z,
238661,Gage_Measurements_ANOVA_Tabulated_Results_Get (Quality),Gage_Measurements_ANOVA_Tabulated_Results_Get,Stored Procedure,Quality,Quality,Gage Control,5,7,1000,true,1,,2024-12-10T11:38:42.797Z,
4760,Inspection_Modes_Get (Quality),Inspection_Modes_Get,Stored Procedure,Quality,Quality,SPC,3,46,1000,true,1,,2014-08-05T12:35:09.173Z,2015-09-04T17:24:35.253Z
4285,Inspection_Modes_Picker_Get (Quality),Inspection_Modes_Picker_Get,Stored Procedure,Quality,Quality,SPC,1,2,1000,true,1,,2014-07-15T18:27:36.417Z,2016-03-14T12:32:46.96Z
15110,Iterations_Get (Quality),Iterations_Get,Stored Procedure,Quality,Program Management,Program Iterations,20,60,1000,true,1,,2015-09-04T16:22:30.933Z,2018-09-12T12:14:22.813Z
230370,Part_Specifications_Get (Quality),Part_Specifications_Get,Stored Procedure,Quality,Quality,Part Specifications,3,4,1000,true,1,,2018-12-13T20:54:51.27Z,2019-02-25T16:20:18.27Z
1876,Problem_2_Picker (Quality),Problem_2_Picker,Stored Procedure,Quality,Quality,Problem Control,3,6,1000,true,1,,2014-04-02T13:09:11.303Z,2015-10-21T18:55:07.383Z
12718,Problem_2_Report_Problems_By_Age (Quality),Problem_2_Report_Problems_By_Age,Stored Procedure,Quality,Quality,Problem Control,13,13,1000,true,1,,2015-04-03T12:45:24.313Z,2016-08-02T19:39:14.377Z
18421,Problem_2_Report_Problems_By_Date (Quality),Problem_2_Report_Problems_By_Date,Stored Procedure,Quality,Quality,Problem Control,10,16,1000,true,1,,2015-09-04T17:32:28.76Z,2016-07-21T12:49:31.457Z
1877,Problem_2_Simple_Get (Quality),Problem_2_Simple_Get,Stored Procedure,Quality,Quality,Problem Control,1,33,1000,true,1,,2014-04-01T20:38:28.56Z,2015-09-25T17:14:02.053Z
239816,Problem_Control_Community_Data_Source_Add (Quality),Problem_Control_Community_Data_Source_Add,Stored Procedure,Quality,Quality,Problem Control,1,0,1000,true,1,,2026-05-12T18:10:32.583Z,2026-05-19T19:56:35.697Z
239817,Problem_Control_Community_Data_Source_Delete (Quality),Problem_Control_Community_Data_Source_Delete,Stored Procedure,Quality,Quality,Problem Control,1,0,1000,true,1,,2026-05-12T18:11:15.413Z,2026-05-19T19:56:43.837Z
239814,Problem_Control_Community_Data_Source_Get (Quality),Problem_Control_Community_Data_Source_Get,Stored Procedure,Quality,Quality,Problem Control,0,4,1000,true,1,,2026-05-12T18:05:31.427Z,2026-05-19T19:56:16.14Z
239815,Problem_Control_Community_Data_Source_Picker_Get (Quality),Problem_Control_Community_Data_Source_Picker_Get,Stored Procedure,Quality,Quality,Problem Control,1,4,1000,true,1,,2026-05-12T18:09:52.18Z,2026-05-19T19:56:26.933Z
23232,Problem_Control_Customer_Returns_Get (Quality),Problem_Control_Customer_Returns_Get,Stored Procedure,Quality,Quality,Problem Control,2,7,1000,false,1,,2015-09-16T12:36:06.91Z,2019-04-01T14:45:37.947Z
19938,Problem_Logs_Get (Quality),Problem_Logs_Get,Stored Procedure,Quality,Quality,Problem Control,23,32,1000,true,1,,2015-09-04T18:00:48.827Z,2016-04-25T11:12:36.073Z
21418,Problem_Team_Member_2_Details_Get (Quality),Problem_Team_Member_2_Details_Get,Stored Procedure,Quality,Quality,Problem Control,2,4,1000,true,1,,2015-09-04T18:11:18.02Z,
1635,Problem_Type_Select_List_Get (Quality),Problem_Type_Select_List_Get,Stored Procedure,Quality,Quality,Problem Control,2,2,1000,true,1,,2014-03-26T16:47:22.307Z,2015-09-04T17:14:16.283Z
16103,Process_Control_Recipe_Families_Get (Quality),Process_Control_Recipe_Families_Get,Stored Procedure,Quality,Quality,Control Plans,5,11,1000,true,1,,2015-09-04T16:51:40.81Z,2017-01-18T18:12:25.967Z
16104,Process_Control_Recipe_Family_Parts_Get (Quality),Process_Control_Recipe_Family_Parts_Get,Stored Procedure,Quality,Quality,Control Plans,1,5,1000,true,1,,2015-09-04T16:51:41.08Z,
16105,Process_Control_Recipe_Specifications_Get (Quality),Process_Control_Recipe_Specifications_Get,Stored Procedure,Quality,Quality,Control Plans,1,22,1000,true,1,,2015-09-04T16:51:41.227Z,
28496,Process_Control_Recipes_By_Control_Plan_Get (Quality),Process_Control_Recipes_By_Control_Plan_Get,Stored Procedure,Quality,Quality,Control Plans,2,3,1000,true,1,,2016-10-21T16:11:27.273Z,2016-10-21T19:55:27.637Z
2053,Program_Get2 (Quality),Program_Get2,Stored Procedure,Quality,Program Management,Program Manager,1,51,1000,true,1,,2014-04-09T20:15:55.57Z,2015-09-04T20:18:01.933Z
1953,Program_Groups_Get (Quality),Program_Groups_Get,Stored Procedure,Quality,Program Management,Program Manager,0,2,1000,true,1,,2014-04-08T14:06:19.977Z,2015-09-04T18:11:22.353Z
6304,Programs_Get2 (Quality),Programs_Get2,Stored Procedure,Quality,Program Management,Program Manager,23,32,1000,true,1,,2014-09-15T09:18:17.33Z,2020-04-23T14:02:17.39Z
2158,Sample_Plans_Get (Quality),Sample_Plans_Get,Stored Procedure,Quality,Quality,Control Plans,1,13,1000,true,1,,2014-04-15T19:09:58.147Z,2016-03-14T12:39:01.66Z
5019,SPC_Inspection_History_Get (Quality),SPC_Inspection_History_Get,Stored Procedure,Quality,Quality,Inspection Data Collection,4,37,1000,true,1,,2014-08-12T09:24:10.003Z,2024-12-10T11:36:17.26Z
15387,Spec_Doc_Get (Quality),Spec_Doc_Get,Stored Procedure,Quality,Quality,Specification Management (Documents),1,27,1000,true,1,,2015-09-04T16:40:49.293Z,
18328,Spec_Doc_Part_Operations_Get (Quality),Spec_Doc_Part_Operations_Get,Stored Procedure,Quality,Quality,Specification Management (Documents),2,19,1000,true,1,,2015-09-04T17:31:36.263Z,
18337,Spec_Doc_Part_Operations_Get_All (Quality),Spec_Doc_Part_Operations_Get_All,Stored Procedure,Quality,Quality,Specification Management (Documents),2,15,1000,true,1,,2015-09-04T17:31:37.95Z,
27283,Spec_Doc_Parts_Get (Quality),Spec_Doc_Parts_Get,Stored Procedure,Quality,Quality,Specification Management (Documents),1,17,1000,true,1,,2016-01-26T11:11:26.433Z,2016-01-26T15:34:09.797Z
10838,Spec_Docs_Job_Get (Quality),Spec_Docs_Job_Get,Stored Procedure,Quality,Quality,Specification Management (Documents),1,9,1000,true,1,,2015-02-09T11:37:09.877Z,2015-09-04T18:16:37.503Z
20328,Specification_By_Part_List_Picker_Get (Quality),Specification_By_Part_List_Picker_Get,Stored Procedure,Quality,Quality,Part Specifications,4,11,1000,true,1,,2015-09-04T18:05:10.393Z,2016-08-31T10:52:37.053Z
239316,Specification_Failure_Modes_Get (Quality),Specification_Failure_Modes_Get,Stored Procedure,Quality,Quality,Part Specifications,2,3,1000,true,1,,2025-09-30T11:19:20.11Z,2025-09-30T11:22:42.397Z
6429,Specification_Get (Quality),Specification_Get,Stored Procedure,Quality,Quality,Part Specifications,1,75,1000,true,1,,2014-09-17T13:51:03.63Z,2026-07-13T14:31:05.53Z
5112,Specification_Picker_Get (Quality),Specification_Picker_Get,Stored Procedure,Quality,Quality,Part Specifications,5,11,1000,true,1,,2014-08-13T13:31:55.527Z,2016-02-11T20:32:34.52Z
9119,Specification_Update (Quality),Specification_Update,Stored Procedure,Quality,Quality,Part Specifications,44,1,1000,true,1,,2014-12-19T10:33:37.297Z,2026-07-13T14:00:49.503Z
230339,Specifications_By_Part_Part_Operation_Get_Picker (Quality),Specifications_By_Part_Part_Operation_Get_Picker,Stored Procedure,Quality,Quality,Part Specifications,2,4,1000,true,1,,2018-11-30T12:35:58.887Z,2019-02-25T16:20:18.27Z
10821,Specifications_Job_Sheet_Get (Quality),Specifications_Job_Sheet_Get,Stored Procedure,Quality,Production Tracking,Job Tracking System,3,44,1000,true,1,,2015-02-09T11:09:06.473Z,2015-09-04T17:15:44.503Z
21246,Supplier_Return_PPM_Get (Quality),Supplier_Return_PPM_Get,Stored Procedure,Quality,Purchasing,Supplier Returns,9,6,1000,true,1,,2015-09-04T18:10:40.023Z,
17121,Workcenters_PLC_Checksheet_Get (Quality),Workcenters_PLC_Checksheet_Get,Stored Procedure,Quality,Production Tracking,PLC Machine Integration Connector,0,5,1000,true,0,,2015-09-04T17:15:12.41Z,
22696,Catalog_Get (Sales),Catalog_Get,Stored Procedure,Sales,Sales and CRM,Order Entry and Tracking,1,6,1000,true,1,,2015-09-04T18:31:04.413Z,
5504,Catalog_Price_Get (Sales),Catalog_Price_Get,Stored Procedure,Sales,Sales and CRM,Order Entry and Tracking,1,12,1000,true,1,,2014-08-22T12:04:48.013Z,2022-04-19T14:15:01.87Z
5531,Catalog_Prices_Get (Sales),Catalog_Prices_Get,Stored Procedure,Sales,Sales and CRM,Order Entry and Tracking,10,14,1000,true,1,,2014-08-22T17:25:05.763Z,2018-01-09T15:16:49.96Z
4809,Catalog_Prices_With_Breakpoints_Get (Sales),Catalog_Prices_With_Breakpoints_Get,Stored Procedure,Sales,Sales and CRM,Order Entry and Tracking,10,16,1000,true,1,,2014-08-06T12:34:00.633Z,2015-09-28T17:19:08.227Z
336,Catalogs_Get (Sales),Catalogs_Get,Stored Procedure,Sales,Sales and CRM,Order Entry and Tracking,3,7,1000,true,1,,2013-12-20T22:02:48.963Z,2018-09-18T15:06:53.757Z
19093,Commission_Owed_Building_Summary_Get (Sales),Commission_Owed_Building_Summary_Get,Stored Procedure,Sales,Sales and CRM,Sales Commissions Management,5,6,1000,true,1,,2015-09-04T17:42:11.893Z,
796,Commodity_Codes_Get (Sales),Commodity_Codes_Get,Stored Procedure,Sales,Engineering,Part List,1,4,1000,true,1,,2014-02-18T17:34:31.547Z,2015-09-04T16:55:38.753Z
8523,Container_Truck_Check (Sales),Container_Truck_Check,Stored Procedure,Sales,Inventory,Inventory Tracking,3,1,1000,true,1,,2014-12-04T15:16:51.263Z,2022-10-31T17:28:45.967Z
233110,Credit_Card_Sales_Tax_Validation_UX_Get (Sales),Credit_Card_Sales_Tax_Validation_UX_Get,Stored Procedure,Sales,Sales and CRM,Order Entry and Tracking,1,1,1000,true,1,,2020-06-24T14:56:01.063Z,2020-06-24T14:56:34.787Z
16398,Customer_Order_Detail_Export_Get (Sales),Customer_Order_Detail_Export_Get,Stored Procedure,Sales,Sales and CRM,Customer Orders and Releases,6,15,1000,true,1,,2015-09-04T17:02:24.88Z,
16399,Customer_Order_Header_Export_Get (Sales),Customer_Order_Header_Export_Get,Stored Procedure,Sales,Sales and CRM,Customer Orders and Releases,4,5,1000,true,1,,2015-09-04T17:02:25.253Z,
5231,Customer_PO_Invoices_Picker_Get (Sales),Customer_PO_Invoices_Picker_Get,Stored Procedure,Sales,Sales and CRM,Customer Orders and Releases,5,7,1000,true,1,,2014-08-15T13:08:51.893Z,2015-09-04T20:18:43.543Z
20801,Customer_Prices_Get (Sales),Customer_Prices_Get,Stored Procedure,Sales,Sales and CRM,Sales Price Management,3,13,1000,true,1,,2015-09-04T18:08:26.673Z,
19316,Customer_Returns_Report (Sales),Customer_Returns_Report,Stored Procedure,Sales,,,12,38,1000,false,1,,2015-09-04T17:52:21.87Z,
21158,Customer_Schedule_Export_Get (Sales),Customer_Schedule_Export_Get,Stored Procedure,Sales,Shipping,Customer Shipping,0,58,1000,true,1,,2015-09-04T18:10:01.893Z,
21272,Customer_Shipper_Details_Get (Sales),Customer_Shipper_Details_Get,Stored Procedure,Sales,Shipping,Customer Shipping,5,12,1000,true,1,,2015-09-04T18:10:47.737Z,
24181,Demand_Caster_Release_Export (Sales),Demand_Caster_Release_Export,Stored Procedure,Sales,,,2,31,5000,false,1,,2015-11-16T14:03:06Z,2021-09-07T13:25:47.87Z
28340,Demand_Caster_Release_Offset (Sales),Demand_Caster_Release_Offset,Stored Procedure,Sales,,,8,40,5000,false,1,,2016-09-13T18:42:29.433Z,2025-10-30T11:31:25.333Z
234971,Demand_Caster_Shipper_Release_Offset (Sales),Demand_Caster_Shipper_Release_Offset,Stored Procedure,Sales,Engineering,Process Routings,6,37,2000,false,1,,2021-11-02T14:45:06Z,2025-10-30T11:32:06.963Z
239716,Drop_Ship_AR_Invoice_Update (Sales),Drop_Ship_AR_Invoice_Update,Stored Procedure,Sales,Shipping,Customer Shipping,2,0,1000,true,1,,2026-03-31T10:04:30.5Z,
239717,Drop_Ship_Confirm_Prepare (Sales),Drop_Ship_Confirm_Prepare,Stored Procedure,Sales,Shipping,Customer Shipping,4,2,1000,true,1,,2026-03-31T10:05:04.15Z,
239718,Drop_Ship_Fields_Validation_Get (Sales),Drop_Ship_Fields_Validation_Get,Stored Procedure,Sales,Shipping,Customer Shipping,1,2,1000,true,1,,2026-03-31T10:05:27.79Z,
239719,Drop_Ship_Ship_Complete (Sales),Drop_Ship_Ship_Complete,Stored Procedure,Sales,Shipping,Customer Shipping,3,1,1000,true,1,,2026-03-31T10:05:52.91Z,
18351,Ecommerce_Order_Add (Sales),Ecommerce_Order_Add,Stored Procedure,Sales,Sales and CRM,Order Entry and Tracking,25,4,1000,true,1,,2015-09-04T17:31:41.067Z,2015-09-07T10:08:57.38Z
5533,Ecommerce_Order_Amount_Get (Sales),Ecommerce_Order_Amount_Get,Stored Procedure,Sales,Sales and CRM,Order Entry and Tracking,1,6,1000,true,1,,2014-08-22T21:40:58.283Z,2017-04-03T13:53:17.517Z
18350,Ecommerce_Order_History_Get (Sales),Ecommerce_Order_History_Get,Stored Procedure,Sales,Sales and CRM,Order Entry and Tracking,3,29,1000,true,1,,2015-09-04T17:31:40.453Z,
18349,Ecommerce_Order_Line_Add (Sales),Ecommerce_Order_Line_Add,Stored Procedure,Sales,Sales and CRM,Order Entry and Tracking,22,4,1000,true,1,,2015-09-04T17:31:40.313Z,2015-09-07T10:14:04.937Z
19154,Ecommerce_Orders_By_PO_Date_Get (Sales),Ecommerce_Orders_By_PO_Date_Get,Stored Procedure,Sales,Sales and CRM,Order Entry and Tracking,3,12,1000,true,1,,2015-09-04T17:43:14.16Z,
19355,Ecommerce_Part_On_Order_Quantity_Get (Sales),Ecommerce_Part_On_Order_Quantity_Get,Stored Procedure,Sales,Sales and CRM,Order Entry and Tracking,3,3,1000,true,1,,2015-09-04T17:52:46.497Z,
22024,Engine_PO_Shipper_Note_Get (Sales),Engine_PO_Shipper_Note_Get,Stored Procedure,Sales,Shipping,Customer Shipping,1,4,1000,true,1,,2015-09-04T18:17:37.383Z,
11908,Executive_Summary_Sales_Get (Sales),Executive_Summary_Sales_Get,Stored Procedure,Sales,Sales and CRM,Customer Orders and Releases,2,11,1000,true,1,,2015-03-09T14:19:23.34Z,2015-09-04T17:37:37.503Z
231988,Freight_Terms_API_Get (Sales),Freight_Terms_API_Get,Stored Procedure,Sales,Shipping,Customer Shipping,3,9,1000,true,1,,2019-10-24T18:57:00.027Z,2019-10-29T16:49:50.02Z
2170,Freight_Terms_Get (Sales),Freight_Terms_Get,Stored Procedure,Sales,Shipping,Customer Shipping,3,23,1000,true,1,,2014-04-16T13:55:19.573Z,2018-07-12T16:12:36.657Z
9598,General_Shipper_Statuses_Get (Sales),General_Shipper_Statuses_Get,Stored Procedure,Sales,Shipping,General Shipping (non-production items),0,3,1000,true,1,,2015-01-08T12:04:36.823Z,2015-09-04T17:13:05.5Z
2994,Harmonized_Tariff_Codes_Get (Sales),Harmonized_Tariff_Codes_Get,Stored Procedure,Sales,Sales and CRM,Customer Orders and Releases,3,4,1000,true,1,,2014-05-28T12:47:36.757Z,2015-09-04T17:27:38.68Z
30620,JIS_Demand_Data_Get (Sales),JIS_Demand_Data_Get,Stored Procedure,Sales,Shipping,Just In Sequence Parts Delivery,2,1,1000,true,0,,2018-03-20T19:00:19.92Z,2018-10-03T19:07:12.237Z
8512,Load_Container (Sales),Load_Container,Stored Procedure,Sales,Shipping,Customer Shipping,19,2,1000,true,1,,2014-12-04T15:02:12.36Z,2022-09-20T15:45:40.773Z
233698,Load_Shipper_Master_Unit_RF (Sales),Load_Shipper_Master_Unit_RF,Stored Procedure,Sales,Inventory,Master Units,5,1,1000,true,1,,2020-12-01T12:59:14.52Z,2020-12-04T08:51:26.793Z
18694,Master_Prices_Mass_Update (Sales),Master_Prices_Mass_Update,Stored Procedure,Sales,Sales and CRM,Master Price File,4,0,1000,true,0,,2015-09-04T17:35:56.99Z,2016-12-15T13:44:07.04Z
18693,Master_Prices_Mass_Update_Get (Sales),Master_Prices_Mass_Update_Get,Stored Procedure,Sales,Sales and CRM,Master Price File,2,11,1000,true,0,,2015-09-04T17:35:56.723Z,2016-11-03T14:24:07.75Z
22243,Merge_Open_Trucks_Get (Sales),Merge_Open_Trucks_Get,Stored Procedure,Sales,Shipping,Customer Shipping,2,6,1000,true,1,,2015-09-04T18:18:30.757Z,
22246,Merge_Shippers_To_Truck_Get (Sales),Merge_Shippers_To_Truck_Get,Stored Procedure,Sales,Shipping,Customer Shipping,5,7,1000,true,1,,2015-09-04T18:18:31.747Z,2023-08-15T16:01:50.323Z
22650,Multi_Entity_Orders_Get (Sales),Multi_Entity_Orders_Get,Stored Procedure,Sales,Management,Multi-Entity Framework,6,10,1000,true,0,,2015-09-04T18:30:51.247Z,
20982,Online_Orders_Get (Sales),Online_Orders_Get,Stored Procedure,Sales,Sales and CRM,Order Entry and Tracking,16,28,1000,true,1,,2015-09-04T18:09:15.753Z,
15633,Open_Order_Inventory_Get (Sales),Open_Order_Inventory_Get,Stored Procedure,Sales,Inventory,Inventory Tracking,13,14,1000,true,1,,2015-09-04T16:42:35.93Z,
10470,Order_Add (Sales),Order_Add,Stored Procedure,Sales,Sales and CRM,Order Entry and Tracking,72,1,1000,true,1,,2015-01-30T11:52:43.157Z,2023-07-06T20:42:48.04Z
15881,Order_Charge_Update (Sales),Order_Charge_Update,Stored Procedure,Sales,Sales and CRM,Order Entry and Tracking,4,0,1000,true,1,,2015-09-04T16:44:20.663Z,2016-01-13T18:42:02.133Z
10299,Order_Charges_Get (Sales),Order_Charges_Get,Stored Procedure,Sales,Sales and CRM,Order Entry and Tracking,2,16,1000,true,1,,2015-01-26T06:37:54.86Z,2015-01-26T07:46:19.197Z
9741,Order_Customer_Info_Get (Sales),Order_Customer_Info_Get,Stored Procedure,Sales,Sales and CRM,Order Entry and Tracking,2,49,1000,true,1,,2015-01-12T11:02:58.62Z,2017-02-02T07:07:10.763Z
4381,Order_Line_Get (Sales),Order_Line_Get,Stored Procedure,Sales,Sales and CRM,Order Entry and Tracking,3,85,1000,true,1,,2014-07-16T17:12:31.81Z,2023-06-27T13:38:32.877Z
8259,Order_Line_Jobs_Get (Sales),Order_Line_Jobs_Get,Stored Procedure,Sales,Sales and CRM,Order Entry and Tracking,1,7,1000,true,1,,2014-11-26T16:24:24.23Z,2017-01-25T11:55:50.277Z
6934,Order_Line_Rapid_Entry_Add (Sales),Order_Line_Rapid_Entry_Add,Stored Procedure,Sales,Sales and CRM,Order Entry and Tracking,38,2,1000,true,1,,2014-10-04T10:03:20.703Z,2023-07-06T22:00:36.427Z
11663,Order_Line_Rapid_Entry_Price_Adjustments_Get (Sales),Order_Line_Rapid_Entry_Price_Adjustments_Get,Stored Procedure,Sales,Sales and CRM,Order Entry and Tracking,14,16,1000,true,1,,2015-03-03T13:03:38.1Z,2024-08-06T09:59:54.47Z
8281,Order_Lines_Confirm_Get (Sales),Order_Lines_Confirm_Get,Stored Procedure,Sales,Sales and CRM,Order Entry and Tracking,12,38,1000,true,1,,2014-11-27T11:49:19.03Z,2017-08-21T14:21:31.89Z
7878,Order_No_Get (Sales),Order_No_Get,Stored Procedure,Sales,Sales and CRM,Order Entry and Tracking,2,2,1000,true,1,,2014-11-12T14:58:48.31Z,2015-09-04T18:09:33.927Z
10471,Order_Update (Sales),Order_Update,Stored Procedure,Sales,Sales and CRM,Order Entry and Tracking,71,2,1000,true,1,,2015-01-30T11:53:38.36Z,2023-07-06T20:40:14.63Z
7885,Orders_By_Salesperson_Get (Sales),Orders_By_Salesperson_Get,Stored Procedure,Sales,Sales and CRM,Order Entry and Tracking,11,32,1000,true,1,,2014-11-13T10:29:24.647Z,2023-07-19T18:35:56.52Z
7870,Orders_Get (Sales),Orders_Get,Stored Procedure,Sales,Sales and CRM,Order Entry and Tracking,43,60,1000,true,1,,2014-11-12T13:47:25.52Z,2023-07-06T20:22:51.89Z
11218,Pick_Schedules_Get (Sales),Pick_Schedules_Get,Stored Procedure,Sales,Shipping,Customer Shipping,14,38,1000,true,1,,2015-02-19T18:54:48.603Z,2015-09-04T18:18:08.737Z
232003,PO_Category_API_Get (Sales),PO_Category_API_Get,Stored Procedure,Sales,Sales and CRM,Customer Orders and Releases,1,2,1000,true,1,,2019-10-28T14:30:02.6Z,2019-10-29T17:19:22.59Z
7891,PO_Category_Picker_Get (Sales),PO_Category_Picker_Get,Stored Procedure,Sales,Sales and CRM,Customer Orders and Releases,0,2,1000,true,1,,2014-11-13T11:42:53.87Z,
1553,PO_Get (Sales),PO_Get,Stored Procedure,Sales,Sales and CRM,Customer Orders and Releases,1,89,1000,true,1,,2014-03-25T01:46:48.533Z,2025-09-29T16:37:33.17Z
15453,PO_Inside_Sales_Get (Sales),PO_Inside_Sales_Get,Stored Procedure,Sales,Sales and CRM,Customer Orders and Releases,1,2,1000,true,1,,2015-09-04T16:41:03.773Z,
4382,PO_Line_Get (Sales),PO_Line_Get,Stored Procedure,Sales,Sales and CRM,Customer Orders and Releases,1,88,1000,true,1,,2014-07-16T16:55:57.927Z,2023-07-06T21:22:21.377Z
17924,PO_Lines_By_Customer_Part_Key_Get (Sales),PO_Lines_By_Customer_Part_Key_Get,Stored Procedure,Sales,Sales and CRM,Customer Orders and Releases,1,6,1000,true,1,,2015-09-04T17:27:11.437Z,
12977,PO_Lines_Picker_Get (Sales),PO_Lines_Picker_Get,Stored Procedure,Sales,Sales and CRM,Customer Orders and Releases,3,7,1000,true,1,,2015-04-10T14:28:13.413Z,2022-10-18T13:50:54.913Z
19246,PO_Past_Due_Releases_Get (Sales),PO_Past_Due_Releases_Get,Stored Procedure,Sales,Sales and CRM,Customer Orders and Releases,12,9,1000,true,1,,2015-09-04T17:44:40.44Z,
17925,PO_Ship_Tos_By_PO_Line_Key_Get (Sales),PO_Ship_Tos_By_PO_Line_Key_Get,Stored Procedure,Sales,Sales and CRM,Customer Orders and Releases,1,3,1000,true,1,,2015-09-04T17:27:11.57Z,
231997,PO_Status_API_Get (Sales),PO_Status_API_Get,Stored Procedure,Sales,Sales and CRM,Customer Orders and Releases,1,28,1000,true,1,,2019-10-25T14:52:32.713Z,2019-10-29T16:56:25.457Z
4472,PO_Statuses (Sales),PO_Statuses,Stored Procedure,Sales,Sales and CRM,Customer Orders and Releases,3,8,1000,true,1,,2014-07-21T15:49:46.16Z,2018-08-02T21:27:20.637Z
232001,PO_Type_API_Get (Sales),PO_Type_API_Get,Stored Procedure,Sales,Sales and CRM,Customer Orders and Releases,1,29,1000,true,1,,2019-10-25T18:59:01.507Z,2020-03-04T15:38:46.98Z
3462,PO_Types_Get (Sales),PO_Types_Get,Stored Procedure,Sales,Sales and CRM,Customer Orders and Releases,2,6,1000,true,1,,2014-06-11T15:45:19.867Z,2019-02-06T13:25:50.87Z
6511,POs_Get (Sales),POs_Get,Stored Procedure,Sales,Sales and CRM,Customer Orders and Releases,25,31,1000,true,1,,2014-09-19T17:35:36.257Z,2024-02-20T15:09:32.243Z
18136,POs_Get_All (Sales),POs_Get_All,Stored Procedure,Sales,Sales and CRM,Customer Orders and Releases,21,26,1000,true,1,,2015-09-04T17:29:06.587Z,
1117,POs_Picker_Get (Sales),POs_Picker_Get,Stored Procedure,Sales,Sales and CRM,Customer Orders and Releases,9,8,1000,true,1,,2014-03-03T12:56:35.29Z,2020-06-02T18:01:01.337Z
5929,Price_Accounts_Get (Sales),Price_Accounts_Get,Stored Procedure,Sales,Sales and CRM,Customer Orders and Releases,1,3,1000,true,1,,2014-09-04T09:13:12.77Z,2024-03-27T19:06:15.653Z
21297,Price_Adjustment_Add (Sales),Price_Adjustment_Add,Stored Procedure,Sales,Sales and CRM,Order Entry and Tracking,28,1,1000,true,1,,2015-09-04T18:10:53.613Z,2017-05-25T18:31:16.87Z
8656,Price_Adjustment_Customer_Delete (Sales),Price_Adjustment_Customer_Delete,Stored Procedure,Sales,Sales and CRM,Order Entry and Tracking,2,0,1000,true,1,,2014-12-09T14:14:51.36Z,2015-09-04T18:10:40.71Z
8683,Price_Adjustment_Customers_Add (Sales),Price_Adjustment_Customers_Add,Stored Procedure,Sales,Sales and CRM,Order Entry and Tracking,2,0,1000,true,1,,2014-12-09T17:18:59.297Z,2015-09-04T18:10:40.663Z
8591,Price_Adjustment_Get (Sales),Price_Adjustment_Get,Stored Procedure,Sales,Sales and CRM,Order Entry and Tracking,1,40,1000,true,1,,2014-12-08T11:24:28.797Z,2024-09-23T16:00:56.823Z
21285,Price_Adjustment_Types_Get (Sales),Price_Adjustment_Types_Get,Stored Procedure,Sales,Sales and CRM,Order Entry and Tracking,3,4,1000,true,1,,2015-09-04T18:10:50.773Z,2024-09-23T16:01:11.617Z
23162,Price_Adjustments_Customers_Get (Sales),Price_Adjustments_Customers_Get,Stored Procedure,Sales,Sales and CRM,Order Entry and Tracking,2,10,1000,true,1,,2015-09-04T20:15:25.973Z,
21276,Price_Adjustments_Get (Sales),Price_Adjustments_Get,Stored Procedure,Sales,Sales and CRM,Order Entry and Tracking,15,23,1000,true,1,,2015-09-04T18:10:48.53Z,2024-09-23T16:00:34.637Z
5834,Price_Get (Sales),Price_Get,Stored Procedure,Sales,Sales and CRM,Customer Orders and Releases,1,34,1000,true,1,,2014-09-02T11:11:17.503Z,2024-03-27T19:04:15.437Z
726,Price_Index_Formulas_Get (Sales),Price_Index_Formulas_Get,Stored Procedure,Sales,Sales and CRM,Customer Orders and Releases,3,3,1000,true,1,,2014-02-17T14:28:23.303Z,2015-09-04T17:37:49.237Z
18893,Price_Index_List_Get (Sales),Price_Index_List_Get,Stored Procedure,Sales,Sales and CRM,Customer Orders and Releases,2,9,1000,true,1,,2015-09-04T17:37:49.097Z,2019-07-18T15:12:28.81Z
5763,Prices_Get (Sales),Prices_Get,Stored Procedure,Sales,Sales and CRM,Customer Orders and Releases,0,25,1000,true,1,,2014-09-01T08:40:22.403Z,2023-05-02T18:11:59.2Z
16539,Production_Statuses_Get (Sales),Production_Statuses_Get,Stored Procedure,Sales,Production Tracking,Production Tracking,6,25,1000,true,1,,2015-09-04T17:05:27.19Z,
3166,Quote_Header_Add (Sales),Quote_Header_Add,Stored Procedure,Sales,Sales and CRM,Sales Quote Management,57,2,1000,true,1,,2014-06-13T16:51:41.613Z,2015-08-12T15:01:24.327Z
3156,Quote_Header_Get (Sales),Quote_Header_Get,Stored Procedure,Sales,Sales and CRM,Sales Quote Management,1,145,1000,true,1,,2014-06-11T20:01:37.61Z,2016-07-25T21:35:37.943Z
3167,Quote_Header_Update (Sales),Quote_Header_Update,Stored Procedure,Sales,Sales and CRM,Sales Quote Management,65,0,1000,true,1,,2014-06-13T16:52:26.517Z,2015-08-05T18:45:04.797Z
7659,Quote_Part_Add (Sales),Quote_Part_Add,Stored Procedure,Sales,Sales and CRM,Sales Quote Management,57,1,1000,true,1,,2014-11-03T13:18:22.43Z,2015-04-06T13:17:26.91Z
13509,Quote_Part_Add_Update (Sales),Quote_Part_Add_Update,Stored Procedure,Sales,Sales and CRM,Sales Quote Management,23,4,1000,true,1,,2015-05-03T13:57:42.237Z,2016-10-06T10:43:32.98Z
8791,Quote_Part_Delete (Sales),Quote_Part_Delete,Stored Procedure,Sales,Sales and CRM,Sales Quote Management,2,0,1000,true,1,,2014-12-11T10:21:23.873Z,
27764,Quote_Part_Update7 (Sales),Quote_Part_Update7,Stored Procedure,Sales,Sales and CRM,Sales Quote Management,25,0,1000,true,1,,2016-05-31T16:14:30.407Z,
13855,Quote_Parts_Summary_Get (Sales),Quote_Parts_Summary_Get,Stored Procedure,Sales,Sales and CRM,Sales Quote Management,9,110,1000,true,1,,2015-05-21T09:14:00.517Z,2016-10-06T11:46:15.843Z
27770,Quote_Update (Sales),Quote_Update,Stored Procedure,Sales,Sales and CRM,Sales Quote Management,24,0,1000,true,1,,2016-05-31T16:18:53.45Z,
3133,Quotes_Get (Sales),Quotes_Get,Stored Procedure,Sales,Sales and CRM,Sales Quote Management,50,67,1000,true,1,,2014-06-06T16:51:44.06Z,2021-10-19T13:58:48.783Z
7509,Release_Add (Sales),Release_Add,Stored Procedure,Sales,Sales and CRM,Customer Orders and Releases,69,1,1000,true,1,,2014-10-28T14:11:41.423Z,2020-06-18T18:22:00.59Z
5732,Release_Get (Sales),Release_Get,Stored Procedure,Sales,Sales and CRM,Customer Orders and Releases,3,107,1000,true,1,,2014-08-29T10:17:27.677Z,2023-05-16T13:14:36.267Z
5578,Release_Get3 (Sales),Release_Get3,Stored Procedure,Sales,Sales and CRM,Customer Orders and Releases,1,25,1000,true,1,,2014-08-26T08:51:05.91Z,2015-09-04T18:09:42.32Z
22449,Release_Job_Simple_Add (Sales),Release_Job_Simple_Add,Stored Procedure,Sales,Production Tracking,Job Tracking System,2,3,1000,true,1,,2015-09-04T18:24:36.14Z,
6301,Release_Part_Quantity_Ready_Get (Sales),Release_Part_Quantity_Ready_Get,Stored Procedure,Sales,Sales and CRM,Customer Orders and Releases,1,9,2000,true,1,,2014-09-15T09:07:31.703Z,2024-03-27T19:07:37.56Z
230879,Release_Source_API_Get (Sales),Release_Source_API_Get,Stored Procedure,Sales,Sales and CRM,Customer Orders and Releases,3,3,1000,true,1,,2019-04-04T19:10:43.84Z,
230880,Release_Status_API_Get (Sales),Release_Status_API_Get,Stored Procedure,Sales,Sales and CRM,Customer Orders and Releases,8,9,1000,true,1,,2019-04-04T19:13:53.8Z,2019-12-05T13:32:44.99Z
5595,Release_Statuses_Get (Sales),Release_Statuses_Get,Stored Procedure,Sales,Sales and CRM,Customer Orders and Releases,1,6,1000,true,1,,2014-08-26T12:18:17.667Z,2015-10-13T07:49:15.427Z
30768,Release_Statuses_Picker_Get (Sales),Release_Statuses_Picker_Get,Stored Procedure,Sales,Sales and CRM,Customer Orders and Releases,2,3,1000,true,1,,2018-05-18T14:21:20.763Z,2022-11-28T18:54:55.37Z
10316,Release_Trucks_Get (Sales),Release_Trucks_Get,Stored Procedure,Sales,Shipping,Customer Shipping,9,34,1000,true,1,,2015-01-26T12:03:59.743Z,2024-10-29T12:33:01.357Z
230881,Release_Type_API_Get (Sales),Release_Type_API_Get,Stored Procedure,Sales,Sales and CRM,Customer Orders and Releases,0,10,1000,true,1,,2019-04-04T19:16:15.023Z,
2616,Release_Types_Get (Sales),Release_Types_Get,Stored Procedure,Sales,Sales and CRM,Customer Orders and Releases,4,8,1000,true,1,,2014-05-13T15:28:15.97Z,2016-05-03T17:20:18.003Z
7454,Release_Update (Sales),Release_Update,Stored Procedure,Sales,Sales and CRM,Customer Orders and Releases,60,0,1000,true,1,,2014-10-24T15:20:32.19Z,2017-09-12T13:19:05.887Z
230905,Releases_API_Get (Sales),Releases_API_Get,Stored Procedure,Sales,Sales and CRM,Customer Orders and Releases,11,24,1000,true,1,,2019-04-11T15:26:34.35Z,2020-05-21T17:24:38.47Z
22407,Releases_By_Coil_Properties_Get (Sales),Releases_By_Coil_Properties_Get,Stored Procedure,Sales,Sales and CRM,Customer Orders and Releases,13,28,1000,true,1,,2015-09-04T18:24:23.303Z,
8823,Releases_By_Part_Get (Sales),Releases_By_Part_Get,Stored Procedure,Sales,Sales and CRM,Customer Orders and Releases,2,9,1000,true,1,,2014-12-11T13:15:36.563Z,2015-09-04T18:11:36.93Z
18717,Releases_By_Part_Release_Date_Get (Sales),Releases_By_Part_Release_Date_Get,Stored Procedure,Sales,Sales and CRM,Customer Orders and Releases,3,14,1000,true,1,,2015-09-04T17:36:35.823Z,
5565,Releases_Get (Sales),Releases_Get,Stored Procedure,Sales,Sales and CRM,Customer Orders and Releases,58,99,1700,true,1,,2014-08-25T16:37:53.667Z,2023-08-18T17:05:50.687Z
15826,Releases_Mass_Update_Get (Sales),Releases_Mass_Update_Get,Stored Procedure,Sales,Sales and CRM,Customer Orders and Releases,19,44,1000,true,1,,2015-09-04T16:44:06.637Z,
12451,Report_Customer_Schedule_Analysis_Get (Sales),Report_Customer_Schedule_Analysis_Get,Stored Procedure,Sales,Shipping,Customer Shipping,14,75,1000,true,1,,2015-03-25T10:53:40.713Z,2015-09-04T17:37:34.66Z
20273,Report_Loaded_Pick_List_Get (Sales),Report_Loaded_Pick_List_Get,Stored Procedure,Sales,Shipping,Customer Shipping,1,16,1000,true,1,,2015-09-04T18:04:32.293Z,
17033,Report_Master_Price_List_QR (Sales),Report_Master_Price_List_QR,Stored Procedure,Sales,Sales and CRM,Master Price File,4,16,1000,true,0,,2015-09-04T17:14:05.463Z,
17034,Report_PO_Release_Lot_No_Get (Sales),Report_PO_Release_Lot_No_Get,Stored Procedure,Sales,Sales and CRM,Customer Orders and Releases,14,16,1000,true,1,,2015-09-04T17:14:05.86Z,
16002,Report_PO_Simple_Get (Sales),Report_PO_Simple_Get,Stored Procedure,Sales,Sales and CRM,Customer Orders and Releases,15,22,1000,true,1,,2015-09-04T16:45:39.167Z,2015-09-04T16:46:36.393Z
16402,Report_Release_Confirmed_Ship_Date_Get (Sales),Report_Release_Confirmed_Ship_Date_Get,Stored Procedure,Sales,Shipping,Customer Shipping,5,17,1000,true,1,,2015-09-04T17:02:25.86Z,
12978,Report_Revenue_Forecast_Get (Sales),Report_Revenue_Forecast_Get,Stored Procedure,Sales,Shipping,Customer Shipping,10,26,5000,true,1,,2015-04-10T15:36:48.61Z,2016-03-31T13:50:54.293Z
17130,Report_Shipping_History_By_Part_Get3 (Sales),Report_Shipping_History_By_Part_Get3,Stored Procedure,Sales,Shipping,Customer Shipping,6,7,1000,true,1,,2015-09-04T17:15:13.93Z,
17469,Report_Shipping_History_Container_Detail_Get (Sales),Report_Shipping_History_Container_Detail_Get,Stored Procedure,Sales,Shipping,Customer Shipping,11,14,1000,true,1,,2015-09-04T17:21:24.963Z,
18547,Report_Shipping_Revenue_By_Account_No_Get (Sales),Report_Shipping_Revenue_By_Account_No_Get,Stored Procedure,Sales,Shipping,Customer Shipping,13,25,1000,true,1,,2015-09-04T17:33:49.827Z,
13786,Report_Shipping_Revenue_By_Part_Group_Standard_Get (Sales),Report_Shipping_Revenue_By_Part_Group_Standard_Get,Stored Procedure,Sales,Shipping,Customer Shipping,13,30,1000,true,1,,2015-05-18T12:36:14.6Z,2023-10-31T17:49:44.513Z
12942,Report_Shipping_Revenue_Get (Sales),Report_Shipping_Revenue_Get,Stored Procedure,Sales,Shipping,Customer Shipping,27,31,1000,true,1,,2015-04-09T13:15:45.823Z,2016-05-18T16:27:07.267Z
12941,Report_Shipping_Revenue_Planned_Get (Sales),Report_Shipping_Revenue_Planned_Get,Stored Procedure,Sales,Shipping,Customer Shipping,26,28,1000,true,1,,2015-04-09T13:13:55.18Z,2015-09-04T17:31:10.073Z
18572,Retail_Order_Detail_Schedule_Get (Sales),Retail_Order_Detail_Schedule_Get,Stored Procedure,Sales,Shipping,Customer Shipping,20,30,1000,true,1,,2015-09-04T17:34:29.893Z,
9348,Schedule_Shipment (Sales),Schedule_Shipment,Stored Procedure,Sales,Shipping,Customer Shipping,10,1,1000,true,1,,2014-12-24T14:23:35.093Z,2022-03-16T15:15:01.507Z
8719,Schedule_Shipment2 (Sales),Schedule_Shipment2,Stored Procedure,Sales,Shipping,Customer Shipping,16,5,1000,true,1,,2014-12-10T11:39:49.383Z,2022-05-02T12:20:40.183Z
5725,Service_Add (Sales),Service_Add,Stored Procedure,Sales,Sales and CRM,Customer Orders and Releases,0,1,1000,true,1,,2014-08-29T09:45:48.067Z,2026-03-25T05:50:27.823Z
27408,Services_Order_Acknowledgement_Get (Sales),Services_Order_Acknowledgement_Get,Stored Procedure,Sales,Sales and CRM,Order Entry and Tracking,2,28,1000,true,1,,2016-03-05T10:23:24.107Z,2016-03-05T11:04:19.6Z
20391,Shipments_By_Date_Get (Sales),Shipments_By_Date_Get,Stored Procedure,Sales,Shipping,Customer Shipping,4,15,1000,true,1,,2015-09-04T18:05:52.777Z,2016-10-06T22:03:37.127Z
12122,Shipped_Master_Unit_List_Get (Sales),Shipped_Master_Unit_List_Get,Stored Procedure,Sales,Inventory,Master Units,2,3,1000,true,1,,2015-03-16T11:22:48.987Z,2016-10-24T15:13:20.507Z
22251,Shipper_2TS_Container_Breakdown_Get (Sales),Shipper_2TS_Container_Breakdown_Get,Stored Procedure,Sales,Shipping,Customer Shipping,1,4,1000,true,1,,2015-09-04T18:18:33.827Z,
22250,Shipper_2TS_Get (Sales),Shipper_2TS_Get,Stored Procedure,Sales,Shipping,Customer Shipping,1,23,1000,true,1,,2015-09-04T18:18:33.283Z,
16694,Shipper_Address_Get (Sales),Shipper_Address_Get,Stored Procedure,Sales,Shipping,Customer Shipping,1,11,1000,true,1,,2015-09-04T17:11:29.657Z,
17756,Shipper_Addresses_Get (Sales),Shipper_Addresses_Get,Stored Procedure,Sales,Shipping,Customer Shipping,2,16,1000,true,1,,2015-09-04T17:24:38.097Z,
12023,Shipper_Containers_Get (Sales),Shipper_Containers_Get,Stored Procedure,Sales,Shipping,Customer Shipping,2,25,1000,true,1,,2015-03-12T10:39:26.32Z,2022-02-23T14:29:02.417Z
230865,Shipper_Deliveries_Detail_Get (Sales),Shipper_Deliveries_Detail_Get,Stored Procedure,Sales,Shipping,Customer Shipping,17,46,1000,true,1,,2019-03-29T16:27:41.457Z,2021-03-09T20:18:34.563Z
230784,Shipper_Deliveries_Get (Sales),Shipper_Deliveries_Get,Stored Procedure,Sales,Shipping,Customer Shipping,17,37,1000,true,1,,2019-03-18T15:36:56.843Z,2021-03-09T20:19:57.39Z
13187,Shipper_Delivery_Confirmation_Get (Sales),Shipper_Delivery_Confirmation_Get,Stored Procedure,Sales,Shipping,Customer Shipping,2,29,1000,true,1,,2015-04-22T14:40:25.867Z,2016-10-06T10:17:10.33Z
17126,Shipper_Details_Get (Sales),Shipper_Details_Get,Stored Procedure,Sales,Shipping,Customer Shipping,3,12,1000,true,1,,2015-09-04T17:15:13.02Z,2017-04-10T17:14:44.67Z
3057,Shipper_Document_Get2 (Sales),Shipper_Document_Get2,Stored Procedure,Sales,Shipping,Customer Shipping,1,63,1000,true,1,,2014-05-31T21:30:09.953Z,2022-05-17T13:01:35.333Z
17921,Shipper_Document_Invoices_Get (Sales),Shipper_Document_Invoices_Get,Stored Procedure,Sales,Shipping,Customer Shipping,1,3,1000,true,1,,2015-09-04T17:27:10.127Z,
11429,Shipper_Document_Shipper_Get (Sales),Shipper_Document_Shipper_Get,Stored Procedure,Sales,Shipping,Customer Shipping,1,127,1000,true,1,,2015-02-26T07:54:36.34Z,2019-08-19T16:55:44.733Z
10389,Shipper_Form_Commercial_Invoice_Get (Sales),Shipper_Form_Commercial_Invoice_Get,Stored Procedure,Sales,Shipping,Customer Shipping,1,131,1000,true,1,,2015-01-28T10:23:25.27Z,2020-05-04T11:50:22.353Z
2068,Shipper_Form_Get (Sales),Shipper_Form_Get,Stored Procedure,Sales,Shipping,Customer Shipping,1,164,1000,true,1,,2014-04-10T19:02:56.797Z,2023-11-29T13:40:09.073Z
20945,Shipper_Freight_Update (Sales),Shipper_Freight_Update,Stored Procedure,Sales,Shipping,Customer Shipping,3,3,1000,true,1,,2015-09-04T18:09:10.477Z,
230933,Shipper_From_Container_Get (Sales),Shipper_From_Container_Get,Stored Procedure,Sales,Shipping,Customer Shipping,1,3,1000,true,1,,2019-04-18T14:06:33.64Z,
14049,Shipper_Heat_Info_Get (Sales),Shipper_Heat_Info_Get,Stored Procedure,Sales,Shipping,Customer Shipping,4,23,1000,true,1,,2015-06-05T09:46:11.797Z,2026-03-24T05:16:52.653Z
17920,Shipper_History_Get (Sales),Shipper_History_Get,Stored Procedure,Sales,Shipping,Customer Shipping,10,19,1000,true,1,,2015-09-04T17:27:09.727Z,
3060,Shipper_Info_Customer_Get (Sales),Shipper_Info_Customer_Get,Stored Procedure,Sales,Shipping,Customer Shipping,1,84,1000,true,1,,2014-05-30T11:29:13.837Z,2019-10-29T12:49:45.103Z
10986,Shipper_Instructions_Get (Sales),Shipper_Instructions_Get,Stored Procedure,Sales,Shipping,Customer Shipping,3,2,1000,true,1,,2015-02-12T13:58:34.33Z,2015-09-04T17:11:30.98Z
20032,Shipper_Invoices_By_Truck_Get (Sales),Shipper_Invoices_By_Truck_Get,Stored Procedure,Sales,Shipping,Customer Shipping,3,14,1000,true,1,,2015-09-04T18:01:45.037Z,2023-09-12T13:20:44.917Z
20168,Shipper_Key_Get (Sales),Shipper_Key_Get,Stored Procedure,Sales,Shipping,Customer Shipping,1,1,1000,true,1,,2015-09-04T18:03:59.16Z,2015-09-04T18:08:09.55Z
11056,Shipper_Lines_Get2 (Sales),Shipper_Lines_Get2,Stored Procedure,Sales,Shipping,Customer Shipping,0,8,1000,true,1,,2015-02-16T07:19:48.907Z,
22015,Shipper_Lines_Get3 (Sales),Shipper_Lines_Get3,Stored Procedure,Sales,Shipping,Customer Shipping,1,12,1000,true,1,,2015-09-04T18:17:35.593Z,
17477,Shipper_List_Get (Sales),Shipper_List_Get,Stored Procedure,Sales,Shipping,Customer Shipping,2,4,1000,true,1,,2015-09-04T17:21:26.337Z,
15413,Shipper_Load_From_UPC_Header_Get (Sales),Shipper_Load_From_UPC_Header_Get,Stored Procedure,Sales,Shipping,Customer Shipping,1,30,1000,true,1,,2015-09-04T16:40:55.03Z,
3062,Shipper_Master_Unit_Tare_Get (Sales),Shipper_Master_Unit_Tare_Get,Stored Procedure,Sales,Inventory,Master Units,2,5,1000,true,1,,2014-06-02T18:43:18.927Z,2015-09-04T18:04:29.5Z
9337,Shipper_Merge (Sales),Shipper_Merge,Stored Procedure,Sales,Shipping,Customer Shipping,2,2,1000,false,1,,2014-12-24T14:06:55.547Z,2020-12-07T09:10:17.91Z
10756,Shipper_No_Get (Sales),Shipper_No_Get,Stored Procedure,Sales,Shipping,Customer Shipping,2,2,1000,true,1,,2015-02-05T17:11:10.217Z,2015-09-04T16:43:27.123Z
14141,Shipper_Packing_List_Get (Sales),Shipper_Packing_List_Get,Stored Procedure,Sales,Shipping,Customer Shipping,1,33,1000,true,1,,2015-06-13T14:58:45.31Z,2015-09-04T17:34:30.577Z
14140,Shipper_Packing_List_Lines_Get (Sales),Shipper_Packing_List_Lines_Get,Stored Procedure,Sales,Shipping,Customer Shipping,1,13,1000,true,1,,2015-06-13T14:25:44.127Z,2015-09-04T17:34:30.61Z
10985,Shipper_PO_No_Get (Sales),Shipper_PO_No_Get,Stored Procedure,Sales,Shipping,Customer Shipping,1,2,1000,true,1,,2015-02-12T13:56:26.447Z,2015-09-04T17:27:07.773Z
24227,Shipper_POs_Get (Sales),Shipper_POs_Get,Stored Procedure,Sales,Shipping,Customer Shipping,1,2,1000,true,1,,2015-12-11T01:29:28.413Z,
10490,Shipper_Ship_From_Get (Sales),Shipper_Ship_From_Get,Stored Procedure,Sales,Shipping,Customer Shipping,1,2,1000,true,1,,2015-01-30T14:12:34.82Z,2015-09-04T18:04:30.657Z
22219,Shipper_Status_Default_Get (Sales),Shipper_Status_Default_Get,Stored Procedure,Sales,Shipping,Customer Shipping,0,1,1000,true,1,,2015-09-04T18:18:26.167Z,
9263,Shipper_Statuses_Get (Sales),Shipper_Statuses_Get,Stored Procedure,Sales,Shipping,Customer Shipping,4,2,1000,true,1,,2014-12-24T11:27:12.037Z,2026-06-24T06:24:22.077Z
19427,Shippers_By_Ship_From_Get (Sales),Shippers_By_Ship_From_Get,Stored Procedure,Sales,Shipping,Customer Shipping,1,17,1000,true,1,,2015-09-04T17:53:26.103Z,
9278,Shippers_Get (Sales),Shippers_Get,Stored Procedure,Sales,Shipping,Customer Shipping,1,96,500,true,1,,2014-12-24T11:37:35.617Z,2026-01-06T13:46:57.14Z
234578,Shippers_Get_All (Sales),Shippers_Get_All,Stored Procedure,Sales,Shipping,Customer Shipping,26,103,1000,true,1,,2021-08-06T15:36:31.59Z,2024-05-29T17:50:28.707Z
16383,Shippers_History_Simple_Get (Sales),Shippers_History_Simple_Get,Stored Procedure,Sales,Shipping,Customer Shipping,5,8,1000,true,1,,2015-09-04T17:02:21.18Z,
3488,Shippers_Picker_Get (Sales),Shippers_Picker_Get,Stored Procedure,Sales,Shipping,Customer Shipping,4,4,1000,true,1,,2014-06-13T09:37:55.45Z,2015-09-04T16:41:03.807Z
9240,Shipping_Dates_Get (Sales),Shipping_Dates_Get,Stored Procedure,Sales,Shipping,Customer Shipping,2,1,1000,true,1,,2014-12-24T09:52:28.133Z,2018-06-01T13:03:26.06Z
10983,Super_Staging_Pick_List_Get (Sales),Super_Staging_Pick_List_Get,Stored Procedure,Sales,Shipping,Customer Shipping,2,42,1000,true,1,,2015-02-12T12:54:16.53Z,2019-02-20T14:21:10.847Z
20025,Super_Staging_VP_Pick_List_Get (Sales),Super_Staging_VP_Pick_List_Get,Stored Procedure,Sales,Shipping,Customer Shipping,2,39,1000,true,1,,2015-09-04T18:01:43.063Z,
230212,Truck_Customers_Get (Sales),Truck_Customers_Get,Stored Procedure,Sales,Shipping,Customer Shipping,1,2,1000,true,1,,2018-10-09T19:18:03.29Z,
8740,Truck_Get (Sales),Truck_Get,Stored Procedure,Sales,Shipping,Customer Shipping,1,113,1000,true,1,,2014-12-10T12:28:56.783Z,2026-05-25T05:43:03.28Z
11153,Truck_History_Download_Simple_Get (Sales),Truck_History_Download_Simple_Get,Stored Procedure,Sales,Shipping,Customer Shipping,9,24,1000,true,1,,2015-02-18T13:17:18.957Z,2015-09-04T18:31:52.83Z
22302,Truck_Shipping_Schedule_Get (Sales),Truck_Shipping_Schedule_Get,Stored Procedure,Sales,Shipping,Customer Shipping,3,21,1000,true,1,,2015-09-04T18:18:53.043Z,2016-12-13T19:20:56.313Z
11623,Truck_Status_Default_Get (Sales),Truck_Status_Default_Get,Stored Procedure,Sales,Shipping,Customer Shipping,0,2,1000,true,1,,2015-03-02T14:52:40.35Z,2015-09-04T18:18:26.097Z
4820,Truck_Types_Get (Sales),Truck_Types_Get,Stored Procedure,Sales,Shipping,Customer Shipping,7,13,1000,true,1,,2014-08-06T15:29:11.373Z,2015-09-04T16:41:58.467Z
8733,Truck_Update (Sales),Truck_Update,Stored Procedure,Sales,Shipping,Customer Shipping,54,0,1000,true,1,,2014-12-10T12:00:18.62Z,2023-08-15T16:14:48.11Z
22845,Trucks_History_Order_Job_Get (Sales),Trucks_History_Order_Job_Get,Stored Procedure,Sales,Shipping,Customer Shipping,9,19,1000,true,1,,2015-09-04T18:31:44.673Z,
1154,Trucks_Picker_Get (Sales),Trucks_Picker_Get,Stored Procedure,Sales,Shipping,Customer Shipping,3,7,1000,true,1,Note: This data source should not be used on VisionPlex screens that can be accessed by supplier users.,2014-03-05T23:44:59.173Z,2020-07-27T14:42:21.553Z
22079,United_Brazil_Customer_Return_Validation (Sales),United_Brazil_Customer_Return_Validation,Stored Procedure,Sales,,,1,3,1000,false,1,,2015-09-04T18:17:52.657Z,
20882,United_Customer_Return_Receive (Sales),United_Customer_Return_Receive,Stored Procedure,Sales,,,1,4,1000,false,1,,2015-09-04T18:08:59.937Z,
22379,Visual_Shipping_Status_Get (Sales),Visual_Shipping_Status_Get,Stored Procedure,Sales,Shipping,Customer Shipping,3,21,1000,true,1,,2015-09-04T18:24:16.47Z,
238436,Plexus_User_User_Accounts_Data_Sources_Get (Web_Services),Plexus_User_User_Accounts_Data_Sources_Get,Stored Procedure,Web_Services,Platform,Web Services,3,6,1000,true,1,,2024-08-30T19:12:02.673Z,