Title;From Bundle;ID;Type;Owner;Access;Export Results;Persist Results;Scheduled;Last Run By;Last Run On
 Default Standard Requirements View;39609;customsearch459;Requirements;Sophia Burr;Public;Export (CSV);Persist (CSV);No;Holden Witt;19/05/2026 14:23
**MHI**Boomi Item Search for salesforce ** DND**;;customsearch_boomi_item_search_salesforc;Item;Yella Surkanti;Public;Export (CSV);Persist (CSV);No;Camilo Montano;30/05/2025 13:25
**USED IN SCRIPT** Deposit Balance on Sales Orders;366872;customsearch913;Transaction;Adrian Palmar;Public;Export (CSV);Persist (CSV);No;;
**USED IN SCRIPT** Deposit Balance on Sales Orders**FX;366872;customsearch912;Transaction;Adrian Palmar;Public;Export (CSV);Persist (CSV);No;Camilo Montano;23/05/2025 09:34
*MHI*EXPORT ESTIMATES TO SF OPP**DND**;;customsearch2250;Transaction;Yella Surkanti;Public;Export (CSV);Persist (CSV);No;Camilo Montano;30/05/2025 13:25
0 consumption Assembly Builds.;;customsearch4220;Transaction;Adrian Palmar;Public;Export (CSV);Persist (CSV);No;Aaron T Luke;17/08/2026 10:26
0 Cost Assembly Builds;;customsearch2496;Transaction;Adrian Palmar;Public;Export (CSV);Persist (CSV);No;Aaron T Luke;17/08/2026 10:26
13XXX Inventory OH + Stock Levels;;customsearch2810;Item;Aaron T Luke;Public;Export (CSV);Persist (CSV);Yes;Shelby DeCol;17/08/2026 09:07
3WAY Vendor Bill - Item Receipt Quantity  Subsidiary Tolerance;240841;customsearch_3way_vb_ir_qty_subs_tol;Transaction;Sophia Burr;Public;Export (CSV);Persist (CSV);No;Sophia Burr;27/11/2023 06:42
3WAY Vendor Bill - Item Receipt Quantity Item Difference;240841;customsearch_3way_vb_ir_qty_item_diff;Transaction;Sophia Burr;Public;Export (CSV);Persist (CSV);No;Tera T Sadler;11/03/2024 06:23
3WAY Vendor Bill - Item Receipt Quantity Item Tolerance;240841;customsearch_3way_vb_item_recpt_qty_tol;Transaction;Sophia Burr;Public;Export (CSV);Persist (CSV);No;Tera T Sadler;11/03/2024 06:23
3WAY Vendor Bill - Item Receipt Quantity Subsidiary Difference;240841;customsearch_3way_vb_ir_qty_subs_diff;Transaction;Sophia Burr;Public;Export (CSV);Persist (CSV);No;;
3WAY Vendor Bill - Item Receipt Quantity Vendor Difference;240841;customsearch_3way_vb_ir_qty_vendor_diff;Transaction;Sophia Burr;Public;Export (CSV);Persist (CSV);No;Tera T Sadler;11/03/2024 06:23
3WAY Vendor Bill - Item Receipt Quantity Vendor Tolerance;240841;customsearch_3way_vb_ir_qty_vendor_tol;Transaction;Sophia Burr;Public;Export (CSV);Persist (CSV);No;Tera T Sadler;11/03/2024 06:23
3WAY Vendor Bill - PO Item Quantity Difference;240841;customsearch_3way_vb_po_item_qty_diff;Transaction;Sophia Burr;Public;Export (CSV);Persist (CSV);No;Tera T Sadler;11/03/2024 06:23
3WAY Vendor Bill - PO Subsidiary Quantity Difference;240841;customsearch_3way_vb_po_subs_qty_diff;Transaction;Sophia Burr;Public;Export (CSV);Persist (CSV);No;;
3WAY Vendor Bill - PO Vendor Quantity Difference;240841;customsearch_3way_vb_po_vendor_qty_diff;Transaction;Sophia Burr;Public;Export (CSV);Persist (CSV);No;Tera T Sadler;11/03/2024 06:23
3WAY Vendor Bill Amount Item Tolerance;240841;customsearch_3way_vb_amt_item_tolerance;Transaction;Sophia Burr;Public;Export (CSV);Persist (CSV);No;Tera T Sadler;11/03/2024 06:23
3WAY Vendor Bill Amount Less Than PO;240841;customsearch_3way_vb_amt_lessthan_po;Transaction;Sophia Burr;Public;Export (CSV);Persist (CSV);No;Camilo Montano;19/05/2025 12:53
3WAY Vendor Bill Amount Subsidiary Tolerance;240841;customsearch_3way_vb_amt_subs_tolerance;Transaction;Sophia Burr;Public;Export (CSV);Persist (CSV);No;Tera T Sadler;11/03/2024 06:23
3WAY Vendor Bill Amount Vendor Tolerance;240841;customsearch_3way_vb_amt_vendortolerance;Transaction;Sophia Burr;Public;Export (CSV);Persist (CSV);No;Tera T Sadler;11/03/2024 06:23
3WAY Vendor Bill Item Receipt Check;240841;customsearch_3way_vb_itemreceipt_check;Transaction;Sophia Burr;Public;Export (CSV);Persist (CSV);No;Tera T Sadler;11/03/2024 06:23
3WAY Vendor Bill Location Check;240841;customsearch_3way_vb_location_check;Transaction;Sophia Burr;Public;Export (CSV);Persist (CSV);No;Tera T Sadler;11/03/2024 06:23
3WAY Vendor Bill Quantity Item Tolerance;240841;customsearch_3way_vb_qty_item_tolerance;Transaction;Sophia Burr;Public;Export (CSV);Persist (CSV);No;Tera T Sadler;11/03/2024 06:23
3WAY Vendor Bill Quantity less than PO;240841;customsearch_3way_vb_qty_lessthan_po;Transaction;Sophia Burr;Public;Export (CSV);Persist (CSV);No;Camilo Montano;19/05/2025 10:42
3WAY Vendor Bill Quantity Subsidiary Tolerance;240841;customsearch_3way_vb_qty_subs_tolerance;Transaction;Sophia Burr;Public;Export (CSV);Persist (CSV);No;Camilo Montano;19/05/2025 13:26
3WAY Vendor Bill Quantity Vendor Tolerance;240841;customsearch_3way_vb_qty_vendor_tol;Transaction;Sophia Burr;Public;Export (CSV);Persist (CSV);No;Tera T Sadler;11/03/2024 06:23
3WAY Vendor Bill Term Check;240841;customsearch_3way_vb_term_check;Transaction;Sophia Burr;Public;Export (CSV);Persist (CSV);No;Tera T Sadler;11/03/2024 06:23
a. Implementation Risks (Open);39609;customsearch_ns_pm_risks_view;Project Risks;Sophia Burr;Public;Export (CSV);Persist (CSV);No;Camilo Montano;27/05/2025 10:09
a. Implementation-Action-Items (Open);39609;customsearch_ns_ps_action_item_view;Action Items;Sophia Burr;Public;Export (CSV);Persist (CSV);No;Camilo Montano;27/05/2025 10:15
a. Implementation-Test-Cases (Open) ;39609;customsearch99;Test Cases;Sophia Burr;Public;Export (CSV);Persist (CSV);No;Camilo Montano;27/05/2025 10:16
a. Implementation-Test-Issues (Open);39609;customsearch_ns_test_issue_default_view;Test Issues;Sophia Burr;Public;Export (CSV);Persist (CSV);No;Camilo Montano;27/05/2025 09:02
a. Project-Issues (Open);39609;customsearch_ns_default_issues_view_2;Project Issues;Sophia Burr;Public;Export (CSV);Persist (CSV);No;Camilo Montano;27/05/2025 09:44
A/P Aging;;customsearch_atlas_ap_aging_rpt;Transaction;Sophia Burr;Public;Export (CSV);Persist (CSV);No;Felicity Michaels;17/08/2026 11:07
A/P Aging - Graph;;customsearch_atlas_ap_aging_grph;Transaction;Sophia Burr;Public;Export (CSV);Persist (CSV);No;Melissa Gilbert;11/08/2026 14:52
A/R Aging;;customsearch_atlas_ar_aging_rpt;Transaction;Sophia Burr;Public;Export (CSV);Persist (CSV);No;Felicity Michaels;17/08/2026 06:34
A/R Aging - Graph;;customsearch_atlas_ar_aging_grph;Transaction;Sophia Burr;Public;Export (CSV);Persist (CSV);No;Camilo Montano;28/05/2025 08:43
Accounting Period Audit;;customsearch_atlas_acc_period_audit_rpt;System Note;Sophia Burr;Public;Export (CSV);Persist (CSV);No;;
Accounting | AR Previous Day Shipments;;customsearch4750;Transaction;Aaron T Luke;Public;Export (CSV);Persist (CSV);No;Felicity Michaels;17/08/2026 11:07
Accounting | Cost Account Status;;customsearch2976;Item;Adrian Palmar;Public;Export (CSV);Persist (CSV);No;Matt Gapinski;7/08/2026 05:17
Accounting | Cost Account Status HW;;customsearch4715;Item;Holden Witt;Public;Export (CSV);Persist (CSV);No;Holden Witt;13/05/2026 09:32
Accounting | Customer Deposit - Account Verification;;customsearch2862;Transaction;Adrian Palmar;Public;Export (CSV);Persist (CSV);No;Camilo Montano;19/06/2025 12:31
Accounting | Items and Accounts;;customsearch2799;Item;Camila Coca;Public;Export (CSV);Persist (CSV);No;Camilo Montano;22/05/2025 11:24
Accounting | Kaya Current Year Purchases;;customsearch5000;Transaction;Aaron T Luke;Public;Export (CSV);Persist (CSV);No;Sydney Walker;13/08/2026 09:36
Accounting | Pending Approval Bills;;customsearch4181;Transaction;Matt Gapinski;Public;Export (CSV);Persist (CSV);Yes;Felicity Michaels;17/08/2026 11:12
Accounting | Pending Approval CCs;;customsearch4292;Transaction;Matt Gapinski;Public;Export (CSV);Persist (CSV);No;Matt Gapinski;15/07/2026 09:10
Accounting | Pending Billing POs;;customsearch2856;Transaction;Adrian Palmar;Public;Export (CSV);Persist (CSV);No;Felicity Michaels;17/08/2026 11:07
Accounting | Saved Searches;;customsearch564_4;Saved Search;Camila Coca;Public;Export (CSV);Persist (CSV);No;Aaron T Luke;4/05/2026 07:36
Accounting | Tax Exemption Expiration 1 month;;customsearch4045;Customer;Aaron T Luke;Public;Export (CSV);Persist (CSV);Yes;Aaron T Luke;17/08/2026 01:00
Accounting | Tax Exemption Expiration 2 months;;customsearch4044;Customer;Aaron T Luke;Public;Export (CSV);Persist (CSV);Yes;Aaron T Luke;17/08/2026 01:00
Accounting | Undeposited - Customer Deposits;;customsearch3480;Transaction;Aaron T Luke;Public;Export (CSV);Persist (CSV);No;Camilo Montano;5/08/2025 07:41
Accounting | Undeposited wires - Customer Deposits;;customsearch2832;Transaction;Adrian Palmar;Public;Export (CSV);Persist (CSV);No;Aaron T Luke;25/02/2025 10:14
Accounts Payable Cash Outgoing;;customsearch_atlas_ap_cash_outlay_rpt;Transaction;Sophia Burr;Public;Export (CSV);Persist (CSV);No;Felicity Michaels;17/08/2026 11:07
Accounts Receivable Cash Incoming;;customsearch_atlas_ar_cashincoming_rpt;Transaction;Sophia Burr;Public;Export (CSV);Persist (CSV);No;Holden Witt;9/07/2026 14:46
acCustom Item Basic View;;customsearchitembasicview_3;Item;Alisa Farnsworth;Public;Export (CSV);Persist (CSV);No;Camilo Montano;30/05/2025 13:00
Active Campaigns;;customsearch_atlas_active_campaigns_rem;Campaign;Sophia Burr;Public;Export (CSV);Persist (CSV);No;Camilo Montano;30/05/2025 12:21
Active Item Demand Plans;;customsearch_atlas_active_item_demand;Item Demand Plan;Sophia Burr;Public;Export (CSV);Persist (CSV);No;;
Active Item Supply Plans;;customsearch_atlas_active_supply_plans;Item Supply Plan;Sophia Burr;Public;Export (CSV);Persist (CSV);No;;
Active Purchase Contracts;;customsearch_atlas_active_pc_rpt;Transaction;Sophia Burr;Public;Export (CSV);Persist (CSV);No;;
Address Change;;customsearch_atlas_address_change_rpt;Customer;Sophia Burr;Public;Export (CSV);Persist (CSV);No;;
Allergen items List;;customsearch_as_allergen_items_2_3;Item;Aaron T Luke;Public;Export (CSV);Persist (CSV);No;Aaron T Luke;28/03/2026 21:18
Allergen items search;282582;customsearch_as_allergen_items;Item;Camila Coca;Public;Export (CSV);Persist (CSV);No;Aaron T Luke;28/03/2026 21:14
Alternate Depreciation History;551966;customsearch_ncfar_altdeprhist;FAM Depreciation History;Sophia Burr;Public;Export (CSV);Persist (CSV);No;Camilo Montano;27/05/2025 10:38
Applying CM to SO Review;;customsearch4302;Transaction;Matt Gapinski;Public;Export (CSV);Persist (CSV);Yes;Felicity Michaels;17/08/2026 11:49
Assembly Item Search;;customsearch3771;Item;Aaron T Luke;Public;Export (CSV);Persist (CSV);No;Aaron T Luke;23/07/2025 12:04
Assembly Items oh hand to Explode;;customsearch3712;Inventory Balance;Adrian Palmar;Public;Export (CSV);Persist (CSV);No;Adrian Palmar;17/07/2025 09:54
Assembly Production Variance Breakdown;;customsearch_atlas_wo_variance_brk_rpt;Transaction;Sophia Burr;Public;Export (CSV);Persist (CSV);No;Camilo Montano;22/05/2025 11:22
Assessment Project Readiness Scorecard View;39609;customsearch126;Project Readiness Scorecard;Sophia Burr;Public;Export (CSV);Persist (CSV);No;Camilo Montano;27/05/2025 09:44
Asset Values for Catch-up Depreciation;551966;customsearch_fam_assetslave_catchup;FAM Asset Values;Sophia Burr;Public;Export (CSV);Persist (CSV);No;Camilo Montano;21/05/2025 14:34
Asset Values for Derogatory DHR Generation;551966;customsearch_fam_assetvals_genderogdhrs;FAM Asset Values;Sophia Burr;Public;Export (CSV);Persist (CSV);No;;
Asset Values for Pre-calc;551966;customsearch_fam_assetslave_precalc;FAM Asset Values;Sophia Burr;Public;Export (CSV);Persist (CSV);No;-System-;16/08/2026 00:07
Assets for Asset Value Creation;551966;customsearch_fam_asset_createslave;FAM Asset;Sophia Burr;Public;Export (CSV);Persist (CSV);No;;
ATL - Label Inventory Adjustments;;customsearch3586;Transaction;Aaron T Luke;Public;Export (CSV);Persist (CSV);No;Aaron T Luke;30/07/2025 10:11
ATL - Label Status Adjustments;;customsearch3582;Transaction;Aaron T Luke;Public;Export (CSV);Persist (CSV);No;Aaron T Luke;12/01/2026 13:59
ATL Labeling | Open WO;;customsearch_mb_wo_committed_3_4;Transaction;Aaron T Luke;Public;Export (CSV);Persist (CSV);No;Camilo Montano;14/05/2026 10:18
ATL | Items with > 1 BOM active;;customsearch3741;Item;Adrian Palmar;Public;Export (CSV);Persist (CSV);No;Matt Gapinski;2/04/2026 06:28
ATL | Missing Label Master Default;;customsearch3760;Item;Aaron T Luke;Public;Export (CSV);Persist (CSV);No;Aaron T Luke;17/08/2026 10:26
ATL | RUSH Open SOs ;;customsearch3967;Transaction;Aaron T Luke;Public;Export (CSV);Persist (CSV);Yes;Ashley Quintana;17/08/2026 10:21
ATL | RUSH Open SOs w/ Item Promise Dates(WO);;customsearch3966;Transaction;Aaron T Luke;Public;Export (CSV);Persist (CSV);Yes;Aaron T Luke;17/08/2026 01:00
Available to Sell;;customsearch_atlas_item_avail_rpt;Item;Sophia Burr;Public;Export (CSV);Persist (CSV);No;Ryan Espinoza;17/08/2026 09:30
Available to Sell by Location;;customsearch_atlas_item_avail_loctn_rpt;Item;Sophia Burr;Public;Export (CSV);Persist (CSV);No;;
Average Cost;;customsearch_atlas_avg_price_sblist_2;Item;Shelby DeCol;Public;Export (CSV);Persist (CSV);No;Shelby DeCol;14/04/2026 09:29
Average Cost vs Average Selling Price;;customsearch_atlas_avg_price_sblist;Item;Sophia Burr;Public;Export (CSV);Persist (CSV);No;Shelby DeCol;8/01/2026 09:53
Average Days Sales Outstanding;;customsearch_atlas_avg_dso_kpi;Transaction;Sophia Burr;Public;Export (CSV);Persist (CSV);No;Camilo Montano;28/05/2025 08:46
Average Days Sales Outstanding - Dashboard Tiles;;customsearch_atlas_avg_dso_rpt;Transaction;Sophia Burr;Public;Export (CSV);Persist (CSV);No;Camilo Montano;27/05/2025 11:20
Average Days to Pay;;customsearch_atlas_avg_days_pay_vndr;Transaction;Sophia Burr;Public;Export (CSV);Persist (CSV);No;Felicity Michaels;14/08/2026 11:13
Average Days to Receive;;customsearch_atlas_avg_days_rcv;Transaction;Sophia Burr;Public;Export (CSV);Persist (CSV);No;Camilo Montano;27/05/2025 11:15
Average Order to Ship Date;;customsearch_atlas_kpi_avg_ots;Transaction;Sophia Burr;Public;Export (CSV);Persist (CSV);No;;
Avg Amount Per Order;;customsearch_atlas_avg_so_rpt;Transaction;Sophia Burr;Public;Export (CSV);Persist (CSV);No;Camilo Montano;20/06/2025 13:40
b. Implementation Risks (Resolved);39609;customsearch_ns_pm_risks_view_2;Project Risks;Sophia Burr;Public;Export (CSV);Persist (CSV);No;Camilo Montano;27/05/2025 09:45
b. Implementation-Action-Items (Resolved);39609;customsearch_ns_ps_action_item_view_3;Action Items;Sophia Burr;Public;Export (CSV);Persist (CSV);No;Camilo Montano;27/05/2025 09:46
b. Implementation-Test-Cases (Resolved) ;39609;customsearch105;Test Cases;Sophia Burr;Public;Export (CSV);Persist (CSV);No;Camilo Montano;27/05/2025 09:46
b. Implementation-Test-Issues (Closed) ;39609;customsearch_ns_test_issue_default_vie_4;Test Issues;Sophia Burr;Public;Export (CSV);Persist (CSV);No;;
b. Project-Issues (Resolved);39609;customsearch_ns_default_issues_view;Project Issues;Sophia Burr;Public;Export (CSV);Persist (CSV);No;Camilo Montano;27/05/2025 09:48
Bill Lookup;;customsearch_atlas_bill_lookup;Transaction;Sophia Burr;Public;Export (CSV);Persist (CSV);No;Taylor Wach;15/04/2026 13:29
Bill Payment Batches;533070;customsearch_2663_payment_batches;Payment File Administration;Sophia Burr;Public;Export (CSV);Persist (CSV);No;;
Bill Payment Transactions for EP;533070;customsearch_9997_payments_for_ep;Transaction;Sophia Burr;Public;Export (CSV);Persist (CSV);No;Camilo Montano;30/05/2025 12:35
Bin On Hand Available Quantity;;customsearch_atlas_bin_on_hand;Item;Sophia Burr;Public;Export (CSV);Persist (CSV);No;Marginoth Rojas;26/09/2025 10:56
BLANK - Stock Bottles for Sale;;customsearch2480;Item;Camila Coca;Public;Export (CSV);Persist (CSV);No;Aaron T Luke;31/07/2025 08:54
Blanket PO to Approve;;customsearch_atlas_ap_bpo_app_rem;Transaction;Sophia Burr;Public;Export (CSV);Persist (CSV);No;Justin  Hapler;29/05/2026 10:00
Blanket PO to Release;;customsearch_atlas_ap_bpo_to_release_rem;Transaction;Sophia Burr;Public;Export (CSV);Persist (CSV);No;Ryan Espinoza;17/08/2026 10:30
Blend - BOM With Assembly and Revision Details;;customsearch_blend_bom_assy_rev_details;Bill of Materials;Kris Bevans;Public;Export (CSV);Persist (CSV);No;Jennilyn Tockstein;20/07/2026 10:46
Blend - List of Formulas;;customsearch_blend_formula_items;Item;Blend ERP Login 1;Public;Export (CSV);Persist (CSV);No;Justin  Hapler;18/05/2026 13:02
Blend - Mass Delete Tool (Customers);;customsearch_blend_cus_fields_to_delete;Customer;Blend ERP Login 1;Public;Export (CSV);Persist (CSV);No;;
Blend - Mass Delete Tool (Items);;customsearch_blend_item_fields_to_delete;Item;Blend ERP Login 1;Public;Export (CSV);Persist (CSV);No;Camilo Montano;29/05/2025 13:21
Blend - Mass Delete Tool (Transactions);;customsearch_blend_tx_fields_to_delete;Transaction;Blend ERP Login 1;Public;Export (CSV);Persist (CSV);No;;
Blend - Mass Delete Tool (Vendors);;customsearch_blend_ven_fields_to_delete;Vendor;Blend ERP Login 1;Public;Export (CSV);Persist (CSV);No;;
Blend - Server Script Logs;;customsearch_blend_sever_script_logs;Server Script Log;Data Ninja;Public;Export (CSV);Persist (CSV);No;;
BOM Inquiry;;customsearch3478;Bill of Materials Revision;Adrian Palmar;Public;Export (CSV);Persist (CSV);No;Matt Gapinski;2/04/2026 06:26
BOM Revision Details;;customsearch4988;Bill of Materials Revision;Holden Witt;Public;Export (CSV);Persist (CSV);No;Aaron T Luke;12/08/2026 10:48
Bottled Sales Orders by Customer;;customsearch5051;Transaction;Holden Witt;Public;Export (CSV);Persist (CSV);No;Holden Witt;14/08/2026 14:44
Bottling | Open WO;;customsearch_mb_wo_committed_3_3;Transaction;Camila Coca;Public;Export (CSV);Persist (CSV);No;Tanner Wach;26/03/2026 10:32
Bottling | Open WO - Test Report;;customsearch_mb_wo_committed_3_3_3;Transaction;Aaron T Luke;Public;Export (CSV);Persist (CSV);No;Aaron T Luke;7/11/2025 12:20
Bounced Emails;;customsearch_atlas_bounced_emails_rem;Campaign;Sophia Burr;Public;Export (CSV);Persist (CSV);No;;
Built Date [WORKFLOW];;customsearch4954;Transaction;Holden Witt;Public;Export (CSV);Persist (CSV);No;Holden Witt;5/08/2026 14:08
Bulk Items;;customsearch2411;Item;Camila Coca;Public;Export (CSV);Persist (CSV);No;Camilo Montano;30/05/2025 13:31
c. Implementation Risks (All);39609;customsearch_ns_pm_risks_view_2_2;Project Risks;Sophia Burr;Public;Export (CSV);Persist (CSV);No;;
c. Implementation-Action-Items (All);39609;customsearch_ns_ps_action_item_view_3_2;Action Items;Sophia Burr;Public;Export (CSV);Persist (CSV);No;Camilo Montano;27/05/2025 15:12
c. Implementation-Test-Cases (All) ;39609;customsearch100;Test Cases;Sophia Burr;Public;Export (CSV);Persist (CSV);No;;
c. Implementation-Test-Issues (ALL) ;39609;customsearch_ns_test_issue_default_vie_5;Test Issues;Sophia Burr;Public;Export (CSV);Persist (CSV);No;;
c. Project-Issues (All);39609;customsearch_ns_default_issues_view_3;Project Issues;Sophia Burr;Public;Export (CSV);Persist (CSV);No;;
Camila Transaction Audit Log;;customsearch_atlas_transaction_audit_r_3;System Note;Camila Coca;Public;Export (CSV);Persist (CSV);No;Ruben Espinosa;17/08/2026 11:29
Campaign Response;;customsearch_atlas_campaign_resp_rpt;Campaign;Sophia Burr;Public;Export (CSV);Persist (CSV);No;;
Campaign Total Cost;;customsearch_atlas_total_cost_rpt;Campaign;Sophia Burr;Public;Export (CSV);Persist (CSV);No;;
Capacity by Work Center by Week;;customsearch_atlas_wo_capacity_grph;Manufacturing Planned Time;Sophia Burr;Public;Export (CSV);Persist (CSV);No;Illaha Tahir;27/10/2023 09:17
Capsules Overstocked;;customsearch3564;Item;Alisa Farnsworth;Public;Export (CSV);Persist (CSV);No;Ashley Quintana;19/05/2025 12:45
Cartons Packed;591665;customsearch_cartons_packed;PackShip - Pack Carton;Sophia Burr;Public;Export (CSV);Persist (CSV);No;;
Cartons Shipped;591665;customsearch_cartonsshipped;PackShip - Pack Carton;Sophia Burr;Public;Export (CSV);Persist (CSV);No;Camilo Montano;20/05/2025 14:55
Case Lookup;;customsearch_atlas_case_lookup_rpt;Case;Sophia Burr;Public;Export (CSV);Persist (CSV);No;Shipping Team;8/08/2025 06:20
Cases;;customsearch_atlas_cases_kpi;Case;Sophia Burr;Public;Export (CSV);Persist (CSV);No;;
Cases In Progress;;customsearch_atlas_casesinprogress_rpt;Case;Sophia Burr;Public;Export (CSV);Persist (CSV);No;;
Cases Not Started;;customsearch_atlas_cases_not_started_rem;Case;Sophia Burr;Public;Export (CSV);Persist (CSV);No;Aiskel Salvatore;20/11/2025 10:59
Chocolate Protein Labels;;customsearch3024;Item;Adrian Palmar;Public;Export (CSV);Persist (CSV);No;Camilo Montano;30/05/2025 13:03
Churn - Customers;;customsearch_atlas_churn_cust_rpt;Customer;Sophia Burr;Public;Export (CSV);Persist (CSV);No;;
Closed POs with No Vendor Bills;;customsearch3568;Transaction;Adrian Palmar;Public;Export (CSV);Persist (CSV);No;Tera T Sadler;25/03/2025 09:50
CM Transfer Orders to Receive;;customsearch_atlas_cm_transfer_rcv_rpt;Transaction;Sophia Burr;Public;Export (CSV);Persist (CSV);No;Camilo Montano;23/05/2025 10:00
CM Transfer Orders to Ship;;customsearch_atlas_cm_transfer_ord_rpt;Transaction;Sophia Burr;Public;Export (CSV);Persist (CSV);No;Camilo Montano;23/05/2025 10:38
Commissions Report;;customsearchtransactiondefaultview_12_2;Transaction;Sarah Bega;Public;Export (CSV);Persist (CSV);No;Aishah Alqasim;28/08/2025 11:52
Company Bank Details Zengin;533070;customsearch_11724_zengincb_search;Company Bank Details;Sophia Burr;Public;Export (CSV);Persist (CSV);No;;
Components - Bottle List;;customsearch3992;Item;Aaron T Luke;Public;Export (CSV);Persist (CSV);No;Aaron T Luke;26/05/2026 13:39
Components - Lid List;;customsearch3993;Item;Aaron T Luke;Public;Export (CSV);Persist (CSV);No;Aaron T Luke;26/05/2026 12:34
Components Disposal Details;551966;customsearch_fam_compound_disp_details;FAM Asset;Sophia Burr;Public;Export (CSV);Persist (CSV);No;Camilo Montano;19/05/2025 10:40
Compound Asset - Alternate Depreciation Search;551966;customsearch_fam_compound_altdep;FAM Alternate Depreciation;Sophia Burr;Public;Export (CSV);Persist (CSV);No;Camilo Montano;19/05/2025 10:41
Compound Asset - Depreciation History Search;551966;customsearch_fam_compound_dephist;FAM Depreciation History;Sophia Burr;Public;Export (CSV);Persist (CSV);No;Camilo Montano;19/05/2025 10:41
Contracts Close to Maximum Value;;customsearch_atlas_ap_pc_max_rem;Transaction;Sophia Burr;Public;Export (CSV);Persist (CSV);No;;
Contracts to Approve;;customsearch_atlas_ap_pc_to_apprv_rem;Transaction;Sophia Burr;Public;Export (CSV);Persist (CSV);No;;
CPI - Customer Scorecard (Customer Record);;customsearch_atlas_customer_scorecard;Transaction;Sophia Burr;Public;Export (CSV);Persist (CSV);No;Felicity Michaels;17/08/2026 09:08
CPI - Payments Metrics (Customer Record);;customsearch_atlas_cust_pay_met_sblist;Transaction;Sophia Burr;Public;Export (CSV);Persist (CSV);No;Felicity Michaels;17/08/2026 09:08
Credit Card Approval - Email Schedule;;customsearch4244;Transaction;Adrian Palmar;Public;Export (CSV);Persist (CSV);Yes;Adrian Palmar;6/02/2026 05:00
Credit Card Expenses;;customsearch_atlas_creditcard_expenses;Transaction;Sophia Burr;Public;Export (CSV);Persist (CSV);No;;
Credit Limit Status;;customsearch4046;Customer;Adrian Palmar;Public;Export (CSV);Persist (CSV);No;Matt Gapinski;24/10/2025 07:33
Credit Memos to Apply;;customsearch_atlas_cr_m_to_apply_rem;Transaction;Sophia Burr;Public;Export (CSV);Persist (CSV);No;Matt Gapinski;26/05/2026 14:04
Credit Memos to Apply (V2);;customsearch_atlas_cr_m_to_apply_rem_2;Transaction;Adrian Palmar;Public;Export (CSV);Persist (CSV);No;Andres Martinez;20/11/2025 13:53
Custom Blend - Locking Task Default View;;customsearch2902;Blend - Locking Task;Blend User1;Public;Export (CSV);Persist (CSV);No;Camilo Montano;23/06/2025 10:14
Custom Bottles;;customsearch2412;Item;Camila Coca;Public;Export (CSV);Persist (CSV);No;Camilo Montano;22/05/2025 11:28
Custom Change Log Default View;39609;customsearch111;Change Log;Sophia Burr;Public;Export (CSV);Persist (CSV);No;;
Custom Conversion Item Stock Type Default View;;customsearch4710;Conversion Item Stock Type;Holden Witt;Public;Export (CSV);Persist (CSV);No;Aaron T Luke;14/08/2026 12:08
Custom Customer Search 2;366872;customsearch911;Customer;Adrian Palmar;Public;Export (CSV);Persist (CSV);No;Aaron T Luke;11/02/2026 12:55
Custom EBizCharge Gateway Configuration Search;366872;customsearch910;EBizCharge Gateway Configuration;Adrian Palmar;Public;Export (CSV);Persist (CSV);No;;
Custom Formula SOs (Service Item);;customsearch3514;Transaction;Adrian Palmar;Public;Export (CSV);Persist (CSV);No;Aaron T Luke;6/03/2026 11:59
Custom Inventory Number/Status On Hand (Negative Inv);;customsearch2424;Inventory Number Item Balance;Data Ninja Support;Public;Export (CSV);Persist (CSV);No;Aaron T Luke;13/08/2026 13:31
Custom Inventory Status On Hand;;customsearch4000;Inventory Status On Hand;Aaron T Luke;Public;Export (CSV);Persist (CSV);No;Aaron T Luke;13/08/2026 13:22
Custom Mobile - Configuration Columns Data Table Search;590761;customsearch_mobile_config_data_search;Mobile - Custom Column Setup;Sophia Burr;Public;Export (CSV);Persist (CSV);No;;
Custom Mobile - Custom Columns Merge Criteria Search;590761;customsearch_page_elem_tbl_mrg_criteria;Mobile - Page Element;Sophia Burr;Public;Export (CSV);Persist (CSV);No;Data Ninja;8/03/2026 08:11
Custom NetSuite Cutover Items Default View;39609;customsearch119;NetSuite Cutover Items;Sophia Burr;Public;Export (CSV);Persist (CSV);No;;
Custom NetSuite Project Summary Default View;39609;customsearch92;Project Summary;Sophia Burr;Public;Export (CSV);Persist (CSV);No;;
Custom Price Alert;;customsearch_atlas_cust_price_alert_rpt;Transaction;Sophia Burr;Public;Export (CSV);Persist (CSV);No;Camilo Montano;27/05/2025 13:15
Custom Print - File Service Map Search;590761;customsearch_print_filemap;Print - File Service Map;Sophia Burr;Public;Export (CSV);Persist (CSV);No;;
Custom ShipCentral Country Default View;591665;customsearch53;ShipCentral Country;Kris Bevans;Public;Export (CSV);Persist (CSV);No;;
Custom XB Error Handling Default View;500579;customsearch936;XB Error Handling;Integration MHI;Public;Export (CSV);Persist (CSV);No;;
Customer Access;;customsearch_atlas_customer_accss_rem;Customer;Sophia Burr;Public;Export (CSV);Persist (CSV);No;;
Customer Access Log;;customsearch_atlas_cust_access_log_rpt;Customer;Sophia Burr;Public;Export (CSV);Persist (CSV);No;;
Customer Address Search | MHI;;customsearch2409;Customer;Integration MHI;Public;Export (CSV);Persist (CSV);No;Camilo Montano;29/05/2025 11:08
Customer Appt's Today / This Week;;customsearch_atlas_cust_appts;Event;Sophia Burr;Public;Export (CSV);Persist (CSV);No;Emily Gray;17/08/2026 11:00
Customer Balances and Credit Limits Status;;customsearch_atlas_balance_limit_rpt;Customer;Sophia Burr;Public;Export (CSV);Persist (CSV);No;Sydney Walker;7/08/2026 12:42
Customer Credit Card Expiring Report;;customsearch_atlas_cc_expire_rpt;Customer;Sophia Burr;Public;Export (CSV);Persist (CSV);No;Camilo Montano;23/06/2025 10:07
Customer Deposits by Payment Method;;customsearch2554;Transaction;Adrian Palmar;Public;Export (CSV);Persist (CSV);No;Aaron T Luke;9/06/2026 13:22
Customer Item Returns (Customer Record);;customsearch_atlas_cust_items_returned;Transaction;Sophia Burr;Public;Export (CSV);Persist (CSV);No;Felicity Michaels;17/08/2026 09:08
Customer Lookup;;customsearch_atlas_cust_lookup;Customer;Sophia Burr;Public;Export (CSV);Persist (CSV);No;Holden Witt;13/07/2026 19:16
Customer LTV;;customsearch_atlas_customer_ltv_rpt;Customer;Sophia Burr;Public;Export (CSV);Persist (CSV);No;;
Customer LTV - Graph;;customsearch_atlas_customer_ltv_grph;Customer;Sophia Burr;Public;Export (CSV);Persist (CSV);No;Melissa Nicholls;27/08/2025 08:16
Customer Open Inv & Credits (Customer Record);;customsearch_atlas_cus_open_inv_cn;Transaction;Sophia Burr;Public;Export (CSV);Persist (CSV);No;Felicity Michaels;17/08/2026 09:08
Customer Open orders;;customsearchtransactiondefaultview_10;Transaction;Sarah Bega;Public;Export (CSV);Persist (CSV);No;Felicity Michaels;15/05/2026 09:17
Customer Open SOs (Customer Record);;customsearch_atlas_cus_open_so_sblist;Transaction;Sophia Burr;Public;Export (CSV);Persist (CSV);No;Felicity Michaels;17/08/2026 09:08
Customer Payment Transactions for EP;533070;customsearch_9997_dd_payments_for_ep;Transaction;Sophia Burr;Public;Export (CSV);Persist (CSV);No;;
Customer Preapproval and Ship Complete options;;customsearch3897;Customer;Aaron T Luke;Public;Export (CSV);Persist (CSV);No;Aaron T Luke;22/08/2025 16:04
Customer Rank;;customsearch_atlas_customer_rank_rpt;Customer;Sophia Burr;Public;Export (CSV);Persist (CSV);No;;
Customer Returns by Value;;customsearch_atlas_customer_return_value;Transaction;Sophia Burr;Public;Export (CSV);Persist (CSV);No;Emily Gray;17/08/2026 11:00
Customer Returns Last 12 Months (Customer Record);;customsearch_atlas_12m_cusreturn_sblist;Transaction;Sophia Burr;Public;Export (CSV);Persist (CSV);No;Felicity Michaels;17/08/2026 09:08
Customer Sales Last 12 Months (Customer Record);;customsearch_atlas_12m_sales_sblist;Transaction;Sophia Burr;Public;Export (CSV);Persist (CSV);No;Felicity Michaels;17/08/2026 09:08
Customer search;591665;customsearchpackship_customer;Customer;Kris Bevans;Public;Export (CSV);Persist (CSV);No;;
Customer Status Change;;customsearch_atlas_cust_status_chnge_rpt;Customer;Sophia Burr;Public;Export (CSV);Persist (CSV);No;Camilo Montano;29/05/2025 13:34
Customer Terms Upload search;;customsearch3909;Customer;Aaron T Luke;Public;Export (CSV);Persist (CSV);No;Aaron T Luke;18/03/2026 08:08
Customer Top Sold Items (Customer Record);;customsearch_atlas_cus_top_items;Transaction;Sophia Burr;Public;Export (CSV);Persist (CSV);No;Felicity Michaels;17/08/2026 09:08
Customer's Default Shipping;;customsearch3246;Customer;Camila Coca;Public;Export (CSV);Persist (CSV);No;Camilo Montano;30/05/2025 12:23
Customers Acquired;;customsearch_atlas_cust_acquired_rpt;Customer;Sophia Burr;Public;Export (CSV);Persist (CSV);No;;
Customers by State;;customsearch_atlas_customer_state_grph;Customer;Sophia Burr;Public;Export (CSV);Persist (CSV);No;;
Customers by YTD Sales;;customsearch_atlas_customers_by_ytd_rpt;Transaction;Sophia Burr;Public;Export (CSV);Persist (CSV);No;Justin Johnston;27/05/2026 12:35
Customers To Call;;customsearch_atlas_cust_phone_calls;Phone Call;Sophia Burr;Public;Export (CSV);Persist (CSV);No;Emily Gray;17/08/2026 11:00
Customers with No Activity in Past Month;;customsearch_atlas_no_activity_rem;Customer;Sophia Burr;Public;Export (CSV);Persist (CSV);No;;
Cycle Count - Items to Count;;customsearch_atlas_cyclecount_rpt;Transaction;Sophia Burr;Public;Export (CSV);Persist (CSV);No;Aaron T Luke;26/06/2026 08:47
Cycle Counts to Approve;;customsearch_atlas_apprcount_rpt;Transaction;Sophia Burr;Public;Export (CSV);Persist (CSV);No;Paul Eischens;30/05/2025 06:57
Dashboard Tile All Search;185219;customsearch_dt_tile_searchall;Dashboard Tile;Sophia Burr;Public;Export (CSV);Persist (CSV);No;Emilio Dominguez;17/08/2026 11:22
Dashboard Tile Translations Search;185219;customsearch_dt_translations;Dashboard Tile Translations;Sophia Burr;Public;Export (CSV);Persist (CSV);No;Emilio Dominguez;17/08/2026 11:22
Data Migration Tracker (Regular Email Summary);39609;customsearch_ps_dmt_email_summary;Data Migration Tracker;Sophia Burr;Public;Export (CSV);Persist (CSV);Yes;;
Data Migration Tracker DMT;39609;customsearch_ps_dmt_list;Data Migration Tracker;Sophia Burr;Public;Export (CSV);Persist (CSV);No;;
Days to Close;;customsearch_atlas_dtc_kpi;Accounting Period;Sophia Burr;Public;Export (CSV);Persist (CSV);No;;
DD Bank Details - EP Logs Search;533070;customsearch_15906_dd_bd_ep_logs;Electronic Payments Logs;Sophia Burr;Public;Export (CSV);Persist (CSV);No;;
Default FAM Report Templates;551966;customsearch_fam_default_rep_templates;Document;Sophia Burr;Public;Export (CSV);Persist (CSV);No;-System-;17/08/2026 03:01
Deleted Record Audit Log;;customsearch_atlas_it_deleted_records;Deleted Record;Sophia Burr;Public;Export (CSV);Persist (CSV);No;Data Ninja;6/05/2026 16:13
Depreciation History;551966;customsearch_ncfar_acctgdeprhist;FAM Depreciation History;Sophia Burr;Public;Export (CSV);Persist (CSV);No;;
Depreciation History for Derogatory DHR Generation;551966;customsearch_fam_deprhist_genderogdhrs;FAM Depreciation History;Sophia Burr;Public;Export (CSV);Persist (CSV);No;;
Depreciation History Name (forecast);551966;customsearch_fam_dhr_name;FAM Depreciation History;Sophia Burr;Public;Export (CSV);Persist (CSV);No;Camilo Montano;21/05/2025 14:34
Design | Label Design;;customsearch3275;Transaction;Adrian Palmar;Public;Export (CSV);Persist (CSV);No;Aaron T Luke;9/02/2026 11:11
Design | SO's Revenue from Design Department MTD ;;customsearch3598;Transaction;Adrian Palmar;Public;Export (CSV);Persist (CSV);Yes;Adrian Palmar;30/01/2026 18:00
Discount PO Payment;;customsearch_atlas_disc_po_pmt_rpt;Transaction;Sophia Burr;Public;Export (CSV);Persist (CSV);No;Shelby DeCol;17/08/2026 05:59
Discount Rate Per Order;;customsearch_atlas_avg_discount_ord_kpi;Transaction;Sophia Burr;Public;Export (CSV);Persist (CSV);No;;
Drop Ship Item Fulfillment;;customsearch_atlas_dropship_tdy_rpt;Transaction;Sophia Burr;Public;Export (CSV);Persist (CSV);No;;
Drop Ship Order Status Report;;customsearch_atlas_drop_ship_status_rpt;Transaction;Sophia Burr;Public;Export (CSV);Persist (CSV);No;Camilo Montano;30/05/2025 13:23
Drop Ship Orders Profit Report;;customsearch_atlas_drop_ship_prft_rpt;Transaction;Sophia Burr;Public;Export (CSV);Persist (CSV);No;;
Drop Ship Quantity Sold;;customsearch_atlas_dropship_qty_kpi;Transaction;Sophia Burr;Public;Export (CSV);Persist (CSV);No;;
Drop Ship Sales Orders Invoice Paid;;customsearch_atlas_drop_shp_inv_paid_rpt;Transaction;Sophia Burr;Public;Export (CSV);Persist (CSV);No;;
Drop Ship Total Sold Value;;customsearch_atlas_dropship_value_kpi;Transaction;Sophia Burr;Public;Export (CSV);Persist (CSV);No;Camilo Montano;29/05/2025 13:01
DT - Number of Late Purchase Orders;;customsearch_atlas_num_dt_late_pos;Transaction;Sophia Burr;Public;Export (CSV);Persist (CSV);No;;
DT - Number of Open Bills;;customsearch_atlas_dt_num_open_bills_rem;Transaction;Sophia Burr;Public;Export (CSV);Persist (CSV);No;;
DT - Number of Open Estimates;;customsearch_atlas_dt_num_open_est_rem;Transaction;Sophia Burr;Public;Export (CSV);Persist (CSV);No;;
DT - Number of Open Invoices;;customsearch_atlas_dt_num_open_inv_rem;Transaction;Sophia Burr;Public;Export (CSV);Persist (CSV);No;;
DT - Number of Open Opportunities;;customsearch_atlas_dt_num_open_opps_rem;Transaction;Sophia Burr;Public;Export (CSV);Persist (CSV);No;;
DT - Number of Open Purchase Orders;;customsearch_atlas_dt_num_open_pos_rem;Transaction;Sophia Burr;Public;Export (CSV);Persist (CSV);No;Taylor Wach;26/09/2025 12:05
DT - Number of Open Sales Orders;;customsearch_atlas_dt_num_open_sos_rem;Transaction;Sophia Burr;Public;Export (CSV);Persist (CSV);No;;
DT - Number of Vendors;;customsearch_atlas_dt_num_vendor_rem;Vendor;Sophia Burr;Public;Export (CSV);Persist (CSV);No;;
Dummy labels that ends with .-DL;;customsearch_dummy_labels_end_w_dl;Item;Lara Zidine;Public;Export (CSV);Persist (CSV);No;Aaron T Luke;30/07/2025 10:27
EDP Price Update Error Messages Default View;222420;customsearch_edp_error_messages_defaultv;Price Update Error Messages;Sophia Burr;Public;Export (CSV);Persist (CSV);No;;
EFT Bank Details - EP Logs Search;533070;customsearch_15906_eft_bd_ep_logs;Electronic Payments Logs;Sophia Burr;Public;Export (CSV);Persist (CSV);No;Matt Gapinski;3/04/2026 12:05
Email Alert: Implementation Action Items (On Create/Update);39609;customsearch94;Action Items;Sophia Burr;Public;Export (CSV);Persist (CSV);No;;
Email Alert: Implementation Action Items (Weekly);39609;customsearch95;Action Items;Sophia Burr;Public;Export (CSV);Persist (CSV);Yes;;
Email Alert: Implementation Project Issues (On Create/Update);39609;customsearch114;Project Issues;Sophia Burr;Public;Export (CSV);Persist (CSV);No;;
Email Alert: Implementation Project Issues (Weekly);39609;customsearch115;Project Issues;Sophia Burr;Public;Export (CSV);Persist (CSV);Yes;;
Email Alert: Implementation Test Issues (On Create/Update);39609;customsearch_ns_test_issue_default_vie_6;Test Issues;Sophia Burr;Public;Export (CSV);Persist (CSV);No;;
Email Alert: Implementation Test Issues (Weekly);39609;customsearch_ns_test_issue_default_vie_7;Test Issues;Sophia Burr;Public;Export (CSV);Persist (CSV);Yes;;
Email Approval Log For Delete;203059;customsearch_sas_ss_email_applogs_delete;Email Approval Log;Sophia Burr;Public;Export (CSV);Persist (CSV);No;;
Employee Churn;;customsearch_atlas_employee_churn_rpt;Employee;Sophia Burr;Public;Export (CSV);Persist (CSV);No;;
Employee Count;;customsearch_atlas_total_emp_count;Employee;Sophia Burr;Public;Export (CSV);Persist (CSV);No;;
Employee Directory (Default);112469;customsearch_ed_default;Employee;Sophia Burr;Public;Export (CSV);Persist (CSV);No;-System-;17/08/2026 00:01
Employee Directory (Global);112469;customsearch_ed_employee_directory;Employee;Sophia Burr;Public;Export (CSV);Persist (CSV);No;Camilo Montano;21/05/2025 08:35
Employee Directory - Access;;customsearch_ed_employee_directory_3;Employee;Camila Coca;Public;Export (CSV);Persist (CSV);No;Holden Witt;14/07/2026 08:16
Employee Discount;;customsearch_atlas_emp_disc_rpt;Transaction;Sophia Burr;Public;Export (CSV);Persist (CSV);No;Camilo Montano;20/06/2025 13:43
Employee Discount (Detail);;customsearch_atlas_empdisc_detail_rpt;Transaction;Sophia Burr;Public;Export (CSV);Persist (CSV);No;;
Employee Discount Transactions;;customsearch_atlas_empdisc_trans_rpt;Transaction;Sophia Burr;Public;Export (CSV);Persist (CSV);No;;
Employee Login Access;;customsearch_ed_employee_directory_2;Employee;Integration MHI;Public;Export (CSV);Persist (CSV);No;Aaron T Luke;17/03/2026 11:49
Engineering Change Order;;customsearch_atlas_eng_change_order;Engineering Change Order;Sophia Burr;Public;Export (CSV);Persist (CSV);No;;
Engineering Change Order Type;;customsearch_atlas_eng_change_order_type;Engineering Change Order Type;Sophia Burr;Public;Export (CSV);Persist (CSV);No;;
EP Active Entity Search;533070;customsearch_ep_active_entity_search;Entity;Sophia Burr;Public;Export (CSV);Persist (CSV);No;;
EP AP Transaction Search;533070;customsearch_ep_ap_trans_search;Transaction;Sophia Burr;Public;Export (CSV);Persist (CSV);No;;
EP Batch Transactions;533070;customsearch_ep_batch_transactions;Bill EFT Payment Information;Sophia Burr;Public;Export (CSV);Persist (CSV);No;;
EP Entity Search;533070;customsearch_ep_entity_search;Entity Bank Details;Sophia Burr;Public;Export (CSV);Persist (CSV);No;;
EP Thread Processing Results;533070;customsearch_2663_thread_processing_res;EP Thread Processing Results;Sophia Burr;Public;Export (CSV);Persist (CSV);No;;
EP Vendors Without Balance;533070;customsearch_ep_vendor_nobal_search;Transaction;Sophia Burr;Public;Export (CSV);Persist (CSV);No;;
Equity Transactions;;customsearch_atlas_equity_trans_kpi;Transaction;Sophia Burr;Public;Export (CSV);Persist (CSV);No;Camilo Montano;27/05/2025 10:39
Ernest Open PO's Received ;;customsearch_atlas_open_pos_rpt_6_2;Transaction;Adrian Palmar;Public;Export (CSV);Persist (CSV);No;Felicity Michaels;17/08/2026 11:49
ERP | Allergen items Inquiry;;customsearch_as_allergen_items_2;Item;Aaron T Luke;Public;Export (CSV);Persist (CSV);No;Aaron T Luke;17/08/2026 10:26
ERP | Allergen Search - Collagen;;customsearchallergen_search_collagen;Item;Aaron T Luke;Public;Export (CSV);Persist (CSV);No;Aaron T Luke;17/08/2026 10:26
ERP | Allergen Search - Collagen Gummies;;customsearchallergen_search_collagengumm;Item;Aaron T Luke;Public;Export (CSV);Persist (CSV);No;Aaron T Luke;17/08/2026 10:26
ERP | Allergen Search - Colostrum ;;customsearchallergen_search_vanillawhe_2;Item;Aaron T Luke;Public;Export (CSV);Persist (CSV);No;Aaron T Luke;17/08/2026 10:26
ERP | Allergen Search - Hair Skin Nails;;customsearchallergen_search_hair_skin;Item;Aaron T Luke;Public;Export (CSV);Persist (CSV);No;Aaron T Luke;17/08/2026 10:26
ERP | Allergen Search - Joint Support Gummies;;customsearchallergen_search_jointgummie;Item;Aaron T Luke;Public;Export (CSV);Persist (CSV);No;Aaron T Luke;17/08/2026 10:26
ERP | Allergen Search - Krill Oil;;customsearchallergen_serach_krill;Item;Aaron T Luke;Public;Export (CSV);Persist (CSV);No;Aaron T Luke;17/08/2026 10:26
ERP | Allergen Search - Male Enhancement;;customsearchallergen_search_male;Item;Aaron T Luke;Public;Export (CSV);Persist (CSV);No;Aaron T Luke;17/08/2026 10:26
ERP | Allergen Search - Max Detox;;customsearchallergen_search_max_detox;Item;Aaron T Luke;Public;Export (CSV);Persist (CSV);No;Aaron T Luke;17/08/2026 10:26
ERP | Allergen Search - MCT Oil;;customsearchallergen_search_mct_oil;Item;Aaron T Luke;Public;Export (CSV);Persist (CSV);No;Aaron T Luke;17/08/2026 10:26
ERP | Allergen Search - Neuro;;customsearchallergen_search_neuro;Item;Aaron T Luke;Public;Export (CSV);Persist (CSV);No;Aaron T Luke;17/08/2026 10:26
ERP | Allergen Search - Nutrition Whey Protein;;customsearchallergen_search_max_detox_2;Item;Aaron T Luke;Public;Export (CSV);Persist (CSV);No;Aaron T Luke;17/08/2026 10:26
ERP | Allergen Search - Omega 3 Soft Gels;;customsearchallergen_search_omega3_softg;Item;Aaron T Luke;Public;Export (CSV);Persist (CSV);No;Aaron T Luke;17/08/2026 10:26
ERP | Allergen Search - Omega Gummies;;customsearchallergen_search_omegagumm;Item;Aaron T Luke;Public;Export (CSV);Persist (CSV);No;Aaron T Luke;17/08/2026 10:26
ERP | Allergen Search - Platinum Turmeric;;customsearchallergen_search_platinum;Item;Aaron T Luke;Public;Export (CSV);Persist (CSV);No;Aaron T Luke;17/08/2026 10:26
ERP | Allergen Search - Post Workout Formula - ALT;;customsearch3576;Item;Aaron T Luke;Public;Export (CSV);Persist (CSV);No;Aaron T Luke;17/08/2026 10:26
ERP | Allergen Search - Prostate;;customsearchallergen_search_prostate;Item;Aaron T Luke;Public;Export (CSV);Persist (CSV);No;Aaron T Luke;17/08/2026 10:26
ERP | Allergen Search - Rapis Loss Protect (Custom);;customsearchallergen_search_rapidloss;Item;Aaron T Luke;Public;Export (CSV);Persist (CSV);No;Aaron T Luke;17/08/2026 10:26
ERP | Allergen Search - Ultra Flex/Joint Flex;;customsearchallergen_search_jointflex;Item;Aaron T Luke;Public;Export (CSV);Persist (CSV);No;Aaron T Luke;17/08/2026 10:26
ERP | Allergen Search - Vanilla Whey Powder;;customsearchallergen_search_vanillawhey;Item;Aaron T Luke;Public;Export (CSV);Persist (CSV);No;Aaron T Luke;17/08/2026 10:26
ERP | Barcode Labels;;customsearch3763;Item;Aaron T Luke;Public;Export (CSV);Persist (CSV);No;Aaron T Luke;18/06/2026 08:37
ERP | Barcodes List;;customsearch2996;Item;Camilo Montano;Public;Export (CSV);Persist (CSV);No;Aaron T Luke;18/05/2026 13:53
ERP | Bottle Use Search 100cc White PET;;customsearch3346;Item;Aaron T Luke;Public;Export (CSV);Persist (CSV);No;Aaron T Luke;17/08/2026 10:27
ERP | Bottle Use Search 10oz Black PET Jar (C/S Elicore Labs);;customsearch3389;Item;Aaron T Luke;Public;Export (CSV);Persist (CSV);No;Aaron T Luke;17/08/2026 10:27
ERP | Bottle Use Search 120cc Amber Glass Bottle;;customsearch3384;Item;Aaron T Luke;Public;Export (CSV);Persist (CSV);No;Aaron T Luke;17/08/2026 10:27
ERP | Bottle Use Search 120cc Clear PET;;customsearch3347;Item;Aaron T Luke;Public;Export (CSV);Persist (CSV);No;Aaron T Luke;17/08/2026 10:27
ERP | Bottle Use Search 12oz White HDPE;;customsearch4236;Item;Aaron T Luke;Public;Export (CSV);Persist (CSV);No;Aaron T Luke;17/08/2026 10:27
ERP | Bottle Use Search 13oz Black HDPE Jar (C/S Lifogen);;customsearch3394;Item;Aaron T Luke;Public;Export (CSV);Persist (CSV);No;Aaron T Luke;17/08/2026 10:27
ERP | Bottle Use Search 1500cc White HDPE;;customsearch3348;Item;Aaron T Luke;Public;Export (CSV);Persist (CSV);No;Aaron T Luke;17/08/2026 10:27
ERP | Bottle Use Search 150cc Amber Glass Bottle;;customsearch3387;Item;Aaron T Luke;Public;Export (CSV);Persist (CSV);No;Aaron T Luke;17/08/2026 10:27
ERP | Bottle Use Search 150cc Blue/Black/Light Amber/Clear PET;;customsearch3345;Item;Aaron T Luke;Public;Export (CSV);Persist (CSV);No;Aaron T Luke;17/08/2026 10:27
ERP | Bottle Use Search 150cc White HDPE;;customsearch3327;Item;Aaron T Luke;Public;Export (CSV);Persist (CSV);No;Aaron T Luke;17/08/2026 10:27
ERP | Bottle Use Search 150cc White PET;;customsearch3318;Item;Aaron T Luke;Public;Export (CSV);Persist (CSV);No;Aaron T Luke;17/08/2026 10:27
ERP | Bottle Use Search 16oz Clear PET;;customsearch4242;Item;Aaron T Luke;Public;Export (CSV);Persist (CSV);No;Aaron T Luke;17/08/2026 10:27
ERP | Bottle Use Search 16oz White HDPE;;customsearch3817;Item;Aaron T Luke;Public;Export (CSV);Persist (CSV);No;Aaron T Luke;17/08/2026 10:27
ERP | Bottle Use Search 16oz White PET;;customsearch3372;Item;Aaron T Luke;Public;Export (CSV);Persist (CSV);No;Aaron T Luke;17/08/2026 10:27
ERP | Bottle Use Search 16oz White PET Jar;;customsearch4238;Item;Aaron T Luke;Public;Export (CSV);Persist (CSV);No;Aaron T Luke;17/08/2026 10:27
ERP | Bottle Use Search 175cc All PET & HDPE;;customsearch3349;Item;Aaron T Luke;Public;Export (CSV);Persist (CSV);No;Aaron T Luke;17/08/2026 10:27
ERP | Bottle Use Search 19oz Light Amber Jar PET;;customsearch3383;Item;Aaron T Luke;Public;Export (CSV);Persist (CSV);No;Aaron T Luke;17/08/2026 10:27
ERP | Bottle Use Search 1oz Amber Glass Boston Round;;customsearch4234;Item;Aaron T Luke;Public;Export (CSV);Persist (CSV);No;Aaron T Luke;17/08/2026 10:26
ERP | Bottle Use Search 2 gallon white canister;;customsearch3371;Item;Aaron T Luke;Public;Export (CSV);Persist (CSV);No;Aaron T Luke;17/08/2026 10:27
ERP | Bottle Use Search 2 oz Amber Aromatherapy Glass Bottle;;customsearch3395;Item;Aaron T Luke;Public;Export (CSV);Persist (CSV);No;Aaron T Luke;17/08/2026 10:27
ERP | Bottle Use Search 200cc All PET;;customsearch3350;Item;Aaron T Luke;Public;Export (CSV);Persist (CSV);No;Aaron T Luke;17/08/2026 10:27
ERP | Bottle Use Search 200cc HDPE White;;customsearch3351;Item;Aaron T Luke;Public;Export (CSV);Persist (CSV);No;Aaron T Luke;17/08/2026 10:27
ERP | Bottle Use Search 200cc White BioBottles;;customsearch3373;Item;Aaron T Luke;Public;Export (CSV);Persist (CSV);No;Aaron T Luke;17/08/2026 10:27
ERP | Bottle Use Search 20oz White PET Jar;;customsearch4239;Item;Aaron T Luke;Public;Export (CSV);Persist (CSV);No;Aaron T Luke;17/08/2026 10:27
ERP | Bottle Use Search 225cc Frosted Dark Green (C/S Holist);;customsearch3382;Item;Aaron T Luke;Public;Export (CSV);Persist (CSV);No;Aaron T Luke;17/08/2026 10:27
ERP | Bottle Use Search 225cc HDPE White;;customsearch3352;Item;Aaron T Luke;Public;Export (CSV);Persist (CSV);No;Aaron T Luke;17/08/2026 10:27
ERP | Bottle Use Search 225cc White BioBottles;;customsearch3374;Item;Aaron T Luke;Public;Export (CSV);Persist (CSV);No;Aaron T Luke;17/08/2026 10:27
ERP | Bottle Use Search 230cc White HDPE;;customsearch3440;Item;Aaron T Luke;Public;Export (CSV);Persist (CSV);No;Aaron T Luke;17/08/2026 10:27
ERP | Bottle Use Search 2500cc HDPE White;;customsearch3353;Item;Aaron T Luke;Public;Export (CSV);Persist (CSV);No;Aaron T Luke;17/08/2026 10:27
ERP | Bottle Use Search 250cc All PET;;customsearch3354;Item;Aaron T Luke;Public;Export (CSV);Persist (CSV);No;Aaron T Luke;17/08/2026 10:27
ERP | Bottle Use Search 250cc C/S Colored HDPE Bottles;;customsearch3726;Item;Aaron T Luke;Public;Export (CSV);Persist (CSV);No;Aaron T Luke;17/08/2026 10:27
ERP | Bottle Use Search 250cc HDPE White;;customsearch3355;Item;Aaron T Luke;Public;Export (CSV);Persist (CSV);No;Aaron T Luke;17/08/2026 10:27
ERP | Bottle Use Search 25oz All ;;customsearch3357;Item;Aaron T Luke;Public;Export (CSV);Persist (CSV);No;Aaron T Luke;17/08/2026 10:27
ERP | Bottle Use Search 25oz Clear PET;;customsearch4241;Item;Aaron T Luke;Public;Export (CSV);Persist (CSV);No;Aaron T Luke;17/08/2026 10:27
ERP | Bottle Use Search 25oz Light Amber PET Jar (C/S VitaQuest);;customsearch3393;Item;Aaron T Luke;Public;Export (CSV);Persist (CSV);No;Aaron T Luke;17/08/2026 10:27
ERP | Bottle Use Search 2oz Amber Glass Boston Round Bottle;;customsearch3358;Item;Aaron T Luke;Public;Export (CSV);Persist (CSV);No;Aaron T Luke;17/08/2026 10:27
ERP | Bottle Use Search 3000cc White HDPE Jar;;customsearch3359;Item;Aaron T Luke;Public;Export (CSV);Persist (CSV);No;Aaron T Luke;17/08/2026 10:27
ERP | Bottle Use Search 300cc All PET;;customsearch3360;Item;Aaron T Luke;Public;Export (CSV);Persist (CSV);No;Aaron T Luke;17/08/2026 10:27
ERP | Bottle Use Search 300cc Amber BioBottles;;customsearch3375;Item;Aaron T Luke;Public;Export (CSV);Persist (CSV);No;Aaron T Luke;17/08/2026 10:27
ERP | Bottle Use Search 300cc Light Amber Jar (C/S TIVAGENICS);;customsearch3388;Item;Aaron T Luke;Public;Export (CSV);Persist (CSV);No;Aaron T Luke;17/08/2026 10:27
ERP | Bottle Use Search 300cc White HDPE;;customsearch3361;Item;Aaron T Luke;Public;Export (CSV);Persist (CSV);No;Aaron T Luke;17/08/2026 10:27
ERP | Bottle Use Search 30ml Airless Bottle Matte Silver;;customsearch3816;Item;Aaron T Luke;Public;Export (CSV);Persist (CSV);No;Aaron T Luke;17/08/2026 10:27
ERP | Bottle Use Search 35oz White HDPE;;customsearch4235;Item;Aaron T Luke;Public;Export (CSV);Persist (CSV);No;Aaron T Luke;17/08/2026 10:27
ERP | Bottle Use Search 400cc All;;customsearch3363;Item;Aaron T Luke;Public;Export (CSV);Persist (CSV);No;Aaron T Luke;17/08/2026 10:27
ERP | Bottle Use Search 44oz All HDPE Canister Non-Pano;;customsearch3367;Item;Aaron T Luke;Public;Export (CSV);Persist (CSV);No;Aaron T Luke;17/08/2026 10:27
ERP | Bottle Use Search 44oz All HDPE Canister Pano;;customsearch3366;Item;Aaron T Luke;Public;Export (CSV);Persist (CSV);No;Aaron T Luke;17/08/2026 10:27
ERP | Bottle Use Search 4oz PET 58-400;;customsearch3439;Item;Aaron T Luke;Public;Export (CSV);Persist (CSV);No;Aaron T Luke;17/08/2026 10:27
ERP | Bottle Use Search 4oz Soft Touch Bottle w/51mm lid (C/S Designer Performance);;customsearch3390;Item;Aaron T Luke;Public;Export (CSV);Persist (CSV);No;Aaron T Luke;17/08/2026 10:27
ERP | Bottle Use Search 500cc All PET;;customsearch3368;Item;Aaron T Luke;Public;Export (CSV);Persist (CSV);No;Aaron T Luke;17/08/2026 10:27
ERP | Bottle Use Search 500cc White HDPE Canister;;customsearch3376;Item;Aaron T Luke;Public;Export (CSV);Persist (CSV);No;Aaron T Luke;17/08/2026 10:27
ERP | Bottle Use Search 550cc Beige HDPE;;customsearch3441;Item;Aaron T Luke;Public;Export (CSV);Persist (CSV);No;Aaron T Luke;17/08/2026 10:27
ERP | Bottle Use Search 550cc Blue HDPE;;customsearch4237;Item;Aaron T Luke;Public;Export (CSV);Persist (CSV);No;Aaron T Luke;17/08/2026 10:27
ERP | Bottle Use Search 5oz Clear PET;;customsearch4240;Item;Aaron T Luke;Public;Export (CSV);Persist (CSV);No;Aaron T Luke;17/08/2026 10:27
ERP | Bottle Use Search 60oz All HDPE Canister Non-Pano;;customsearch3370;Item;Aaron T Luke;Public;Export (CSV);Persist (CSV);No;Aaron T Luke;17/08/2026 10:27
ERP | Bottle Use Search 60oz All HDPE Canister Pano;;customsearch3369;Item;Aaron T Luke;Public;Export (CSV);Persist (CSV);No;Aaron T Luke;17/08/2026 10:27
ERP | Bottle Use Search 625cc Black PET Bottles;;customsearch3391;Item;Aaron T Luke;Public;Export (CSV);Persist (CSV);No;Aaron T Luke;17/08/2026 10:27
ERP | Bottle Use Search 625cc Clear Bottles PET;;customsearch3378;Item;Aaron T Luke;Public;Export (CSV);Persist (CSV);No;Aaron T Luke;17/08/2026 10:27
ERP | Bottle Use Search 6800cc White Straight Panel Jar;;customsearch3379;Item;Aaron T Luke;Public;Export (CSV);Persist (CSV);No;Aaron T Luke;17/08/2026 10:27
ERP | Bottle Use Search 750 Black Canister Non Glossy;;customsearch3380;Item;Aaron T Luke;Public;Export (CSV);Persist (CSV);No;Aaron T Luke;17/08/2026 10:27
ERP | Bottle Use Search 750cc Black PET Bottles;;customsearch3392;Item;Aaron T Luke;Public;Export (CSV);Persist (CSV);No;Aaron T Luke;17/08/2026 10:27
ERP | Bottle Use Search 75cc Amber Glass Bottle;;customsearch3381;Item;Aaron T Luke;Public;Export (CSV);Persist (CSV);No;Aaron T Luke;17/08/2026 10:27
ERP | Bottle Use Search 8oz Cylinder Bottles;;customsearch4704;Item;Aaron T Luke;Public;Export (CSV);Persist (CSV);No;Aaron T Luke;17/08/2026 10:27
ERP | Bottle Use Search 8oz HDPE Jar;;customsearch3386;Item;Aaron T Luke;Public;Export (CSV);Persist (CSV);No;Aaron T Luke;17/08/2026 10:27
ERP | Bottle Use Search 950cc White HDPE Bottle;;customsearch3385;Item;Aaron T Luke;Public;Export (CSV);Persist (CSV);No;Aaron T Luke;17/08/2026 10:27
ERP | Custom Formulas;;customsearch3397;Item;Camilo Montano;Public;Export (CSV);Persist (CSV);No;Ashley Quintana;10/03/2026 10:33
ERP | Customer Data Clean-up;;customsearch3606;Customer;Aaron T Luke;Public;Export (CSV);Persist (CSV);No;Adrian Palmar;4/06/2025 13:07
ERP | Customer Data Clean-up Addresses;;customsearch3607;Customer;Aaron T Luke;Public;Export (CSV);Persist (CSV);No;Adrian Palmar;16/05/2025 07:58
ERP | Customer Data Clean-up Report;;customsearch3597;Customer;Aaron T Luke;Public;Export (CSV);Persist (CSV);No;Aaron T Luke;8/04/2025 10:53
ERP | Customer Deposit (Data Audit);;customsearch3489;Transaction;Camilo Montano;Public;Export (CSV);Persist (CSV);No;Aaron T Luke;10/03/2025 11:48
ERP | Customer Deposits not Applied;;customsearch3499;Transaction;Aaron T Luke;Public;Export (CSV);Persist (CSV);No;Emily Gray;5/08/2025 13:11
ERP | Customer Lid Stickers;;customsearch2408;Item;Camila Coca;Public;Export (CSV);Persist (CSV);No;Aaron T Luke;10/07/2026 11:23
ERP | Employee Search;;customsearch3517;Employee;Aaron T Luke;Public;Export (CSV);Persist (CSV);No;Aaron T Luke;2/03/2026 12:36
ERP | Expiration Date vs Received Date;;customsearch3601;Transaction;Aaron T Luke;Public;Export (CSV);Persist (CSV);No;Adrian Palmar;9/05/2025 11:26
ERP | Laminated Labels;;customsearch2374;Item;Camilo Montano;Public;Export (CSV);Persist (CSV);No;Aaron T Luke;12/08/2026 07:57
ERP | Missing Component Dimensions;;customsearch4062;Item;Aaron T Luke;Public;Export (CSV);Persist (CSV);No;Aaron T Luke;6/11/2025 09:02
ERP | Missing Conversion Item Stock Type List;;customsearch4705;Item;Aaron T Luke;Public;Export (CSV);Persist (CSV);No;Aaron T Luke;17/08/2026 10:26
ERP | New Work Order Transactions over 90 days old;;customsearch3444;Transaction;Aaron T Luke;Public;Export (CSV);Persist (CSV);No;Holden Witt;9/06/2026 13:05
ERP | Non-Inventory Items;;customsearch3337;Item;Camilo Montano;Public;Export (CSV);Persist (CSV);No;Ernest Corona;7/08/2025 09:36
ERP | Open Customer Invoices;;customsearch3493;Transaction;Aaron T Luke;Public;Export (CSV);Persist (CSV);No;Aaron T Luke;14/03/2025 07:45
ERP | Open Customer Invoices - Sample Orders;;customsearch3516;Transaction;Aaron T Luke;Public;Export (CSV);Persist (CSV);No;Ernest Corona;24/07/2025 12:59
ERP | Open RMA Search;;customsearch3483;Transaction;Camilo Montano;Public;Export (CSV);Persist (CSV);No;Camilo Montano;17/08/2026 11:45
ERP | Open Vendor Bills;;customsearch3492;Transaction;Aaron T Luke;Public;Export (CSV);Persist (CSV);No;Holden Witt;9/06/2026 13:05
ERP | Open Vendor Credit;;customsearch3494;Transaction;Aaron T Luke;Public;Export (CSV);Persist (CSV);No;Shelby DeCol;11/11/2025 17:43
ERP | Open Vendor Prepayment;;customsearch3484;Transaction;Aaron T Luke;Public;Export (CSV);Persist (CSV);No;Aaron T Luke;17/03/2025 09:47
ERP | Open VRMA Search;;customsearch3482;Transaction;Aaron T Luke;Public;Export (CSV);Persist (CSV);No;Shelby DeCol;17/08/2026 11:02
ERP | Outsourced Labels;;customsearch_outsourced_labels_;Item;Camila Coca;Public;Export (CSV);Persist (CSV);No;Aaron T Luke;11/08/2026 11:16
ERP | Part Numbers created (May 2025);;customsearch3574;Item;Camilo Montano;Public;Export (CSV);Persist (CSV);No;Aaron T Luke;12/08/2025 10:09
ERP | Qty Ordered on SOs;;customsearch3887;Transaction;Aaron T Luke;Public;Export (CSV);Persist (CSV);No;Aaron T Luke;4/05/2026 08:24
ERP | Revenue ;;customsearch4298;Transaction;Aaron T Luke;Public;Export (CSV);Persist (CSV);Yes;Aaron T Luke;17/08/2026 01:00
ERP | RK Drops Labels (Data Clean);;customsearch3584;Item;Camilo Montano;Public;Export (CSV);Persist (CSV);No;Camilo Montano;27/05/2025 10:42
ERP | Saved Search Review;;customsearch3552;Saved Search;Aaron T Luke;Public;Export (CSV);Persist (CSV);No;Aaron T Luke;30/03/2026 08:04
ERP | Saved Searches;;customsearch2998;Saved Search;Aaron T Luke;Public;Export (CSV);Persist (CSV);No;Aaron T Luke;6/08/2026 11:24
ERP | Shipping Audit;;customsearch3629;Transaction;Aaron T Luke;Public;Export (CSV);Persist (CSV);No;Aaron T Luke;1/05/2025 13:35
ERP | SO's Approved YTD;;customsearch3923;Transaction;Jennilyn Tockstein;Public;Export (CSV);Persist (CSV);Yes;Aaron T Luke;24/03/2026 14:08
ERP | SO's Data Cleaning (Delete after use);;customsearch3429;Transaction;Camilo Montano;Public;Export (CSV);Persist (CSV);No;Camilo Montano;10/07/2025 09:35
ERP | Standard Labels;;customsearch2363;Item;Camila Coca;Public;Export (CSV);Persist (CSV);No;Aaron T Luke;17/08/2026 08:39
ERP | Stock Bottles;;customsearch3666;Item;Aaron T Luke;Public;Export (CSV);Persist (CSV);No;Aaron T Luke;4/08/2026 10:37
ERP | Supplier Addresses;;customsearch3605;Vendor;Camilo Montano;Public;Export (CSV);Persist (CSV);No;Aaron T Luke;23/05/2025 10:00
ERP | Vendor Mandatory Fields;;customsearch3599;Vendor;Camilo Montano;Public;Export (CSV);Persist (CSV);No;Adrian Palmar;8/04/2025 11:05
ERP | Work Order Transactions over 90 days old;;customsearch3443;Transaction;Aaron T Luke;Public;Export (CSV);Persist (CSV);No;Holden Witt;9/06/2026 13:02
Estimates to Close;;customsearch_atlas_rt_prm_est_to_close;Transaction;Sophia Burr;Public;Export (CSV);Persist (CSV);No;;
EVD Customer Group;213294;customsearch_evd_customergroup;Group;Sophia Burr;Public;Export (CSV);Persist (CSV);No;;
EVD Enable Validations;213294;customsearch_evd_enablevalidations;Enable Validations/Default Discount;Sophia Burr;Public;Export (CSV);Persist (CSV);No;Felicity Michaels;17/08/2026 11:49
EVD Item Set;213294;customsearch_evd_itemset;Item Set;Sophia Burr;Public;Export (CSV);Persist (CSV);No;;
EVD Items;213294;customsearch_evd_items;Item;Sophia Burr;Public;Export (CSV);Persist (CSV);No;;
Expected Ship Date Saved Search;591665;customsearch_if_exp_ship_date_search;Transaction;Data Ninja;Public;Export (CSV);Persist (CSV);No;;
Expired Blanket Purchase Orders;;customsearch_atlas_ap_exp_bpo_rpt;Transaction;Sophia Burr;Public;Export (CSV);Persist (CSV);No;;
Expired Estimates;;customsearch_atlas_expired_quotes;Transaction;Sophia Burr;Public;Export (CSV);Persist (CSV);No;Camilo Montano;19/06/2025 12:25
Expired Inventory;;customsearch_atlas_expired_inv_rpt;Inventory Numbers;Sophia Burr;Public;Export (CSV);Persist (CSV);No;Camilo Montano;30/07/2025 07:55
Expired Purchase Contracts;;customsearch_atlas_ap_expired_pc_rpt;Transaction;Sophia Burr;Public;Export (CSV);Persist (CSV);No;Adrian Palmar;23/10/2024 11:39
Expiring Contracts;;customsearch_atlas_ap_pc_expire_rem;Transaction;Sophia Burr;Public;Export (CSV);Persist (CSV);No;Ryan Espinoza;17/08/2026 10:30
Expiring Leased Assets;551966;customsearch_fam_expiring_leased_assets;Transaction;Sophia Burr;Public;Export (CSV);Persist (CSV);No;Camilo Montano;19/06/2025 09:15
Expiring Products (15 months);;customsearch_atlas_lots_expire_rpt_2;Inventory Numbers;Adrian Palmar;Public;Export (CSV);Persist (CSV);No;Camilo Montano;30/07/2025 07:56
Expiring Promotions;;customsearch_atlas_expiring_promo_rem;Promotion;Sophia Burr;Public;Export (CSV);Persist (CSV);No;Adrian Palmar;11/08/2025 12:01
Expiring Vendor Certifications;;customsearch_atlas_exp_vendor_cert_rem;Vendor Certification;Sophia Burr;Public;Export (CSV);Persist (CSV);No;Ryan Espinoza;17/08/2026 10:30
FAM Accounting Book Search;551966;customsearch_fam_book_search;Accounting Book;Sophia Burr;Public;Export (CSV);Persist (CSV);No;;
FAM Accounting Method;551966;customsearch_ncfar_deprhistaccmeth;FAM Depreciation History;Sophia Burr;Public;Export (CSV);Persist (CSV);No;;
FAM Active Lease;551966;customsearch_fam_activelease;Transaction;Sophia Burr;Public;Export (CSV);Persist (CSV);No;;
FAM Additions;551966;customsearch_ncfar_additions;FAM Depreciation History;Sophia Burr;Public;Export (CSV);Persist (CSV);No;;
FAM Administrator Email;551966;customsearch_fam_admin_email;Employee;Sophia Burr;Public;Export (CSV);Persist (CSV);No;;
FAM Alternate Depreciation (Asset View);551966;customsearch_fam_altdepr;FAM Alternate Depreciation;Sophia Burr;Public;Export (CSV);Persist (CSV);No;;
FAM Alternate Depreciation Sublist View;551966;customsearch_fam_avb_sublist_view;FAM Alternate Depreciation;Sophia Burr;Public;Export (CSV);Persist (CSV);No;;
FAM Alternate Depreciation w/o Books;551966;customsearch_fam_altdepr_wo_books;FAM Alternate Depreciation;Sophia Burr;Public;Export (CSV);Persist (CSV);No;;
FAM Asset Depreciation - Internal;551966;customsearch_assetdepreciation;FAM Asset;Sophia Burr;Public;Export (CSV);Persist (CSV);No;;
FAM Asset List;551966;customsearch_ncfar_asset_register_ss;FAM Asset;Sophia Burr;Public;Export (CSV);Persist (CSV);No;;
FAM Asset List Created From Proposals;551966;customsearch_ncfar_assetcreatedfrom;FAM Asset Proposal;Sophia Burr;Public;Export (CSV);Persist (CSV);No;Camilo Montano;22/05/2025 07:56
FAM Asset Proposals;551966;customsearch_fam_assetproposals;FAM Asset Proposal;Sophia Burr;Public;Export (CSV);Persist (CSV);No;Camilo Montano;21/05/2025 08:47
FAM Asset Register (Saved Search);551966;customsearch_ncfar_assetreg;FAM Depreciation History;Sophia Burr;Public;Export (CSV);Persist (CSV);No;;
FAM Asset Reset Data For Conversion;551966;customsearch_fam_assetresetdataconvert;FAM Asset Reset Data;Sophia Burr;Public;Export (CSV);Persist (CSV);No;-System-;16/10/2023 15:14
FAM Asset Reset Data For Reset;551966;customsearch_fam_assetresetdatareset;FAM Asset Reset Data;Sophia Burr;Public;Export (CSV);Persist (CSV);No;-System-;16/10/2023 15:14
FAM Asset Split Search;551966;customsearch_bcfar_assetsplit;FAM Asset;Sophia Burr;Public;Export (CSV);Persist (CSV);No;;
FAM Asset Values with Pre-computed DHRs;551966;customsearch_fam_precomputedassetvals;FAM Asset Values;Sophia Burr;Public;Export (CSV);Persist (CSV);No;;
FAM Assets for Migration;551966;customsearch_fam_asset_migrateprecompute;FAM Asset;Sophia Burr;Public;Export (CSV);Persist (CSV);No;;
FAM Assets to Depreciate;551966;customsearch_fam_depreciateassets;FAM Asset;Sophia Burr;Public;Export (CSV);Persist (CSV);No;;
FAM Assets without Asset Values;551966;customsearch_fam_activeassets_novals;FAM Asset;Sophia Burr;Public;Export (CSV);Persist (CSV);No;;
FAM BG Process Log;551966;customsearch_fam_processlog;BG Process Log;Sophia Burr;Public;Export (CSV);Persist (CSV);No;;
FAM BG Process Queue;551966;customsearch_fam_processqueue;BG Queue Instance;Sophia Burr;Public;Export (CSV);Persist (CSV);No;;
FAM Component Asset Status;551966;customsearch_fam_component_assets_stat;FAM Asset;Sophia Burr;Public;Export (CSV);Persist (CSV);No;;
FAM Compound Assets - Values for Update;551966;customsearch_fam_compound_assets_vals;FAM Asset;Sophia Burr;Public;Export (CSV);Persist (CSV);No;;
FAM Compound Assets Search;551966;customsearch_fam_compound_assets;FAM Asset;Sophia Burr;Public;Export (CSV);Persist (CSV);No;;
FAM Default Alternate Depreciation Sublist View;551966;customsearch_fam_dvb_sublist_view;FAM Default Alt Depreciation;Sophia Burr;Public;Export (CSV);Persist (CSV);No;;
FAM Default Alternate Depreciation w/o Books;551966;customsearch_fam_defaltdepr_wo_books;FAM Default Alt Depreciation;Sophia Burr;Public;Export (CSV);Persist (CSV);No;;
FAM Depreciation History (Asset View);551966;customsearch_fam_assetdeprhist;FAM Depreciation History;Sophia Burr;Public;Export (CSV);Persist (CSV);No;Camilo Montano;22/05/2025 07:58
FAM Depreciation History Monthly DHRs;551966;customsearch_fam_deprmonthdhrs;FAM Depreciation History;Sophia Burr;Public;Export (CSV);Persist (CSV);No;;
FAM Depreciation History Monthly Summaries;551966;customsearch_fam_deprmonthsummaries;BG Summary Records;Sophia Burr;Public;Export (CSV);Persist (CSV);No;;
FAM Depreciation Method 1;551966;customsearch_ncfar_deprhistdm1;FAM Depreciation History;Sophia Burr;Public;Export (CSV);Persist (CSV);No;;
FAM Depreciation Method 2;551966;customsearch_ncfar_deprhistdm2;FAM Depreciation History;Sophia Burr;Public;Export (CSV);Persist (CSV);No;;
FAM Depreciation Method 3;551966;customsearch_ncfar_deprhistdm3;FAM Depreciation History;Sophia Burr;Public;Export (CSV);Persist (CSV);No;;
FAM Depreciation Method 4;551966;customsearch_ncfar_deprhistdm4;FAM Depreciation History;Sophia Burr;Public;Export (CSV);Persist (CSV);No;;
FAM Depreciation Method 5;551966;customsearch_ncfar_deprhistdm5;FAM Depreciation History;Sophia Burr;Public;Export (CSV);Persist (CSV);No;;
FAM Depreciation Method 6;551966;customsearch_ncfar_deprhistdm6;FAM Depreciation History;Sophia Burr;Public;Export (CSV);Persist (CSV);No;;
FAM Depreciation Method 7;551966;customsearch_ncfar_deprhistdm7;FAM Depreciation History;Sophia Burr;Public;Export (CSV);Persist (CSV);No;;
FAM Depreciation Method 8;551966;customsearch_ncfar_deprhistdm8;FAM Depreciation History;Sophia Burr;Public;Export (CSV);Persist (CSV);No;;
FAM Depreciation Method 9;551966;customsearch_ncfar_deprhistdm9;FAM Depreciation History;Sophia Burr;Public;Export (CSV);Persist (CSV);No;;
FAM Depreciation Monthly Report;551966;customsearch101_2;FAM Depreciation History;Sophia Burr;Public;Export (CSV);Persist (CSV);No;;
FAM Disposals;551966;customsearch_ncfar_disposals;FAM Asset;Sophia Burr;Public;Export (CSV);Persist (CSV);No;Camilo Montano;22/05/2025 07:57
FAM Expense/Income Detail View;551966;customsearch214;FAM Expense/Income;Sophia Burr;Public;Export (CSV);Persist (CSV);No;Sydney Walker;21/07/2026 06:19
FAM French Subsidiary Search;551966;customsearch_fam_fr_subsidiaries;Subsidiary;Sophia Burr;Public;Export (CSV);Persist (CSV);No;;
FAM History Records to Tally;551966;customsearch_fam_historytotally;FAM Depreciation History;Sophia Burr;Public;Export (CSV);Persist (CSV);No;;
FAM Inactive Lease Payments with Journal;551966;customsearch_fam_inactive_lpay_wjournal;Lease Payments;Sophia Burr;Public;Export (CSV);Persist (CSV);No;;
FAM Inspections Due;551966;customsearch_nbs_far_inspectiondue;FAM Asset;Sophia Burr;Public;Export (CSV);Persist (CSV);No;;
FAM Insurances Due;551966;customsearch_nbs_far_insurancedue;FAM Asset;Sophia Burr;Public;Export (CSV);Persist (CSV);No;;
FAM Journal of Lease;551966;customsearch_fam_lease_proposal_journal;Transaction;Sophia Burr;Public;Export (CSV);Persist (CSV);No;Felicity Michaels;9/02/2026 08:56
FAM Lease Payments Count Per Lease;551966;customsearch_fam_lease_pay_countperprop;Lease Payments;Sophia Burr;Public;Export (CSV);Persist (CSV);No;;
FAM Lease Payments for Interest Recognition;551966;customsearch_fam_lease_pay_recognizeint;Lease Payments;Sophia Burr;Public;Export (CSV);Persist (CSV);No;;
FAM Lease Payments for Schedule Generation;551966;customsearch_fam_lease_pay_generatesched;Lease Payments;Sophia Burr;Public;Export (CSV);Persist (CSV);No;;
FAM Lease Payments Search;551966;customsearch_fam_lease_payments;Lease Payments;Sophia Burr;Public;Export (CSV);Persist (CSV);No;;
FAM Lease Schedule Preview;551966;customsearch_fam_lease_prop_sched_prev;Transaction;Sophia Burr;Public;Export (CSV);Persist (CSV);No;;
FAM Migrating Lease;551966;customsearch_fam_lease_proposal_migrate;Transaction;Sophia Burr;Public;Export (CSV);Persist (CSV);No;;
FAM New Asset Search (internal);551966;customsearch_ncfar_newassetsearch;Transaction;Sophia Burr;Public;Export (CSV);Persist (CSV);No;Camilo Montano;22/05/2025 07:58
FAM Non-Posting Alternate Depreciation with Book;551966;customsearch_fam_altdepr_withbook;FAM Alternate Depreciation;Sophia Burr;Public;Export (CSV);Persist (CSV);No;;
FAM Non-Posting Default Alternate Depreciation with Book;551966;customsearch_fam_defaltdepr_withbook;FAM Default Alt Depreciation;Sophia Burr;Public;Export (CSV);Persist (CSV);No;Camilo Montano;27/05/2025 15:09
FAM Non-Posting Proposal Alternate Depreciation with Book;551966;customsearch_fam_propaltdepr_withbook;FAM Proposal Alt Depreciation;Sophia Burr;Public;Export (CSV);Persist (CSV);No;;
FAM Old Forecast Values;551966;customsearch_fam_oldforecastvalues;FAM Depreciation History;Sophia Burr;Public;Export (CSV);Persist (CSV);No;Camilo Montano;22/05/2025 07:54
FAM On-going BGPs;551966;customsearch_fam_ongoingbgps;Scheduled Script Instance;Sophia Burr;Public;Export (CSV);Persist (CSV);No;;
FAM On-going Process Records;551966;customsearch_fam_ongoingprocessrecord;FAM Process;Sophia Burr;Public;Export (CSV);Persist (CSV);No;-System-;17/08/2026 01:01
FAM On-going Process Scripts;551966;customsearch_fam_ongoingprocessscript;Scheduled Script Instance;Sophia Burr;Public;Export (CSV);Persist (CSV);No;-System-;16/08/2026 00:07
FAM Ongoing BG Process;551966;customsearch_fam_bgp_ongoing;BG Process Instance;Sophia Burr;Public;Export (CSV);Persist (CSV);No;;
FAM Processes To Display;551966;customsearch_fam_process_display;FAM Process;Sophia Burr;Public;Export (CSV);Persist (CSV);No;Felicity Michaels;18/03/2026 17:40
FAM Proposal Alternate Depreciation Sublist View;551966;customsearch_fam_pvb_sublist_view;FAM Proposal Alt Depreciation;Sophia Burr;Public;Export (CSV);Persist (CSV);No;;
FAM Proposal Alternate Depreciation w/o Books;551966;customsearch_fam_propaltdepr_wo_books;FAM Proposal Alt Depreciation;Sophia Burr;Public;Export (CSV);Persist (CSV);No;;
FAM Report Files;551966;customsearch_fam_reportfiles;Document;Sophia Burr;Public;Export (CSV);Persist (CSV);No;-System-;18/04/2026 15:01
FAM Running Process;551966;customsearch_fam_runningfpr;FAM Process;Sophia Burr;Public;Export (CSV);Persist (CSV);No;;
FAM Sale Item;551966;customsearch_fam_sale_item;Item;Sophia Burr;Public;Export (CSV);Persist (CSV);No;Camilo Montano;22/05/2025 07:57
FAM Schedule DHRs for Deletion;551966;customsearch_fam_scheduledhrdelete;FAM Depreciation History;Sophia Burr;Public;Export (CSV);Persist (CSV);No;;
FAM Search Assets;551966;customsearch_fam_asset_search;FAM Asset;Sophia Burr;Public;Export (CSV);Persist (CSV);No;;
FAM Search Histories;551966;customsearch_fam_history_search;FAM Depreciation History;Sophia Burr;Public;Export (CSV);Persist (CSV);No;;
FAM Search Histories (FPR);551966;customsearch_fam_history_search_fpr;FAM Depreciation History;Sophia Burr;Public;Export (CSV);Persist (CSV);No;-System-;18/03/2026 17:39
FAM Search History Without Book;551966;customsearch_fam_history_search_nobook;FAM Depreciation History;Sophia Burr;Public;Export (CSV);Persist (CSV);No;;
FAM Search Tax Methods;551966;customsearch_fam_taxmethod_search;FAM Alternate Depreciation;Sophia Burr;Public;Export (CSV);Persist (CSV);No;;
FAM Special Depreciation Journal;551966;customsearch_fam_specialdepr_jrn;Transaction;Sophia Burr;Public;Export (CSV);Persist (CSV);No;;
FAM Subsidiary Search;551966;customsearch_fam_subsidiary_search;Subsidiary;Sophia Burr;Public;Export (CSV);Persist (CSV);No;;
FAM Summary for Journal Creation;551966;customsearch_fam_summary_for_journal;BG Summary Records;Sophia Burr;Public;Export (CSV);Persist (CSV);No;Camilo Montano;22/05/2025 10:26
FAM Summary Records (Asset View);551966;customsearch_fam_summary_journal;BG Summary Records;Sophia Burr;Public;Export (CSV);Persist (CSV);No;Camilo Montano;22/05/2025 07:59
FAM Summary Records to Write;551966;customsearch_fam_summarytowrite;BG Summary Records;Sophia Burr;Public;Export (CSV);Persist (CSV);No;;
FAM Summary Without Journal;551966;customsearch_fam_summary_nojournal;BG Summary Records;Sophia Burr;Public;Export (CSV);Persist (CSV);No;;
FAM Tax Methods for Migration;551966;customsearch_fam_tax_migrateprecompute;FAM Alternate Depreciation;Sophia Burr;Public;Export (CSV);Persist (CSV);No;;
FAM Tax Methods to Depreciate;551966;customsearch_fam_depreciatetaxmethods;FAM Alternate Depreciation;Sophia Burr;Public;Export (CSV);Persist (CSV);No;;
FAM Updated Component Asset Values;551966;customsearch_fam_updated_assetvals;FAM Asset Values;Sophia Burr;Public;Export (CSV);Persist (CSV);No;Camilo Montano;21/05/2025 08:51
FEM ecall;;customsearch2943;Transaction;Camila Coca;Public;Export (CSV);Persist (CSV);No;Camilo Montano;19/05/2025 14:00
Field Populate - Last PP Date;;customsearch2121;Transaction;Blend ERP Login 1;Public;Export (CSV);Persist (CSV);No;Camilo Montano;17/08/2026 11:48
FIFO Inventory Aging;;customsearch_atlas_mfg_prm_fifo_inv_agin;Transaction;Sophia Burr;Public;Export (CSV);Persist (CSV);No;Camilo Montano;29/05/2025 11:06
File Cabinet Overview;;customsearch_atlas_file_cabinet_rpt;Document;Sophia Burr;Public;Export (CSV);Persist (CSV);No;Camilo Montano;30/05/2025 12:59
File Changes Log;;customsearch_atlas_file_chng_rem;Document;Sophia Burr;Public;Export (CSV);Persist (CSV);No;Camilo Montano;17/08/2026 08:52
First Time Orders ;;customsearchtransactiondefaultview_12;Transaction;Camila Coca;Public;Export (CSV);Persist (CSV);No;Camilo Montano;20/06/2025 13:45
Get All Items for ECO;47193;customsearch_scm_eco_get_all_items;Item;Sophia Burr;Public;Export (CSV);Persist (CSV);No;;
Get Value [WORKFLOW];;customsearch4789;Customer;Holden Witt;Public;Export (CSV);Persist (CSV);No;Holden Witt;15/06/2026 10:48
Global Bill Payment Batches;533070;customsearch_17801_global_paymnt_batches;Payment File Administration;Kris Bevans;Public;Export (CSV);Persist (CSV);No;;
Global Employee List;;customsearch_atlas_global_employee;Employee;Sophia Burr;Public;Export (CSV);Persist (CSV);No;Aaron T Luke;31/07/2025 10:37
Goods Received Not Invoiced;;customsearch_atlas_receiv_no_invoice_rpt;Transaction;Sophia Burr;Public;Export (CSV);Persist (CSV);No;;
Gross Margin by Item;;customsearch_atlas_gross_margin_item_rpt;Item;Sophia Burr;Public;Export (CSV);Persist (CSV);No;Matt Gapinski;6/08/2026 09:16
Gross Profit & Cost Report;;customsearch_atlas_gross_profit_rpt;Transaction;Sophia Burr;Public;Export (CSV);Persist (CSV);No;;
Gross Profit Average;;customsearch_atlas_avg_gp_kpi;Transaction;Sophia Burr;Public;Export (CSV);Persist (CSV);No;;
Gross Profit by Customer Report;;customsearch_atlas_gross_profit_cu_rpt;Transaction;Sophia Burr;Public;Export (CSV);Persist (CSV);No;;
Gross Profit by Item Report;;customsearch_atlas_gp_item_rpt;Transaction;Sophia Burr;Public;Export (CSV);Persist (CSV);No;;
Gross Profit by Open Quotes Report;;customsearch_atlas_gp_open_opp_rpt;Transaction;Sophia Burr;Public;Export (CSV);Persist (CSV);No;;
Gross Profit by Sales Order Report;;customsearch_atlas_gp_so_rpt;Transaction;Sophia Burr;Public;Export (CSV);Persist (CSV);No;Camilo Montano;30/05/2025 13:16
Gross Profit by Sales Team Report;;customsearch_atlas_gp_sales_rep_rpt;Transaction;Sophia Burr;Public;Export (CSV);Persist (CSV);No;Camilo Montano;30/05/2025 13:19
Gross Profit per Location;;customsearch_atlas_gp_per_location_kpi;Transaction;Sophia Burr;Public;Export (CSV);Persist (CSV);No;;
High Priority Cases;;customsearch_atlas_highprioritycases_rpt;Case;Sophia Burr;Public;Export (CSV);Persist (CSV);No;;
High Priority Cases Awaiting Reply;;customsearch_atlas_await_reply_rem;Case;Sophia Burr;Public;Export (CSV);Persist (CSV);No;;
High Risk Report [EMAIL];;customsearch_mhi_vox_item_qtys_2_2;Item;Holden Witt;Public;Export (CSV);Persist (CSV);Yes;Holden Witt;15/08/2026 02:00
Hired Employees;;customsearch_atlas_hire_emp_kpi;Employee;Sophia Burr;Public;Export (CSV);Persist (CSV);No;;
Historical Item Sales;;customsearch_atlas_hist_sales_sblist;Item;Sophia Burr;Public;Export (CSV);Persist (CSV);No;Justin Cobbley;14/08/2026 06:12
Hydration - Fruit Punch Labels;;customsearch4327;Item;Camilo Montano;Public;Export (CSV);Persist (CSV);No;Camilo Montano;26/02/2026 13:39
IA - Upload Template;;customsearch3679;Inventory Balance;Adrian Palmar;Public;Export (CSV);Persist (CSV);No;Matt Gapinski;13/05/2026 07:12
IAW Certain Customers;240841;customsearch_iaw_certain_customers;Transaction;Sophia Burr;Public;Export (CSV);Persist (CSV);No;;
IF item search;591665;customsearch_packship_if_itemids;Transaction;Kris Bevans;Public;Export (CSV);Persist (CSV);No;;
Implementation Risks (Open-Dashboard) ;39609;customsearchcustsearch_ns_pm_risks_view3;Project Risks;Sophia Burr;Public;Export (CSV);Persist (CSV);No;;
Implementation-Action-Items (Open-Dashboard);39609;customsearch_ns_ps_action_it;Action Items;Sophia Burr;Public;Export (CSV);Persist (CSV);No;;
In Process Work Orders;;customsearch_atlas_wip_kpi;Transaction;Sophia Burr;Public;Export (CSV);Persist (CSV);No;Camilo Montano;19/06/2025 11:35
Incoming Snapshot;;customsearch_atlas_open_pos_rpt_15;Transaction;Alisa Farnsworth;Public;Export (CSV);Persist (CSV);No;Alisa Farnsworth;20/06/2025 08:47
Inventory Adjustment Detail;;customsearch_atlas_invadjust_detail_rpt;Transaction;Sophia Burr;Public;Export (CSV);Persist (CSV);No;Aaron T Luke;27/05/2025 11:20
Inventory Adjustments (Dollar Amount);;customsearch4212;Transaction;Adrian Palmar;Public;Export (CSV);Persist (CSV);No;Ryan Espinoza;23/07/2026 07:33
Inventory Adjustments (Dollar Amount) Weekly;;customsearch4278;Transaction;Adrian Palmar;Public;Export (CSV);Persist (CSV);No;Diego W Moreno;6/02/2026 08:12
Inventory Aging;;customsearch_atlas_inv_aging_rpt;Transaction;Sophia Burr;Public;Export (CSV);Persist (CSV);No;Camilo Montano;24/06/2025 07:41
Inventory Consumption;;customsearch_atlas_total_assy_mnth_rpt_2;Transaction;Adrian Palmar;Public;Export (CSV);Persist (CSV);No;Camilo Montano;5/08/2026 08:06
Inventory Cost;;customsearch_mhi_vox_item_qtys_2_2_2;Item;Holden Witt;Public;Export (CSV);Persist (CSV);No;Holden Witt;1/06/2026 07:45
Inventory Detail by Lot / Bin;;customsearch_atlas_inv_detail_lotbin_rpt;Inventory and Bin Numbers;Sophia Burr;Public;Export (CSV);Persist (CSV);No;Camilo Montano;27/05/2025 14:59
Inventory Detail by Lot / Bin w Aging;;customsearch_atlas_inv_lot_aging_rpt;Inventory and Bin Numbers;Sophia Burr;Public;Export (CSV);Persist (CSV);No;Ashley Quintana;2/09/2025 15:02
Inventory Forecast Report;;customsearch_atlas_inv_forecast_rpt;Item;Sophia Burr;Public;Export (CSV);Persist (CSV);No;Shelby DeCol;8/11/2023 15:19
Inventory Number Lookup;;customsearch3680;Transaction;Adrian Palmar;Public;Export (CSV);Persist (CSV);No;Adrian Palmar;6/02/2026 10:20
Inventory On Hand at Period of Time;;customsearch_atlas_inv_on_hand_rpt;Transaction;Sophia Burr;Public;Export (CSV);Persist (CSV);No;Ryan Espinoza;18/06/2026 15:26
Inventory Risk Analysis - Allocation;;customsearch3708;Inventory Balance;Adrian Palmar;Public;Export (CSV);Persist (CSV);No;Shelby DeCol;5/09/2025 06:04
Inventory Risk Analysis - Allocation - Shelby;;customsearch3818;Inventory Balance;Shelby DeCol;Public;Export (CSV);Persist (CSV);No;Shelby DeCol;5/08/2025 09:26
Inventory Risk Analysis - Allocation, Available, Back Ordered;;customsearch3930;Inventory Balance;Shelby DeCol;Public;Export (CSV);Persist (CSV);No;Shelby DeCol;8/05/2026 13:51
Inventory Risk Analysis - Custom Formula;;customsearch3707;Item;Adrian Palmar;Public;Export (CSV);Persist (CSV);Yes;Shelby DeCol;5/08/2026 05:36
Inventory Risk Analysis - Item Stock Type;;customsearch4069;Item;Shelby DeCol;Public;Export (CSV);Persist (CSV);Yes;Shelby DeCol;5/08/2026 05:38
Inventory Risk Analysis Report;;customsearch3710;Item;Shelby DeCol;Public;Export (CSV);Persist (CSV);No;Shelby DeCol;10/07/2025 16:47
Inventory Stock Status Detail;;customsearch_atlas_inv_stock_detail_rpt;Transaction;Sophia Burr;Public;Export (CSV);Persist (CSV);No;Camilo Montano;23/05/2025 09:48
Inventory Stock Status Summary;;customsearch_atlas_inv_stock_sum_rpt;Item;Sophia Burr;Public;Export (CSV);Persist (CSV);No;Camilo Montano;23/05/2025 09:49
Inventory Turnover;;customsearch_atlas_inventoryturn_kpi;Transaction;Sophia Burr;Public;Export (CSV);Persist (CSV);No;Camilo Montano;23/05/2025 09:39
Inventory Value;;customsearch_atlas_inv_value_kpi;Item;Sophia Burr;Public;Export (CSV);Persist (CSV);No;Camilo Montano;23/06/2025 15:00
Inventory | OOS;;customsearch3759;Item;Adrian Palmar;Public;Export (CSV);Persist (CSV);No;Camilo Montano;22/07/2025 07:14
Invoice and Credit Memo Review;;customsearch4325;Transaction;Matt Gapinski;Public;Export (CSV);Persist (CSV);Yes;Felicity Michaels;17/08/2026 11:49
Invoice Auto Email [WORKFLOW];;customsearch4941;Transaction;Holden Witt;Public;Export (CSV);Persist (CSV);No;Holden Witt;13/07/2026 09:54
Invoice Lookup;;customsearch_atlas_inv_lookup;Transaction;Sophia Burr;Public;Export (CSV);Persist (CSV);No;Felicity Michaels;13/08/2026 11:30
Invoices > 30 Days > 50K;;customsearch_atlas_inv_over30d_100k_rem;Transaction;Sophia Burr;Public;Export (CSV);Persist (CSV);No;Emily Gray;17/08/2026 11:00
Is Multi Ship To Search;591665;customsearch_packship_multishiptosearch;Transaction;Kris Bevans;Public;Export (CSV);Persist (CSV);No;;
Item Audit Report;;customsearch_atlas_sales_item_audit_rpt;Item;Sophia Burr;Public;Export (CSV);Persist (CSV);No;Camilo Montano;22/05/2025 11:37
Item Availability Search [SCRIPT];;customsearch_item_availability_sl_2_2;Item;Holden Witt;Public;Export (CSV);Persist (CSV);No;Holden Witt;6/08/2026 08:35
Item Demand Plan;;customsearch_atlas_item_demand_pln_rpt;Item Demand Plan;Sophia Burr;Public;Export (CSV);Persist (CSV);No;Labeling Department;12/08/2026 08:35
Item Description Change Audit;;customsearch_atlas_sales_item_change_rpt;Item;Sophia Burr;Public;Export (CSV);Persist (CSV);No;;
Item Fulfillment Lookup;;customsearch_atlas_item_ful_lookup;Transaction;Sophia Burr;Public;Export (CSV);Persist (CSV);No;Shipping Team;8/08/2025 06:19
Item Last Purchase Price by Item Stock Type.;;customsearch3665;Item;Shelby DeCol;Public;Export (CSV);Persist (CSV);No;Justin  Hapler;12/08/2026 08:30
Item Price Change;;customsearch_atlas_item_price_change_rpt;Item;Sophia Burr;Public;Export (CSV);Persist (CSV);No;Ashley Quintana;18/02/2026 09:57
Item Purchase Description Change Audit;;customsearch_atlas_prch_item_chng_rpt;Item;Sophia Burr;Public;Export (CSV);Persist (CSV);No;;
Item Purchase History by Customer;;customsearch_atlas_item_custmr_rpt;Transaction;Sophia Burr;Public;Export (CSV);Persist (CSV);No;;
Item Quantity Sold per Month Based On Sales Order;;customsearch_atlas_qty_sold_mnth_sblist;Transaction;Sophia Burr;Public;Export (CSV);Persist (CSV);No;Justin Cobbley;14/08/2026 06:12
Item Rank;;customsearch_atlas_item_rank_rpt;Transaction;Sophia Burr;Public;Export (CSV);Persist (CSV);No;;
Item Receipt Inventory GL Transactions ($100K+);;customsearch3569;Transaction;Adrian Palmar;Public;Export (CSV);Persist (CSV);No;Melissa Nicholls;27/03/2025 09:50
Item Return Reason Summary;;customsearch_sdf_return_summary_grph;Transaction;Sophia Burr;Public;Export (CSV);Persist (CSV);No;;
Item Sales Description Change Audit;;customsearch_atlas_sales_descrb_chng_rpt;Item;Sophia Burr;Public;Export (CSV);Persist (CSV);No;Camilo Montano;28/05/2025 11:35
Item Sales History;;customsearch_atlas_item_sales_hist_rpt;Item;Sophia Burr;Public;Export (CSV);Persist (CSV);No;;
Item Supply Plan;;customsearch_atlas_item_supply_pln_rpt;Item Supply Plan;Sophia Burr;Public;Export (CSV);Persist (CSV);No;Labeling Department;12/08/2026 08:35
Item Temp Search;;customsearch4945;Item;Holden Witt;Public;Export (CSV);Persist (CSV);No;Holden Witt;10/07/2026 13:22
Items By Type;;customsearch_atlas_itemtype_rpt;Item;Sophia Burr;Public;Export (CSV);Persist (CSV);No;;
Items Ordered within the Last 24 Hours;;customsearch_atlas_itemsorderwnlast24h;Transaction;Sophia Burr;Public;Export (CSV);Persist (CSV);No;;
Items Received - Graph;;customsearch_atlas_vpi_ord_received_grph;Transaction;Sophia Burr;Public;Export (CSV);Persist (CSV);No;;
Items Sold Versus Items Returned;;customsearch_atlas_item_sold_vs_rtrn_rpt;Transaction;Sophia Burr;Public;Export (CSV);Persist (CSV);No;;
Items to Order;;customsearch_atlas_items_to_order_rpt;Item;Sophia Burr;Public;Export (CSV);Persist (CSV);No;;
Items with Bins;;customsearch_atlas_item_bins_rpt;Item;Sophia Burr;Public;Export (CSV);Persist (CSV);No;Camilo Montano;23/06/2025 10:29
Items with No Standard Cost;;customsearch_atlas_zerostd_rpt;Item;Sophia Burr;Public;Export (CSV);Persist (CSV);No;Camilo Montano;23/05/2025 09:38
Items with Recent Cost Increase;;customsearch_atlas_item_cost_incr_rpt;Item;Sophia Burr;Public;Export (CSV);Persist (CSV);No;Camilo Montano;20/05/2025 14:40
Items without Related Transaction;;customsearch_atlas_items_no_trans_rpt;Item;Sophia Burr;Public;Export (CSV);Persist (CSV);No;;
KPI | Open Balance (PO) TOP High Dollar;;customsearch2794;Transaction;Adrian Palmar;Public;Export (CSV);Persist (CSV);No;Justin  Hapler;29/05/2026 09:59
KPI | Past Due Line Items (POs);;customsearch2793;Transaction;Adrian Palmar;Public;Export (CSV);Persist (CSV);No;Justin  Hapler;17/08/2026 09:09
KPI | Quotes;;customsearch4084;Transaction;Adrian Palmar;Public;Export (CSV);Persist (CSV);No;Adrian Palmar;13/01/2026 10:12
KPI | VRMA Open Balance;;customsearch2815;Transaction;Adrian Palmar;Public;Export (CSV);Persist (CSV);No;Justin  Hapler;17/08/2026 10:43
KPI | WIP Revenue;;customsearch4213;Transaction;Adrian Palmar;Public;Export (CSV);Persist (CSV);No;Ryan Espinoza;23/07/2026 07:33
Label QA | KAYA Labels;;customsearch2991;Transaction;Camila Coca;Public;Export (CSV);Persist (CSV);No;Camilo Montano;25/06/2026 11:11
Label QA | List of Active Label;;customsearch3809;Item;Aaron T Luke;Public;Export (CSV);Persist (CSV);No;Aaron T Luke;4/08/2025 08:45
Label Quantities of parts 13054 and 14569 (Turmeric w/Bioperine);;customsearch3756;Item;Aaron T Luke;Public;Export (CSV);Persist (CSV);No;Camilo Montano;23/07/2025 08:14
Labeling | Open WO;;customsearch_mb_wo_committed_3;Transaction;Adrian Palmar;Public;Export (CSV);Persist (CSV);No;Labeling Department;17/08/2026 11:40
Landed Cost Template;47193;customsearch_scm_lc_profile_list;Landed Cost Template;Sophia Burr;Public;Export (CSV);Persist (CSV);No;Adrian Palmar;14/12/2023 07:11
Landed Cost Template Mapping;47193;customsearch_scm_lc_item_map;Landed Cost Template Mapping;Sophia Burr;Public;Export (CSV);Persist (CSV);No;Tera T Sadler;15/12/2023 07:09
Last Purchase Price (Field);;customsearch3421;Item;Adrian Palmar;Public;Export (CSV);Persist (CSV);No;Camilo Montano;17/08/2026 11:48
Last SO Date by Customer;;customsearch3744;Customer;Adrian Palmar;Public;Export (CSV);Persist (CSV);No;Camilo Montano;25/07/2025 07:57
Late Drop Ship Orders;;customsearch_atlas_late_dropship_rem;Transaction;Sophia Burr;Public;Export (CSV);Persist (CSV);No;Ryan Espinoza;17/08/2026 10:30
Late or Partially Received Orders by Vendor;;customsearch_atlas_ap_late_po_kpi;Transaction;Sophia Burr;Public;Export (CSV);Persist (CSV);No;Ryan Espinoza;24/02/2026 09:17
Late Purchase Order Lines;;customsearch_atlas_late_po_lines;Transaction;Sophia Burr;Public;Export (CSV);Persist (CSV);No;Emilio Dominguez;17/08/2026 11:22
Late Sales Order Report;;customsearch_atlas_late_so;Transaction;Sophia Burr;Public;Export (CSV);Persist (CSV);No;;
Late Shipped Orders;;customsearch_atlas_late_shipped_so;Transaction;Sophia Burr;Public;Export (CSV);Persist (CSV);No;Emilio Dominguez;17/08/2026 11:22
Latest PO Date by Supplier;;customsearch4971;Transaction;Holden Witt;Public;Export (CSV);Persist (CSV);No;Holden Witt;22/07/2026 13:35
Latest PO Date by Supplier [All Lines];;customsearch4991;Transaction;Holden Witt;Public;Export (CSV);Persist (CSV);No;Holden Witt;22/07/2026 13:38
Lead Lookup;;customsearch_atlas_lead_lookup_list;Customer;Sophia Burr;Public;Export (CSV);Persist (CSV);No;Steven Kim;8/07/2025 16:34
Lead Source;;customsearch_atlas_lead_source_rank_rpt;Customer;Sophia Burr;Public;Export (CSV);Persist (CSV);No;;
Lead Source - KPI;;customsearch_atlas_lead_source_kpi;Customer;Sophia Burr;Public;Export (CSV);Persist (CSV);No;;
Lead to Customer Conversion Rate;;customsearch_atlas_lead_cust_rate_rpt;Customer;Sophia Burr;Public;Export (CSV);Persist (CSV);No;;
Lease Liability Detail Report;551966;customsearch_fam_leaseliabdetail;Transaction;Sophia Burr;Public;Export (CSV);Persist (CSV);No;;
Leases;551966;customsearch_lease_prop_view;Transaction;Sophia Burr;Public;Export (CSV);Persist (CSV);No;Felicity Michaels;6/02/2026 13:51
Line Item Fill Rate;;customsearch_atlas_fill_line_rpt;Transaction;Sophia Burr;Public;Export (CSV);Persist (CSV);No;;
Linked Drop Ship Orders;;customsearch_atlas_link_ds_rpt;Transaction;Sophia Burr;Public;Export (CSV);Persist (CSV);No;;
Location Transactions search;;customsearch4196;Transaction;Aaron T Luke;Public;Export (CSV);Persist (CSV);No;Jennilyn Tockstein;6/01/2026 09:06
Login Failures;;customsearch_atlas_login_failure_rem;Login Audit Trail;Sophia Burr;Public;Export (CSV);Persist (CSV);No;;
Long Term Lease Liability Report;551966;customsearch_fam_longterm_leaseliab;Lease Payments;Sophia Burr;Public;Export (CSV);Persist (CSV);No;;
Lost Customers;;customsearch_atlas_lost_cust_rpt;Customer;Sophia Burr;Public;Export (CSV);Persist (CSV);No;Taylor Yates;12/02/2026 18:08
Lot expiration date update;;customsearch_vox_expiration_date;Inventory Numbers;Lara Zidine;Public;Export (CSV);Persist (CSV);No;Camilo Montano;27/05/2025 13:19
Lots Nearing Expiration;;customsearch_atlas_lots_expire_rpt;Inventory Numbers;Sophia Burr;Public;Export (CSV);Persist (CSV);No;Paul Eischens;30/05/2025 06:57
Manufacturing Routing by Location;;customsearch_atlas_mfgroutingbyloc_rpt;Manufacturing Routing;Sophia Burr;Public;Export (CSV);Persist (CSV);No;;
Manufacturing | Blends Completed;;customsearch4023;Transaction;Aaron T Luke;Public;Export (CSV);Persist (CSV);No;Labeling Department;22/07/2026 13:04
Material Commitment Report;;customsearch_atlas_material_commit_rpt;Transaction;Sophia Burr;Public;Export (CSV);Persist (CSV);No;Camilo Montano;23/05/2025 09:44
Material Shortage Report;;customsearch_atlas_materialshort_det_rpt;Transaction;Sophia Burr;Public;Export (CSV);Persist (CSV);No;Camilo Montano;23/05/2025 09:38
MB - System Notes Audit Log;;customsearch_atlas_systemnotes_rpt_2;System Note;Data Ninja Support;Public;Export (CSV);Persist (CSV);No;Data Ninja Support;5/03/2024 15:15
Mfg Mobile - Accounting Periods;592320;customsearch_mfgmob_accountingperiods;Accounting Period;Sophia Burr;Public;Export (CSV);Persist (CSV);No;;
Mfg Mobile - Assembly Component Search;592320;customsearch_mfgmob_assembly_comp;Item;Kris Bevans;Public;Export (CSV);Persist (CSV);No;;
Mfg Mobile - Bin Control Inventory;592320;customsearch_mfgmob_bincontrolinventory;Item;Sophia Burr;Public;Export (CSV);Persist (CSV);No;;
Mfg Mobile - Bin Non-Control Inventory;592320;customsearch_mfgmob_binnoncontrolinv;Item;Sophia Burr;Public;Export (CSV);Persist (CSV);No;;
Mfg Mobile - BOM Revision Component Search;592320;customsearch_mfgmob_bomrev_comp;Bill of Materials Revision;Kris Bevans;Public;Export (CSV);Persist (CSV);No;;
Mfg Mobile - Build  Work Orders by Work ID;592320;customsearch_mfgmob_buildworkorderbywork;Mfg Mobile - Work Transactions Details;Sophia Burr;Public;Export (CSV);Persist (CSV);No;Data Ninja;17/08/2026 11:48
Mfg Mobile - Build Item Search;592320;customsearch_mfgmob_builditemsearch;Item;Sophia Burr;Public;Export (CSV);Persist (CSV);No;;
Mfg Mobile - Build Material Consumption Search;592320;customsearch_mfgmob_buildconsumptions;Mfg Mobile - Material Consumption;Sophia Burr;Public;Export (CSV);Persist (CSV);No;;
Mfg Mobile - Build Production Reporting Search;592320;customsearch_mfgmob_buildprodreporting;Mfg Mobile - Production Reporting;Sophia Burr;Public;Export (CSV);Persist (CSV);No;;
Mfg Mobile - Build Work Details;592320;customsearch_mfgmob_buildworkdetails;Mfg Mobile - Work Details;Sophia Burr;Public;Export (CSV);Persist (CSV);No;;
Mfg Mobile - Build Work Order Details;592320;customsearch_mfgmob_buildworkorders;Transaction;Sophia Burr;Public;Export (CSV);Persist (CSV);No;;
Mfg Mobile - Consumption Quantity Details;592320;customsearch_mfgmob_consumptionqtydet;Mfg Mobile - Material Consumption;Sophia Burr;Public;Export (CSV);Persist (CSV);No;Adrian Palmar;24/07/2025 11:49
Mfg Mobile - Conventional Work Order Details;592320;customsearch_mfgmob_workorderdetails;Transaction;Sophia Burr;Public;Export (CSV);Persist (CSV);No;;
Mfg Mobile - Conventional Work Order Line item Details;592320;customsearch_mfgmob_workorderlineitems;Transaction;Sophia Burr;Public;Export (CSV);Persist (CSV);No;;
Mfg Mobile - Conventional Work Order Line Items;592320;customsearch_mfgmob_convworkorderlines;Transaction;Sophia Burr;Public;Export (CSV);Persist (CSV);No;;
Mfg Mobile - Inventory Balance;592320;customsearch_mfgmob_inventorybalance;Inventory Balance;Sophia Burr;Public;Export (CSV);Persist (CSV);No;;
Mfg Mobile - Location List;592320;customsearch_mfgmob_locationlist;Location;Sophia Burr;Public;Export (CSV);Persist (CSV);No;;
Mfg Mobile - Material Consumption by Shift;592320;customsearch_mfgmob_consumptionbyshift;Mfg Mobile - Material Consumption;Sophia Burr;Public;Export (CSV);Persist (CSV);No;;
Mfg Mobile - Non-Bin Control Inventory;592320;customsearch_mfgmob_nobincontrolinventor;Item;Sophia Burr;Public;Export (CSV);Persist (CSV);No;;
Mfg Mobile - Non-Bin Non-Control Inventory;592320;customsearch_mfgmob_nonbinnoncontrolinv;Item;Sophia Burr;Public;Export (CSV);Persist (CSV);No;;
Mfg Mobile - Open Work Details;592320;customsearch_mfgmob_openworkdetails;Mfg Mobile - Work Transactions Details;Sophia Burr;Public;Export (CSV);Persist (CSV);No;;
Mfg Mobile - Open Work Order Details;592320;customsearch_mfgmob_openworkorderdetails;Transaction;Sophia Burr;Public;Export (CSV);Persist (CSV);No;Taylor Wach;15/09/2025 08:30
Mfg Mobile - Open Work Report;592320;customsearch_mfgmob_openworkreport;Mfg Mobile - Work Details;Sophia Burr;Public;Export (CSV);Persist (CSV);No;;
Mfg Mobile - Open Works;592320;customsearch_mfgmob_openworks;Mfg Mobile - Work Details;Sophia Burr;Public;Export (CSV);Persist (CSV);No;;
Mfg Mobile - Production Reporting;592320;customsearch_mfgmob_productionreporting;Mfg Mobile - Production Reporting;Sophia Burr;Public;Export (CSV);Persist (CSV);No;;
Mfg Mobile - Production Reporting by Shift;592320;customsearch_mfgmob_productionbyshift;Mfg Mobile - Production Reporting;Sophia Burr;Public;Export (CSV);Persist (CSV);No;;
Mfg Mobile - SA Assembly Search;592320;customsearch_mfgmob_sa_assemblysearch;Item;Sophia Burr;Public;Export (CSV);Persist (CSV);No;;
Mfg Mobile - Select Component Routing;592320;customsearch_mfgmob_selectcomponentrout;Transaction;Sophia Burr;Public;Export (CSV);Persist (CSV);No;;
Mfg Mobile - Select Component Search;592320;customsearch_mfgmob_selectcomponent;Transaction;Sophia Burr;Public;Export (CSV);Persist (CSV);No;;
Mfg Mobile - Shift List;592320;customsearch_mfgmob_shiftlist;Mfg Mobile - Shift;Sophia Burr;Public;Export (CSV);Persist (CSV);No;;
Mfg Mobile - Validate Component Search;592320;customsearch_mfgmob_validatecomponents;Transaction;Sophia Burr;Public;Export (CSV);Persist (CSV);No;;
Mfg Mobile - Validate Work Order;592320;customsearch_mfgmob_validateworkorder;Transaction;Sophia Burr;Public;Export (CSV);Persist (CSV);No;;
Mfg Mobile - View Work Messages;592320;customsearch_mfgmob_viewworkmessages;Mfg Mobile - Work Messages;Sophia Burr;Public;Export (CSV);Persist (CSV);No;;
Mfg Mobile - Work Centers List;592320;customsearch_mfgmob_workcenterslist;Group;Sophia Burr;Public;Export (CSV);Persist (CSV);No;Camilo Montano;22/05/2025 11:23
Mfg Mobile - Work Details Search;592320;customsearch_mfgmob_workdetails;Mfg Mobile - Work Details;Sophia Burr;Public;Export (CSV);Persist (CSV);No;;
Mfg Mobile - Work Messages Search;592320;customsearch_mfgmob_workmessagesearch;Mfg Mobile - Work Messages;Sophia Burr;Public;Export (CSV);Persist (CSV);No;;
Mfg Mobile - Work Order Search;592320;customsearch_mfgmob_workorderbystartdate;Transaction;Kris Bevans;Public;Export (CSV);Persist (CSV);No;;
MHI  XB Error Handling Default View;500579;customsearch958;XB Error Handling;Integration MHI;Public;Export (CSV);Persist (CSV);No;;
MHI Boomi Error Log Default View;500579;customsearch948;Boomi Error Log;Integration MHI;Public;Export (CSV);Persist (CSV);No;;
MHI | All Items Integration Salesforce Product;;customsearch2263;Item;Integration MHI;Public;Export (CSV);Persist (CSV);No;Camilo Montano;30/05/2025 12:16
MHI | All Quotes with Integration Status;;customsearch2445;Transaction;Integration MHI;Public;Export (CSV);Persist (CSV);No;Camilo Montano;29/05/2025 12:55
MHI | All Sales Orders with Integration Status;;customsearch2444;Transaction;Integration MHI;Public;Export (CSV);Persist (CSV);No;Camilo Montano;29/05/2025 11:06
MHI | Contact Search;;customsearch2320;Contact;Integration MHI;Public;Export (CSV);Persist (CSV);No;Camilo Montano;29/05/2025 13:32
MHI | Customer Search;;customsearch2319;Customer;Integration MHI;Public;Export (CSV);Persist (CSV);No;Camilo Montano;30/05/2025 13:30
MHI | Employee Search;;customsearch2325;Employee;Integration MHI;Public;Export (CSV);Persist (CSV);No;Camilo Montano;16/06/2025 15:23
MHI | GIANT Label Internal PO;;customsearch_mhi_giant_label_internal_po;Item;Lara Zidine;Public;Export (CSV);Persist (CSV);No;Camilo Montano;29/05/2025 13:24
MHI | Integration Quotes;;customsearch2357;Transaction;Integration MHI;Public;Export (CSV);Persist (CSV);No;Camilo Montano;29/05/2025 13:27
MHI | Integration Quotes and Sales Orders - Headers;;customsearch2256;Transaction;Integration MHI;Public;Export (CSV);Persist (CSV);No;Camilo Montano;29/05/2025 12:59
MHI | Integration Quotes: should be Ready to Integrate;;customsearch2443;Transaction;Integration MHI;Public;Export (CSV);Persist (CSV);No;Camilo Montano;29/05/2025 12:58
MHI | Integration Sales Orders should be Ready to Integrate;;customsearch2410;Transaction;Integration MHI;Public;Export (CSV);Persist (CSV);No;Camilo Montano;29/05/2025 11:05
MHI | Test Customer Address integration;;customsearch2365;Customer;Integration MHI;Public;Export (CSV);Persist (CSV);No;Camilo Montano;29/05/2025 12:54
Milestone Tasks Due this Month;39609;customsearch164;Project Task;Sophia Burr;Public;Export (CSV);Persist (CSV);No;;
Missing Items Quantity;;customsearch3442;Item;Aaron T Luke;Public;Export (CSV);Persist (CSV);No;Aaron T Luke;17/08/2026 08:09
Mobile - Account Preference Search;590761;customsearch_mobile_account_preferences;Mobile - Account Preference;Sophia Burr;Public;Export (CSV);Persist (CSV);No;;
Mobile - Action Output Parameter Search;590761;customsearch_mobile_action_output_config;Mobile - Output Parameter;Sophia Burr;Public;Export (CSV);Persist (CSV);No;Data Ninja;8/03/2026 08:11
Mobile - Action Search;590761;customsearch_mobile_actions;Mobile - Action;Sophia Burr;Public;Export (CSV);Persist (CSV);No;Data Ninja;8/03/2026 08:11
Mobile - Application Default Search;590761;customsearch_mobile_app_defaults;Mobile - Application Default;Sophia Burr;Public;Export (CSV);Persist (CSV);No;Data Ninja;8/03/2026 08:13
Mobile - Application Restlet Search;590761;customsearch_mobile_app_restlet_config;Mobile - Application Restlet;Sophia Burr;Public;Export (CSV);Persist (CSV);No;Data Ninja;8/03/2026 08:11
Mobile - Configuration Page Search;590761;customsearch_mobile_fetch_config_pages;Mobile - Page;Sophia Burr;Public;Export (CSV);Persist (CSV);No;;
Mobile - Configuration Search;590761;customsearch_mobile_config_injection;Mobile - Configuration;Sophia Burr;Public;Export (CSV);Persist (CSV);No;;
Mobile - Custom Column Merge Criteria Search;590761;customsearch_mobile_config_col_grp_mer_2;Mobile - Custom Column Setup;Sophia Burr;Public;Export (CSV);Persist (CSV);No;;
Mobile - Custom Column Search;590761;customsearch_mobile_config_col_grp_col_2;Mobile - Custom Column Setup;Sophia Burr;Public;Export (CSV);Persist (CSV);No;;
Mobile - Destination Config Location Search;590761;customsearch_mobile_config_dest_location;Document;Sophia Burr;Public;Export (CSV);Persist (CSV);No;Data Ninja;8/03/2026 08:13
Mobile - Destination Index Location;590761;customsearch_mobile_index_dest_location;Document;Sophia Burr;Public;Export (CSV);Persist (CSV);No;Data Ninja;1/05/2024 12:45
Mobile - Export Config Location Search;590761;customsearch_mobile_export_config_locati;Document;Sophia Burr;Public;Export (CSV);Persist (CSV);No;;
Mobile - Home Path Search;590761;customsearch_mobile_home_path;Document;Sophia Burr;Public;Export (CSV);Persist (CSV);No;Data Ninja;8/03/2026 08:11
Mobile - Imported Process Search;590761;customsearch_mobile_imported_process;Mobile - Imported Process;Sophia Burr;Public;Export (CSV);Persist (CSV);No;Data Ninja;8/03/2026 08:13
Mobile - Independent Page Mapping Search;590761;customsearch_mobile_ind_page_mapping;Mobile - Page Mapping;Sophia Burr;Public;Export (CSV);Persist (CSV);No;Data Ninja;8/03/2026 08:11
Mobile - Label Search;590761;customsearch_mobile_labels_search;Mobile - Label;Sophia Burr;Public;Export (CSV);Persist (CSV);No;Data Ninja;8/03/2026 08:13
Mobile - Labeler ID Search;590761;customsearch_mobile_lic_search;Mobile - Labeler ID;Sophia Burr;Public;Export (CSV);Persist (CSV);No;Aaron T Luke;30/07/2025 10:13
Mobile - Log Folder Search;590761;customsearch_mobile_log_folder;Document;Sophia Burr;Public;Export (CSV);Persist (CSV);No;-System-;17/08/2026 00:01
Mobile - Menu Item Search;590761;customsearch_mobile_menu;Mobile - Menu Item;Sophia Burr;Public;Export (CSV);Persist (CSV);No;Data Ninja;8/03/2026 08:11
Mobile - Message Search;590761;customsearch_mobile_message_search;Mobile - Message;Sophia Burr;Public;Export (CSV);Persist (CSV);No;Data Ninja;8/03/2026 08:12
Mobile - No Code Settings Search;590761;customsearch_mobile_no_code_configuratio;Mobile - Page Element;Kris Bevans;Public;Export (CSV);Persist (CSV);No;Data Ninja;8/03/2026 08:11
Mobile - Page Element Search;590761;customsearch_mobile_page_elements;Mobile - Page;Sophia Burr;Public;Export (CSV);Persist (CSV);No;Data Ninja;8/03/2026 08:11
Mobile - Page Element Table Column Search;590761;customsearch_mobile_page_elem_tbl_column;Mobile - Page Element;Sophia Burr;Public;Export (CSV);Persist (CSV);No;Data Ninja;8/03/2026 08:11
Mobile - Page Element Table Configuration Search;590761;customsearch_mobile_page_elem_tbl_config;Mobile - Page Element;Sophia Burr;Public;Export (CSV);Persist (CSV);No;Data Ninja;8/03/2026 08:11
Mobile - Page Element Table Footer Button Search;590761;customsearch_mobile_tbl_footer_btn;Mobile - Page Element;Sophia Burr;Public;Export (CSV);Persist (CSV);No;Data Ninja;8/03/2026 08:11
Mobile - Page Information Search;590761;customsearch_mobile_page_info;Mobile - Page;Sophia Burr;Public;Export (CSV);Persist (CSV);No;Data Ninja;8/03/2026 08:11
Mobile - Print Reports Search;590761;customsearch_print_reports;Mobile - Print Reports;Sophia Burr;Public;Export (CSV);Persist (CSV);No;Data Ninja;8/03/2026 08:11
Mobile - Process Search;590761;customsearch_mobile_processes;Mobile - Process;Sophia Burr;Public;Export (CSV);Persist (CSV);No;;
Mobile - Registered Application Search;590761;customsearch_mobile_registered_apps;Mobile - Registered App;Sophia Burr;Public;Export (CSV);Persist (CSV);No;Data Ninja;8/03/2026 08:13
Mobile - Sub Action Search;590761;customsearch_mobile_sub_actions;Mobile - Sub-action;Sophia Burr;Public;Export (CSV);Persist (CSV);No;Data Ninja;8/03/2026 08:11
Mobile - Translation Text Search;590761;customsearch_mobile_translation_text;Mobile - Translation Text;Sophia Burr;Public;Export (CSV);Persist (CSV);No;;
MTD TAT Report [EMAIL];;customsearch3554;Transaction;Holden Witt;Public;Export (CSV);Persist (CSV);Yes;Holden Witt;1/08/2026 01:00
MTD TAT Report [TEST];;customsearch4930;Transaction;Holden Witt;Public;Export (CSV);Persist (CSV);No;Holden Witt;1/08/2026 01:00
My Saved Documents;;customsearch_atlas_my_saved_documents;Document;Sophia Burr;Public;Export (CSV);Persist (CSV);No;;
My Team's Activities Last Week;;customsearch_atlas_activity_last_wk_rpt;Activity;Sophia Burr;Public;Export (CSV);Persist (CSV);No;Andres Martinez;29/04/2026 09:54
My Team's Open Activities;;customsearch_atlas_open_activities_rpt;Activity;Sophia Burr;Public;Export (CSV);Persist (CSV);No;Andres Martinez;14/08/2026 09:13
Negative Inventory;;customsearch4156;Inventory Balance;Adrian Palmar;Public;Export (CSV);Persist (CSV);No;Aaron T Luke;17/08/2026 10:26
Negative Inventory by Lot / Location;;customsearch_atlas_inv_negative_lot_rpt;Inventory and Bin Numbers;Sophia Burr;Public;Export (CSV);Persist (CSV);No;Camilo Montano;22/05/2025 10:28
NetSuite Action Item Status;39609;customsearch112;Action Items;Sophia Burr;Public;Export (CSV);Persist (CSV);No;;
NetSuite Action Items Closed This Week;39609;customsearch_ns_ps_items_closed_this_wee;Action Items;Sophia Burr;Public;Export (CSV);Persist (CSV);No;;
NetSuite Action Items Created This Week;39609;customsearch_ns_ps_items_closed_this_w_2;Action Items;Sophia Burr;Public;Export (CSV);Persist (CSV);No;;
NetSuite Action Items Open > 1 Week;39609;customsearch_ns_ps_action_item_over_week;Action Items;Sophia Burr;Public;Export (CSV);Persist (CSV);No;;
NetSuite Alert: Weekly Email of Action Items to NetSuite Employees;39609;customsearch_ns_ps_action_item_view_2;Action Items;Sophia Burr;Public;Export (CSV);Persist (CSV);No;;
NetSuite Alert: Weekly Email of Cutover Checklist to Assigned Party;39609;customsearch_ns_ps_alert_cutover;NetSuite Cutover Items;Sophia Burr;Public;Export (CSV);Persist (CSV);No;;
NetSuite Alert: Weekly Email of Cutover Checklist to NetSuite Employees;39609;customsearch_ns_ps_alert_cutover_2;NetSuite Cutover Items;Sophia Burr;Public;Export (CSV);Persist (CSV);No;;
NetSuite Alert: Weekly Email of Open Action Items to Assigned Party;39609;customsearch_ns_ps_action_item_view_2_2;Action Items;Sophia Burr;Public;Export (CSV);Persist (CSV);No;;
NetSuite Alert: Weekly Email of Open Test Issues to Assigned Party;39609;customsearch_ns_test_issue_default_vie_2;Test Issues;Sophia Burr;Public;Export (CSV);Persist (CSV);No;;
NetSuite Alert: Weekly Email of Open Test Issues to NetSuite;39609;customsearch_ns_test_issue_default_vie_3;Test Issues;Sophia Burr;Public;Export (CSV);Persist (CSV);No;;
NetSuite Alert: Weekly Email of Open UAT Items to Assigned Party;39609;customsearch_ns_ps_uat_weekly_alert;Test Cases;Sophia Burr;Public;Export (CSV);Persist (CSV);Yes;;
NetSuite Alert: Weekly Email of UAT Items to NetSuite Employees;39609;customsearch_ns_ps_uat_weekly_alert_2;Test Cases;Sophia Burr;Public;Export (CSV);Persist (CSV);Yes;;
NetSuite Count of Open Action Items;39609;customsearch_ns_ps_my_open_action_item_2;Action Items;Sophia Burr;Public;Export (CSV);Persist (CSV);No;;
NetSuite Cutover Details;39609;customsearch74;NetSuite Cutover Details;Sophia Burr;Public;Export (CSV);Persist (CSV);No;;
NetSuite Default Go-Live Cutover Checklist (Dashboard-View);39609;customsearch_ns_ps_cutover_default_vie_4;NetSuite Cutover Items;Sophia Burr;Public;Export (CSV);Persist (CSV);No;;
NetSuite Default Go-Live Cutover Checklist View;39609;customsearch_ns_ps_cutover_default_view;NetSuite Cutover Items;Sophia Burr;Public;Export (CSV);Persist (CSV);No;;
NetSuite Default Milestone View;39609;customsearch_default_milestone_view;Key Milestones;Sophia Burr;Public;Export (CSV);Persist (CSV);No;;
NetSuite Implementation Open Items by Process;39609;customsearch_ns_ps_open_items_by_user_2;Action Items;Sophia Burr;Public;Export (CSV);Persist (CSV);No;;
NetSuite Implementation Open Items by Resource;39609;customsearch_ns_ps_open_items_by_user;Action Items;Sophia Burr;Public;Export (CSV);Persist (CSV);No;;
NetSuite Issue Status View;39609;customsearch_ns_ts_issue_status_view;NetSuite TS Issue Statuses;Sophia Burr;Public;Export (CSV);Persist (CSV);No;;
NetSuite KPI Trend | New Issues;39609;customsearch_ns_kpi_issues_trend;Project Issues;Sophia Burr;Public;Export (CSV);Persist (CSV);No;;
NetSuite KPI | Closed Action Items;39609;customsearch_ns_ps_kpi_action_items_2_2;Action Items;Sophia Burr;Public;Export (CSV);Persist (CSV);No;Camilo Montano;28/05/2025 11:17
NetSuite KPI | Closed Issues;39609;customsearch_ns_kpi_issues_2_2_2_2_3;Project Issues;Sophia Burr;Public;Export (CSV);Persist (CSV);No;;
NetSuite KPI | Enhancement Issues;39609;customsearch_ns_kpi_issues_2_2_2_2_3_2;Project Issues;Sophia Burr;Public;Export (CSV);Persist (CSV);No;;
NetSuite KPI | Future Phase Issues;39609;customsearch_ns_kpi_issues_2_2_2_2_3_2_3;Project Issues;Sophia Burr;Public;Export (CSV);Persist (CSV);No;;
NetSuite KPI | Issues Identified;39609;customsearch_ns_kpi_issues_2_2_2_2;Project Issues;Sophia Burr;Public;Export (CSV);Persist (CSV);No;;
NetSuite KPI | Issues In Process;39609;customsearch_ns_kpi_issues_2_2_2_2_2;Project Issues;Sophia Burr;Public;Export (CSV);Persist (CSV);No;;
NetSuite KPI | Issues On Hold;39609;customsearch_ns_kpi_issues_2_2_2_2_3_2_2;Project Issues;Sophia Burr;Public;Export (CSV);Persist (CSV);No;;
NetSuite KPI | Issues With Support;39609;customsearch_ns_kpi_issues_2_2_2;Project Issues;Sophia Burr;Public;Export (CSV);Persist (CSV);No;;
NetSuite KPI | On Hold Action Items;39609;customsearch_ns_ps_kpi_action_items_2;Action Items;Sophia Burr;Public;Export (CSV);Persist (CSV);No;Camilo Montano;27/05/2025 12:04
NetSuite KPI | Open Action Items;39609;customsearch_ns_ps_kpi_action_items;Action Items;Sophia Burr;Public;Export (CSV);Persist (CSV);No;Camilo Montano;28/05/2025 11:17
NetSuite KPI | Open Issues;39609;customsearch_ns_kpi_issues_2;Project Issues;Sophia Burr;Public;Export (CSV);Persist (CSV);No;Camilo Montano;28/05/2025 08:40
NetSuite KPI | Overdue Action Items;39609;customsearch_ns_ps_kpi_action_items_2__2;Action Items;Sophia Burr;Public;Export (CSV);Persist (CSV);No;Camilo Montano;28/05/2025 11:18
NetSuite KPI | Overdue Issues;39609;customsearch_ns_kpi_issues_2_2;Project Issues;Sophia Burr;Public;Export (CSV);Persist (CSV);No;Camilo Montano;28/05/2025 08:41
NetSuite KPI | Showstopper Issues;39609;customsearch_ns_kpi_issues;Project Issues;Sophia Burr;Public;Export (CSV);Persist (CSV);No;;
NetSuite Login Audit Log;;customsearch_atlas_loginalert_rpt;Login Audit Trail;Sophia Burr;Public;Export (CSV);Persist (CSV);No;Camilo Montano;17/08/2026 08:52
NetSuite Meeting Notes Search Form (Default);39609;customsearch_ns_ps_meeting_notes_search;NetSuite PS Meeting Notes;Sophia Burr;Public;Export (CSV);Persist (CSV);No;;
NetSuite ONE PM Summary (portlet);39609;customsearch_ns_pm_summary_search;Project Summary;Sophia Burr;Public;Export (CSV);Persist (CSV);No;Camilo Montano;28/05/2025 11:15
NetSuite One | Gap Search by Engagement;39609;customsearch460;Gaps;Sophia Burr;Public;Export (CSV);Persist (CSV);No;;
NetSuite Open Action Items;39609;customsearch_ns_ps_my_open_action_item_5;Action Items;Sophia Burr;Public;Export (CSV);Persist (CSV);No;;
NetSuite Open Action Items Assigned to Me;39609;customsearch_ns_ps_my_open_action_items;Action Items;Sophia Burr;Public;Export (CSV);Persist (CSV);No;;
NetSuite Open Go-Live Cutover Items Assigned to Me;39609;customsearch_ns_ps_cutover_default_vie_2;NetSuite Cutover Items;Sophia Burr;Public;Export (CSV);Persist (CSV);No;;
NetSuite Open UAT Topics Assigned to Me;39609;customsearch_ns_ps_uat_my_open_topics;Test Cases;Sophia Burr;Public;Export (CSV);Persist (CSV);No;;
NetSuite Open UAT Topics by Resource;39609;customsearch_ns_ps_open_uat_by_process_2;Test Cases;Sophia Burr;Public;Export (CSV);Persist (CSV);No;;
NetSuite Past Due Action Items;39609;customsearch_ns_ps_my_open_action_item_4;Action Items;Sophia Burr;Public;Export (CSV);Persist (CSV);No;;
NetSuite Past Due Action Items Assigned to Me;39609;customsearch_ns_ps_my_open_action_item_3;Action Items;Sophia Burr;Public;Export (CSV);Persist (CSV);No;;
NetSuite PS Meeting Notes View (Default);39609;customsearch23;NetSuite PS Meeting Notes;Sophia Burr;Public;Export (CSV);Persist (CSV);No;;
NetSuite PS MFG Action Items Search;39609;customsearch_ns_ps_action_item_search;Action Items;Sophia Burr;Public;Export (CSV);Persist (CSV);No;;
Netsuite QA Detailed Issue Status ;39609;customsearch_ns_qa_detailed_status;Test Issues;Sophia Burr;Public;Export (CSV);Persist (CSV);No;;
NetSuite QA Issue Base Status by Business Process;39609;customsearch_ns_qa_overall_basestatus_bp;Test Issues;Sophia Burr;Public;Export (CSV);Persist (CSV);No;;
NetSuite QA Issue Base Status by Resource;39609;customsearch_ns_qa_overall_basestatus_re;Test Issues;Sophia Burr;Public;Export (CSV);Persist (CSV);No;;
Netsuite QA Issue Turnaround Time Summary ;39609;customsearch_ns_qa_turnaround_summary;Test Issues;Sophia Burr;Public;Export (CSV);Persist (CSV);No;;
NetSuite QA New Test Issues;39609;customsearch_ns_qa_new_test_issues;Test Issues;Sophia Burr;Public;Export (CSV);Persist (CSV);No;;
Netsuite QA Open Issues;39609;customsearch_ns_qa_open_issue;Test Issues;Sophia Burr;Public;Export (CSV);Persist (CSV);No;;
Netsuite QA Open Issues by Business Process (Graph);39609;customsearch_ns_qa_open_issue_g;Test Issues;Sophia Burr;Public;Export (CSV);Persist (CSV);No;;
NetSuite QA Test Case Status by Business Process;39609;customsearch_ns_qa_testcase_status_bp;Test Cases;Sophia Burr;Public;Export (CSV);Persist (CSV);No;;
Netsuite QA Test Case with Issues;39609;customsearch_ns_qa_testcase_issuelist;Test Cases;Sophia Burr;Public;Export (CSV);Persist (CSV);No;;
NetSuite QA Total Number of Issues by Business Process (GRAPH);39609;customsearch_ns_qa_total_issue_bp;Test Issues;Sophia Burr;Public;Export (CSV);Persist (CSV);No;;
Netsuite QA Total Number of Issues per Test Case (Graph);39609;customsearch_ns_qa_issues_testcase_g;Test Cases;Sophia Burr;Public;Export (CSV);Persist (CSV);No;;
NetSuite QA Total Number of Open Issues by Priority;39609;customsearch_ns_qa_open_issue_priority;Test Issues;Sophia Burr;Public;Export (CSV);Persist (CSV);No;;
NetSuite QA Total Number of Open Issues by Priority (GRAPH);39609;customsearch_ns_qa_open_issue_priority_2;Test Issues;Sophia Burr;Public;Export (CSV);Persist (CSV);No;;
NetSuite QA Total Number of Test Cases by Business Process (Graph);39609;customsearch_ns_qa_testcase_bp_g;Test Cases;Sophia Burr;Public;Export (CSV);Persist (CSV);No;;
NetSuite UAT Testing Status;39609;customsearch_ns_ps_open_uat_by_process;Test Cases;Sophia Burr;Public;Export (CSV);Persist (CSV);No;;
New Campaigns;;customsearch_atlas_new_campaign_kpi;Campaign;Sophia Burr;Public;Export (CSV);Persist (CSV);No;;
New Customer Graph;;customsearch_atlas_new_customer_grph;Customer;Sophia Burr;Public;Export (CSV);Persist (CSV);No;;
New Customers;;customsearch_atlas_new_customer_rem;Customer;Sophia Burr;Public;Export (CSV);Persist (CSV);No;Emily Gray;17/08/2026 11:00
New Customers vs. Existing Customers Sales Report;;customsearch_atlas_new_vs_existng_so_rpt;Transaction;Sophia Burr;Public;Export (CSV);Persist (CSV);No;Justin Johnston;2/06/2026 05:47
New Employees;;customsearch_atlas_new_employees_rpt;Employee;Sophia Burr;Public;Export (CSV);Persist (CSV);No;Camilo Montano;28/05/2025 11:44
New Hires;;customsearch_atlas_it_new_hires_rpt;Employee;Sophia Burr;Public;Export (CSV);Persist (CSV);No;;
New Items;;customsearch_atlas_new_prod_rpt;Item;Sophia Burr;Public;Export (CSV);Persist (CSV);No;Camilo Montano;29/05/2025 13:05
New Products Introduced in Last Three Months;;customsearch_atlas_new_products_rpt;Item;Sophia Burr;Public;Export (CSV);Persist (CSV);No;;
New Roles;;customsearch_atlas_new_roles_rem;System Note;Sophia Burr;Public;Export (CSV);Persist (CSV);No;;
New Sales Campaigns Created Yesterday;;customsearch_atlas_newsalescampaign_rpt;Campaign;Sophia Burr;Public;Export (CSV);Persist (CSV);No;;
New Vendors;;customsearch_atlas_new_vendors_rem;Vendor;Sophia Burr;Public;Export (CSV);Persist (CSV);No;Justin Johnston;17/08/2026 10:53
New Vendors Graph;;customsearch_atlas_new_vendors_grph;Vendor;Sophia Burr;Public;Export (CSV);Persist (CSV);No;;
Nick | Custom Bottles 2024;;customsearch3558;Transaction;Aaron T Luke;Public;Export (CSV);Persist (CSV);No;Aaron T Luke;18/03/2025 12:23
Nick | Custom Labeled Bottles 2024;;customsearch3556;Transaction;Aaron T Luke;Public;Export (CSV);Persist (CSV);No;Aaron T Luke;18/03/2025 12:23
Nick | Warehouse Stock Bottles 2024;;customsearch3557;Transaction;Aaron T Luke;Public;Export (CSV);Persist (CSV);No;Aaron T Luke;18/03/2025 12:23
Nitric Shock - Blue Raspberry Labels;;customsearch4054;Item;Aaron T Luke;Public;Export (CSV);Persist (CSV);No;Camilo Montano;28/07/2026 10:24
Non Prop 65 Items;;customsearch4940;Item;Holden Witt;Public;Export (CSV);Persist (CSV);No;Holden Witt;9/07/2026 09:23
Non-Inventory and Supply List;;customsearch3994;Item;Aaron T Luke;Public;Export (CSV);Persist (CSV);No;Aaron T Luke;3/10/2025 08:56
Number of Bills Received;;customsearch_atlas_vpi_bills_rcvd_kpi;Transaction;Sophia Burr;Public;Export (CSV);Persist (CSV);No;Justin  Hapler;8/06/2026 09:40
Number of Customer Returns;;customsearch_atlas_customer_returns;Transaction;Sophia Burr;Public;Export (CSV);Persist (CSV);No;Emilio Dominguez;17/08/2026 11:22
Number of DropShips;;customsearch_atlas_dropship_number_kpi;Transaction;Sophia Burr;Public;Export (CSV);Persist (CSV);No;Camilo Montano;22/05/2025 10:34
Number of Fulfillments;;customsearch_atlas_number_fulfil;Transaction;Sophia Burr;Public;Export (CSV);Persist (CSV);No;Emilio Dominguez;10/08/2026 10:18
Number of Logins by Role - Graph;;customsearch_atlas_login_grph;Login Audit Trail;Sophia Burr;Public;Export (CSV);Persist (CSV);No;Camilo Montano;29/05/2025 13:41
Number of Packages;;customsearch_atlas_number_pckg;Transaction;Sophia Burr;Public;Export (CSV);Persist (CSV);No;Emilio Dominguez;10/08/2026 10:18
Number of PCs;;customsearch_atlas_pc_count_kpi;Transaction;Sophia Burr;Public;Export (CSV);Persist (CSV);No;;
Number of POs;;customsearch_atlas_po_kpi;Transaction;Sophia Burr;Public;Export (CSV);Persist (CSV);No;;
Number of POs KPI;;customsearch_atlas_number_po_kpi;Transaction;Sophia Burr;Public;Export (CSV);Persist (CSV);No;Camilo Montano;22/05/2025 10:34
Number of Purchase Contracts;;customsearch_atlas_number_contracts_kpi;Transaction;Sophia Burr;Public;Export (CSV);Persist (CSV);No;;
Number of Reqs;;customsearch_atlas_number_reqs_kpi;Transaction;Sophia Burr;Public;Export (CSV);Persist (CSV);No;;
Number of Requisitions;;customsearch_atlas_reqs_kpi;Transaction;Sophia Burr;Public;Export (CSV);Persist (CSV);No;Angela Nielson;20/11/2025 09:58
On Time %;;customsearch_atlas_ontime_percent;Transaction;Sophia Burr;Public;Export (CSV);Persist (CSV);No;;
On Time Performance - Period;;customsearch_atlas_otp_rpt;Transaction;Sophia Burr;Public;Export (CSV);Persist (CSV);No;;
Open A/P by Vendor;;customsearch_atlas_ap_open_vndr_kpi;Transaction;Sophia Burr;Public;Export (CSV);Persist (CSV);No;Valerie Gonzales;5/12/2025 08:16
Open Contracts by Vendor;;customsearch_atlas_ap_open_cntracts_kpi;Transaction;Sophia Burr;Public;Export (CSV);Persist (CSV);No;Justin  Hapler;22/07/2026 13:13
Open Escalated Cases;;customsearch_atlas_openescalated_rpt;Case;Sophia Burr;Public;Export (CSV);Persist (CSV);No;;
Open Estimates;;customsearch_atlas_openquotes_rpt;Transaction;Sophia Burr;Public;Export (CSV);Persist (CSV);No;Shipping Team;24/04/2025 11:23
Open Inbound Containers;;customsearch_atlas_mfg_prm_open_inbo_rem;Inbound Shipment;Sophia Burr;Public;Export (CSV);Persist (CSV);No;Emilio Dominguez;17/08/2026 11:22
Open Purchase Orders;;customsearch_atlas_open_pos_kpi;Transaction;Sophia Burr;Public;Export (CSV);Persist (CSV);No;Emilio Dominguez;17/08/2026 11:22
Open Purchase Orders by Item;;customsearch_atlas_items_on_order_rpt;Transaction;Sophia Burr;Public;Export (CSV);Persist (CSV);No;Justin Cobbley;14/08/2026 06:12
Open Purchase Orders Report;;customsearch_atlas_open_pos_rpt;Transaction;Sophia Burr;Public;Export (CSV);Persist (CSV);No;Felicity Michaels;17/08/2026 11:07
Open Purchase Orders Report RE;;customsearch_atlas_open_pos_rpt_18;Transaction;Ryan Espinoza;Public;Export (CSV);Persist (CSV);No;Ryan Espinoza;27/02/2026 10:37
Open Purchase Orders Report V1;;customsearch_atlas_open_pos_rpt_3;Transaction;Shelby DeCol;Public;Export (CSV);Persist (CSV);No;Shelby DeCol;17/08/2026 11:02
Open Requisitions [Kevan Email];;customsearch4910;Transaction;Holden Witt;Public;Export (CSV);Persist (CSV);Yes;Holden Witt;16/08/2026 14:30
Open Requisitions [Mark Email];;customsearch4803;Transaction;Holden Witt;Public;Export (CSV);Persist (CSV);Yes;Holden Witt;17/08/2026 01:00
Open Requisitions [Matt Email];;customsearch4928;Transaction;Holden Witt;Public;Export (CSV);Persist (CSV);Yes;Holden Witt;17/08/2026 10:00
Open Requisitions [Nick Email];;customsearch4909;Transaction;Holden Witt;Public;Export (CSV);Persist (CSV);Yes;Holden Witt;16/08/2026 14:10
Open Return Authorizations;;customsearch_atlas_open_rmas;Transaction;Sophia Burr;Public;Export (CSV);Persist (CSV);No;Emily Gray;13/11/2025 14:27
Open Sales Orders - w/ Laminated Label Service;;customsearch2494;Transaction;Camila Coca;Public;Export (CSV);Persist (CSV);No;Ashley Quintana;5/09/2025 08:27
Open Sales Orders - w/ Laminated Label Service v2.0;;customsearch2577;Transaction;Sarah Bega;Public;Export (CSV);Persist (CSV);No;Aaron T Luke;30/07/2025 12:48
Open Sales Orders by Item;;customsearch_atlas_items_on_bo_rpt;Transaction;Sophia Burr;Public;Export (CSV);Persist (CSV);No;Ryan Espinoza;14/08/2026 10:06
Open Sales Orders KPI;;customsearch_atlas_open_so_trend_kpi;Transaction;Sophia Burr;Public;Export (CSV);Persist (CSV);No;Camilo Montano;20/05/2025 14:56
Operations | Blends and Powders Produced;;customsearchblendsproduced;Transaction;Aaron T Luke;Public;Export (CSV);Persist (CSV);No;Camilo Montano;25/06/2025 07:36
Operations | Capsules Produced;;customsearchcapsulesproduced;Transaction;Aaron T Luke;Public;Export (CSV);Persist (CSV);No;Aaron T Luke;20/05/2025 12:25
Operations | Labels Printed;;customsearch2912;Transaction;Aaron T Luke;Public;Export (CSV);Persist (CSV);No;Aaron T Luke;30/07/2025 13:04
Operations | Labels Received;;customsearch3795;Transaction;Aaron T Luke;Public;Export (CSV);Persist (CSV);No;Aaron T Luke;30/07/2025 13:04
Operations | Waste Report;;customsearch2876;Transaction;Aaron T Luke;Public;Export (CSV);Persist (CSV);No;Camilo Montano;12/06/2025 08:47
Operations | YTD Bottle Production;;customsearchbottleproduction;Transaction;Aaron T Luke;Public;Export (CSV);Persist (CSV);Yes;Aaron T Luke;16/08/2026 15:00
Operations | YTD Labeled Bottles Produced;;customsearchlabeledbottlesproduced;Transaction;Aaron T Luke;Public;Export (CSV);Persist (CSV);Yes;Aaron T Luke;16/08/2026 15:00
Opportunities Won;;customsearch_atlas_oppswon_lastmonth_kpi;Opportunity;Sophia Burr;Public;Export (CSV);Persist (CSV);No;Andres Martinez;23/01/2026 12:35
Order Fill Rate;;customsearch_atlas_fill_rate_kpi;Transaction;Sophia Burr;Public;Export (CSV);Persist (CSV);No;;
Order Item Search;591665;customsearch_packship_order_itemids;Transaction;Kris Bevans;Public;Export (CSV);Persist (CSV);No;;
Orders Created Today;;customsearch_atlas_orders_today_rem;Transaction;Sophia Burr;Public;Export (CSV);Persist (CSV);No;Camilo Montano;20/05/2025 14:58
Orders Scheduled to Ship This Week;;customsearch_atlas_order_sched_ship_grph;Transaction;Sophia Burr;Public;Export (CSV);Persist (CSV);No;Camilo Montano;12/06/2025 08:48
Orders Shipped Percentage;;customsearch_atlas_ordrs_shp_percent_rpt;Transaction;Sophia Burr;Public;Export (CSV);Persist (CSV);No;Emilio Dominguez;10/08/2026 10:18
Orders to Pack;591665;customsearch_orderswaitingforpacking;Transaction;Sophia Burr;Public;Export (CSV);Persist (CSV);No;;
Orders to Ship;591665;customsearch_orderstoship;Transaction;Kris Bevans;Public;Export (CSV);Persist (CSV);No;Camilo Montano;20/05/2025 14:54
Orders to Ship NAI;591665;customsearch_packship_shiporders;Transaction;Kris Bevans;Public;Export (CSV);Persist (CSV);No;;
Organic Product SO's2;;customsearchtransactiondefaultview_16__4;Transaction;Sarah Bega;Public;Export (CSV);Persist (CSV);No;Camilo Montano;30/05/2025 12:30
Overdue Bills;;customsearch_atlas_overdue_bill_rem;Transaction;Sophia Burr;Public;Export (CSV);Persist (CSV);No;Taylor Yates;23/04/2026 11:49
Overdue Invoices;;customsearch_atlas_overdue_inv_rem;Transaction;Sophia Burr;Public;Export (CSV);Persist (CSV);No;Taylor Yates;23/04/2026 11:49
Overdue Invoices: 30+ Days;;customsearch_atlas_overdue_30days_rpt;Transaction;Sophia Burr;Public;Export (CSV);Persist (CSV);No;;
Overdue Sales Order Shipments;591665;customsearch_delayedsalesorders;Transaction;Sophia Burr;Public;Export (CSV);Persist (CSV);No;;
Overstock Items Report;;customsearch_atlas_overstock_items_rpt;Item;Sophia Burr;Public;Export (CSV);Persist (CSV);No;Ashley Quintana;19/05/2025 12:23
Packages Name and Weight Search;591665;customsearch_packship_package_nameweight;Transaction;Kris Bevans;Public;Export (CSV);Persist (CSV);No;;
Packed Sales Orders;591665;customsearch_packed_salesorders;Transaction;Sophia Burr;Public;Export (CSV);Persist (CSV);No;;
Packed Transfer Orders;591665;customsearch_packed_transferorders;Transaction;Sophia Burr;Public;Export (CSV);Persist (CSV);No;;
PackShip -  Pallet List Print Search;591665;customsearch_packship_pallet_list_print;PackShip - List Print Parent Record;Sophia Burr;Public;Export (CSV);Persist (CSV);No;;
PackShip - BOL Carrier Data;591665;customsearch_packship_bolcarrierinfo;PackShip - List Print Parent Record;Sophia Burr;Public;Export (CSV);Persist (CSV);No;;
PackShip - BOL Customer Order Data;591665;customsearch_packship_bolcustomerorder;PackShip - List Print Parent Record;Sophia Burr;Public;Export (CSV);Persist (CSV);No;;
PackShip - Carrier Search;591665;customsearch_packship_rl_intercarrier;PackShip - Carrier;Kris Bevans;Public;Export (CSV);Persist (CSV);No;;
PackShip - Carton List Print Search;591665;customsearch_packship_carton_list_print;PackShip - List Print Parent Record;Sophia Burr;Public;Export (CSV);Persist (CSV);No;;
PackShip - Item Data Search;591665;customsearch_itemdatasearch;Item;Kris Bevans;Public;Export (CSV);Persist (CSV);No;;
PackShip - Item Fulfillment Packed Search;591665;customsearch_packship_ifs_packed;Transaction;Kris Bevans;Public;Export (CSV);Persist (CSV);No;;
PackShip - Item Fulfillment Search;591665;customsearch_packship_item_fulfillments;Transaction;Sophia Burr;Public;Export (CSV);Persist (CSV);No;;
PackShip - Picked Item Search;591665;customsearch_packship_picked_items;Transaction;Sophia Burr;Public;Export (CSV);Persist (CSV);No;;
PackShip - Sales Orders Search;591665;customsearch_packship_sales_orders;Transaction;Sophia Burr;Public;Export (CSV);Persist (CSV);No;;
PackShip - Shipment Search;591665;customsearch_packship_shipmentsearch;PackShip - Shipment;Sophia Burr;Public;Export (CSV);Persist (CSV);No;;
Packship Ship Central Preferences Search;591665;customsearch_packship_ship_preference;Ship Central Preferences;Kris Bevans;Public;Export (CSV);Persist (CSV);No;;
PackShip Shipping Item Carrier Id;591665;customsearch_packship_shipcarrier_dtl;Shipping Item;Sophia Burr;Public;Export (CSV);Persist (CSV);No;;
PackShip Subsidiary Search;591665;customsearch_packship_subsidary_search;Subsidiary;Kris Bevans;Public;Export (CSV);Persist (CSV);No;;
Pallets Packed;591665;customsearch_palletspacked;PackShip - Pallet;Sophia Burr;Public;Export (CSV);Persist (CSV);No;;
Partially Received POs;;customsearch_atlas_partial_rec_po_kpi;Transaction;Sophia Burr;Public;Export (CSV);Persist (CSV);No;Camilo Montano;27/05/2025 14:11
Payment File Administration;533070;customsearch_2663_payment_file_admin;Payment File Administration;Sophia Burr;Public;Export (CSV);Persist (CSV);No;Camilo Montano;23/05/2025 09:35
Payment File Format - EP Logs Search;533070;customsearch_18023_file_format_ep_logs;Electronic Payments Logs;Kris Bevans;Public;Export (CSV);Persist (CSV);No;;
Payment File Template Requests;533070;customsearch_12194_file_template_request;Payment File Template Request;Sophia Burr;Public;Export (CSV);Persist (CSV);No;;
Payment Lookup;;customsearch_atlas_pymt_lookup;Transaction;Sophia Burr;Public;Export (CSV);Persist (CSV);No;Shipping Team;8/08/2025 06:20
Payment Queue;533070;customsearch_ep_payment_queue;Payment File Administration;Sophia Burr;Public;Export (CSV);Persist (CSV);No;;
Payment Term Opportunities;;customsearch_atlas_ap_pay_term_kpi;Transaction;Sophia Burr;Public;Export (CSV);Persist (CSV);No;Justin  Hapler;22/07/2026 13:13
Payments from File Generation Suitelet;533070;customsearch_9997_payments_from_file_gen;Transaction;Sophia Burr;Public;Export (CSV);Persist (CSV);No;;
Payments from File Generation Suitelet (Multicurrency Format 2);533070;customsearch_9997_pay_from_file_gen_mc2;Transaction;Sophia Burr;Public;Export (CSV);Persist (CSV);No;;
Payments from File Generation Suitelet (Multicurrency Format);533070;customsearch_9997_pay_from_file_gen_mc;Transaction;Sophia Burr;Public;Export (CSV);Persist (CSV);No;;
Payments from File Generation Suitelet (Multicurrency);533070;customsearch_9997_pay_from_file_gen_mc0;Transaction;Sophia Burr;Public;Export (CSV);Persist (CSV);No;;
Payments per Email;533070;customsearch_2663_pmt_emails;Transaction;Sophia Burr;Public;Export (CSV);Persist (CSV);No;;
Payments per Email (File Generation Suitelet);533070;customsearch_9997_pay_emails_file_gen;Transaction;Sophia Burr;Public;Export (CSV);Persist (CSV);No;;
Payments per Payment File;533070;customsearch_2663_pmt_eft;Transaction;Sophia Burr;Public;Export (CSV);Persist (CSV);No;;
Payments per Payment File (Multicurrency Format w/ Different Bank and Base Currencies);533070;customsearch_2663_pmt_eft_multi_diffbank;Transaction;Sophia Burr;Public;Export (CSV);Persist (CSV);No;;
Payments per Payment File (Multicurrency Format);533070;customsearch_2663_pmt_eft_multi_format;Transaction;Sophia Burr;Public;Export (CSV);Persist (CSV);No;;
Payments per Payment File (Multicurrency);533070;customsearch_2663_pmt_eft_multi;Transaction;Sophia Burr;Public;Export (CSV);Persist (CSV);No;;
Pending Bill Approval - Email Schedule;;customsearch4172;Transaction;Adrian Palmar;Public;Export (CSV);Persist (CSV);Yes;Mark Bible;20/04/2026 11:49
Pending CC Charge Approval - Email Schedule;;customsearch4225;Transaction;Adrian Palmar;Public;Export (CSV);Persist (CSV);Yes;Adrian Palmar;6/02/2026 05:00
Pending Prepayment;;customsearch2857;Transaction;Adrian Palmar;Public;Export (CSV);Persist (CSV);No;Camilo Montano;30/06/2025 14:40
Pending | Bill Approval (CEO);;customsearch4191;Transaction;Adrian Palmar;Public;Export (CSV);Persist (CSV);No;Aaron T Luke;4/02/2026 14:35
Pending | Bill Approval (CFO);;customsearch4186;Transaction;Adrian Palmar;Public;Export (CSV);Persist (CSV);No;Aaron T Luke;4/02/2026 14:35
Pending | Bill Approval (Controller);;customsearch4187;Transaction;Adrian Palmar;Public;Export (CSV);Persist (CSV);No;Aaron T Luke;4/02/2026 14:35
Pending | Bill Approval (HR);;customsearch4223;Transaction;Adrian Palmar;Public;Export (CSV);Persist (CSV);No;David Powell;1/07/2026 08:03
Pending | Bill Approval (Jess);;customsearch4224;Transaction;Adrian Palmar;Public;Export (CSV);Persist (CSV);No;Aaron T Luke;4/02/2026 14:35
Pending | Bill Approval (Maintenace Manager);;customsearch4188;Transaction;Adrian Palmar;Public;Export (CSV);Persist (CSV);No;Aaron T Luke;4/02/2026 14:35
Pending | Bill Approval (Plant Manager);;customsearch4185;Transaction;Adrian Palmar;Public;Export (CSV);Persist (CSV);No;Mark Bible;12/06/2026 13:30
Pending | Bill Approval (Quality Director);;customsearch4190;Transaction;Adrian Palmar;Public;Export (CSV);Persist (CSV);No;Jerald Wilson;6/05/2026 11:53
Pending | Bill Approval (Sales Director);;customsearch4270;Transaction;Adrian Palmar;Public;Export (CSV);Persist (CSV);No;Aaron T Luke;12/02/2026 07:55
Pending | Bill Approval (Shipping Manager);;customsearch4192;Transaction;Adrian Palmar;Public;Export (CSV);Persist (CSV);No;Aaron T Luke;4/02/2026 14:36
Pending | Bill Approval (VP Finance);;customsearch4189;Transaction;Adrian Palmar;Public;Export (CSV);Persist (CSV);No;Aaron T Luke;4/02/2026 14:36
Period Based Customer Sales Analysis;;customsearch_atlas_pd_bs_cust_sales_rpt;Transaction;Sophia Burr;Public;Export (CSV);Persist (CSV);No;Alicia Caballero;25/06/2025 08:34
Picked vs Packed Quantity Comparison;591665;customsearch_pickedvspackedquantityvaria;Transaction;Sophia Burr;Public;Export (CSV);Persist (CSV);No;;
Pipeline from New Opportunities;;customsearch_atlas_pl_from_new_opp_kpi;Opportunity;Sophia Burr;Public;Export (CSV);Persist (CSV);No;Adrian Palmar;13/01/2026 10:13
Planned Standard Cost View by Version;;customsearch_atlas_planned_stdcost_rpt;Planned Standard Cost;Sophia Burr;Public;Export (CSV);Persist (CSV);No;Camilo Montano;20/05/2025 14:41
Planning Alert - Late Purchase Order;;customsearch_atlas_ap_alert_late_po_rem;Item Supply Plan;Sophia Burr;Public;Export (CSV);Persist (CSV);No;Camilo Montano;12/06/2025 11:10
Planning Alert - Late Work Order;;customsearch_atlas_ap_alert_late_wo_rem;Item Supply Plan;Sophia Burr;Public;Export (CSV);Persist (CSV);No;Camilo Montano;12/06/2025 11:11
Planning Alert - Negative Inventory;;customsearch_atlas_ap_alert_negative_rem;Item Supply Plan;Sophia Burr;Public;Export (CSV);Persist (CSV);No;Camilo Montano;12/06/2025 11:11
Planning Alert - Quantity On Hand is Above Safety Stock;;customsearch_atlas_ap_alert_abv_ss_rpt;Item Supply Plan;Sophia Burr;Public;Export (CSV);Persist (CSV);No;Camilo Montano;20/05/2025 14:59
Planning Alert - Quantity On Hand is Below Safety Stock;;customsearch_atlas_ap_alert_below_ss_rpt;Item Supply Plan;Sophia Burr;Public;Export (CSV);Persist (CSV);No;Camilo Montano;20/05/2025 15:00
Planning Alert - Rescheduling;;customsearch_atlas_ap_alert_schedule_rem;Item Supply Plan;Sophia Burr;Public;Export (CSV);Persist (CSV);No;Camilo Montano;12/06/2025 11:11
Plex Bottled Part Number Conversion ;;customsearch4754;Item;Aaron T Luke;Public;Export (CSV);Persist (CSV);No;Aaron T Luke;31/05/2026 15:00
Plex Item Upload Audit;;customsearch4982;Item;Holden Witt;Public;Export (CSV);Persist (CSV);No;Matt Gapinski;20/07/2026 09:44
Plex | All Items;;customsearch4989;Item;Holden Witt;Public;Export (CSV);Persist (CSV);No;Holden Witt;10/08/2026 12:34
PLEX | Allergen items Inquiry ;;customsearch_as_allergen_items_2_2;Item;Aaron T Luke;Public;Export (CSV);Persist (CSV);No;Aaron T Luke;18/05/2026 11:04
PLEX | Approved Supplier;;customsearch3604;Item;Aaron T Luke;Public;Export (CSV);Persist (CSV);No;Holden Witt;10/08/2026 12:29
PLEX | BOM Download;;customsearch4781;Bill of Materials Revision;Aaron T Luke;Public;Export (CSV);Persist (CSV);No;Ernest Corona;11/08/2026 12:24
PLEX | Customer Codes;;customsearch5069;Customer;Aaron T Luke;Public;Export (CSV);Persist (CSV);No;Aaron T Luke;17/08/2026 10:09
PLEX | Customer Codes;;customsearch4981;Customer;Holden Witt;Public;Export (CSV);Persist (CSV);No;Holden Witt;21/07/2026 14:03
Plex | Customers for Sales to Update;;customsearch4793;Customer;Aaron T Luke;Public;Export (CSV);Persist (CSV);No;Camilo Montano;13/08/2026 15:00
PLEX | Customer_Upload_Template;;customsearch3560;Customer;Aaron T Luke;Public;Export (CSV);Persist (CSV);No;Aaron T Luke;16/07/2026 10:46
PLEX | Item and Assembly Cross Reference;;customsearch4968;Item;Aaron T Luke;Public;Export (CSV);Persist (CSV);No;Matt Gapinski;29/07/2026 14:02
PLEX | Items Not Produced in the last 12 months;;customsearch4952;Item;Aaron T Luke;Public;Export (CSV);Persist (CSV);No;Holden Witt;15/07/2026 07:35
PLEX | Labeled Bottled Product;;customsearch4791;Item;Aaron T Luke;Public;Export (CSV);Persist (CSV);No;Aaron T Luke;17/07/2026 16:53
PLEX | Missing Customer Code;;customsearch4787;Customer;Aaron T Luke;Public;Export (CSV);Persist (CSV);No;Aaron T Luke;17/08/2026 09:48
PLEX | Part Attribute Upload;;customsearch3642;Item;Aaron T Luke;Public;Export (CSV);Persist (CSV);No;Aaron T Luke;17/07/2026 16:54
Plex | Part Shelf Life Upload;;customsearch3583;Item;Aaron T Luke;Public;Export (CSV);Persist (CSV);No;Aaron T Luke;4/08/2025 13:47
Plex | Part Shelf Life Upload (days upload, delete after use);;customsearch3652;Item;Aaron T Luke;Public;Export (CSV);Persist (CSV);No;Aaron T Luke;1/06/2026 15:21
PLEX | Part Upload;;customsearch3562;Item;Aaron T Luke;Public;Export (CSV);Persist (CSV);No;Aaron T Luke;17/07/2026 20:01
PLEX | Part Upload - Blank Bottle Finished Goods;;customsearch4977;Item;Aaron T Luke;Public;Export (CSV);Persist (CSV);No;Aaron T Luke;18/07/2026 14:59
PLEX | Part Upload - Bottled Product;;customsearch4961;Item;Aaron T Luke;Public;Export (CSV);Persist (CSV);No;Aaron T Luke;15/07/2026 14:26
PLEX | Part Upload - Custom Blends, Powders and Capsules;;customsearch4966;Item;Aaron T Luke;Public;Export (CSV);Persist (CSV);No;Aaron T Luke;11/08/2026 11:03
PLEX | Part Upload - Custom Blends, Powders and Capsules Update;;customsearch4967;Item;Aaron T Luke;Public;Export (CSV);Persist (CSV);No;Aaron T Luke;11/08/2026 11:04
PLEX | Part Upload - Labeled Finished Goods;;customsearch4978;Item;Aaron T Luke;Public;Export (CSV);Persist (CSV);No;Aaron T Luke;18/07/2026 16:06
PLEX | Part Upload - Labels;;customsearch4979;Item;Aaron T Luke;Public;Export (CSV);Persist (CSV);No;Aaron T Luke;18/07/2026 14:59
PLEX | Part Upload - Stock Blends, Powders and Capsules;;customsearch4960;Item;Aaron T Luke;Public;Export (CSV);Persist (CSV);No;Aaron T Luke;31/07/2026 11:36
PLEX | Process Routing;;customsearch3603;Item;Aaron T Luke;Public;Export (CSV);Persist (CSV);No;Aaron T Luke;19/03/2026 13:52
PLEX | Saved Searches;;customsearch564_6_2;Saved Search;Aaron T Luke;Public;Export (CSV);Persist (CSV);No;Aaron T Luke;17/08/2026 09:47
Plex | Shelf Life Info Needed;;customsearch3671;Item;Aaron T Luke;Public;Export (CSV);Persist (CSV);No;Aaron T Luke;7/07/2025 14:20
PLEX | Supplier Upload Template;;customsearch3613;Vendor;Aaron T Luke;Public;Export (CSV);Persist (CSV);No;Holden Witt;10/08/2026 12:29
PLEX | Supplier Upload Template (MPP items);;customsearch3559;Vendor;Aaron T Luke;Public;Export (CSV);Persist (CSV);No;Aaron T Luke;1/06/2026 14:28
PLEX | Supplier Upload Template - Missing default addresses;;customsearch3609;Vendor;Aaron T Luke;Public;Export (CSV);Persist (CSV);No;Aaron T Luke;2/06/2026 12:58
PLEX | Supply Item Upload;;customsearch3639;Item;Aaron T Luke;Public;Export (CSV);Persist (CSV);No;Ryan Espinoza;22/07/2026 09:01
PMO | Default View;39609;customsearch_ns_ps_uat_default_view;Test Cases;Sophia Burr;Public;Export (CSV);Persist (CSV);No;;
PO - 3 Way Match on Items;;customsearch_atlas_3way_item_rpt;Transaction;Sophia Burr;Public;Export (CSV);Persist (CSV);No;Justin Cobbley;14/08/2026 06:12
PO - Project Search;203059;customsearch_sas_ss_docline_projmngr;Transaction;Sophia Burr;Public;Export (CSV);Persist (CSV);No;Camilo Montano;29/05/2025 11:14
PO Lookup;;customsearch_atlas_po_lookup_rpt;Transaction;Sophia Burr;Public;Export (CSV);Persist (CSV);No;Camilo Montano;21/05/2025 08:34
PO's Heat Guns;;customsearch3667;Transaction;Alisa Farnsworth;Public;Export (CSV);Persist (CSV);No;Alisa Farnsworth;12/06/2025 10:25
Possible Fraud Customer [Email];;customsearch4911;Customer;Holden Witt;Public;Export (CSV);Persist (CSV);Yes;Holden Witt;16/08/2026 15:00
PR | Shopify Boomi Error Log View;500579;customsearch330;Boomi Error Log;Integration MHI;Public;Export (CSV);Persist (CSV);No;Camilo Montano;30/05/2025 13:20
preferred EBizCharge Gateway Settings Line Default View;366872;customsearch903;EBizCharge Gateway Settings Line;Tera T Sadler;Public;Export (CSV);Persist (CSV);No;Holden Witt;22/04/2026 07:46
Preferred NetSuite Cutover Items Search Results;39609;customsearch_ns_ps_cutover_default_vie_3;NetSuite Cutover Items;Sophia Burr;Public;Export (CSV);Persist (CSV);No;Camilo Montano;19/06/2025 11:26
Price Detail Update Search;222420;customsearch_edp_pricedetailupdate;Price Detail Update;Sophia Burr;Public;Export (CSV);Persist (CSV);No;;
Price Update Error Messages Summary;222420;customsearch_edp_error_messages_summary;Price Update;Sophia Burr;Public;Export (CSV);Persist (CSV);No;Camilo Montano;27/05/2025 13:12
Print - Account Preference Search;590761;customsearch_print_sec_actpref;Print - Account Preference;Sophia Burr;Public;Export (CSV);Persist (CSV);No;;
Print - Allowlist IP Address Search;590761;customsearch_print_whitelist_ip_address;Print - Allowlist IP Address;Sophia Burr;Public;Export (CSV);Persist (CSV);No;;
Print - API Key Handle;590761;customsearch_print_apikey_handle;Print - API Key Handle;Sophia Burr;Public;Export (CSV);Persist (CSV);No;;
Print - Audit Search;590761;customsearch_print_audit;Print - Audit;Sophia Burr;Public;Export (CSV);Persist (CSV);No;;
Print - Audit Submitted Search;590761;customsearch_print_audit_submitted;Print - Audit;Sophia Burr;Public;Export (CSV);Persist (CSV);No;;
Print - Function Registry Search;590761;customsearch_print_function_search;Print - Function Registry;Sophia Burr;Public;Export (CSV);Persist (CSV);No;Data Ninja;7/03/2026 20:22
Print - Inactive Rule Values Search;590761;customsearch_print_inactive_rule_value;Print - Rule Values;Sophia Burr;Public;Export (CSV);Persist (CSV);No;;
Print - Printers Search;590761;customsearch_print_printers;Print - Printers;Sophia Burr;Public;Export (CSV);Persist (CSV);No;;
Print - Report Type Search;590761;customsearch_print_report_type;Print - Report Type;Sophia Burr;Public;Export (CSV);Persist (CSV);No;Data Ninja;8/03/2026 08:05
Print - Rule Criteria Search;590761;customsearch_print_criteria_detail;Print - Rule Criteria;Sophia Burr;Public;Export (CSV);Persist (CSV);No;-System-;16/08/2026 17:31
Print - Rule Group Search;590761;customsearch_print_rule_group_search;Print - Rule Group;Sophia Burr;Public;Export (CSV);Persist (CSV);No;;
Print - Rule Mappings Search;590761;customsearch_print_rule_mapping;Print - Rule Mappings;Sophia Burr;Public;Export (CSV);Persist (CSV);No;;
Print - Rule Values Search;590761;customsearch_print_rule_values;Print - Rule Values;Sophia Burr;Public;Export (CSV);Persist (CSV);No;;
Print - Session Printer Search;590761;customsearch_print_session_printer;Print - Session Printer;Sophia Burr;Public;Export (CSV);Persist (CSV);No;;
Print - Templates Search;590761;customsearch_print_templates;Print - Templates;Sophia Burr;Public;Export (CSV);Persist (CSV);No;;
Printing | Open WO;;customsearch_mb_wo_committed_3_3_2;Transaction;Camila Coca;Public;Export (CSV);Persist (CSV);No;Ruben Espinosa;11/08/2026 05:07
Printing | Saved Searches;;customsearch2983;Saved Search;Camila Coca;Public;Export (CSV);Persist (CSV);No;Aaron T Luke;23/03/2026 11:30
Production Product Mix;;customsearch_atlas_prodmix_grph;Transaction;Sophia Burr;Public;Export (CSV);Persist (CSV);No;;
Project Ernest;;customsearch4011;Transaction;Ernest Corona;Public;Export (CSV);Persist (CSV);No;Ernest Corona;14/10/2025 14:38
Project Readiness Scorecard Results;39609;customsearch_ns_ps_imp_rdy_scoresearch;Project Readiness Scorecard;Sophia Burr;Public;Export (CSV);Persist (CSV);No;Camilo Montano;28/05/2025 11:16
Project Summary Dashboard View;39609;customsearch76_3;Project Summary;Sophia Burr;Public;Export (CSV);Persist (CSV);No;;
Prop 65 Acknowledged SO's;;customsearch4957;Transaction;Holden Witt;Public;Export (CSV);Persist (CSV);No;Holden Witt;14/07/2026 14:14
Prop 65 Items;;customsearch4783;Item;Holden Witt;Public;Export (CSV);Persist (CSV);No;Holden Witt;21/07/2026 10:16
Prospect Lookup;;customsearch_atlas_prospect_lookup_list;Customer;Sophia Burr;Public;Export (CSV);Persist (CSV);No;Camilo Montano;19/06/2025 12:49
Purchase Contracts to Expire;;customsearch_atlas_ap_pc_expire_rpt;Transaction;Sophia Burr;Public;Export (CSV);Persist (CSV);No;;
Purchase Order Expedite List;;customsearch_atlas_po_expedite_rpt;Transaction;Sophia Burr;Public;Export (CSV);Persist (CSV);No;;
Purchase Order Non-Conformance Analysis;;customsearch_atlas_po_nc_rpt;Transaction;Sophia Burr;Public;Export (CSV);Persist (CSV);No;Chris Bible;6/08/2026 11:34
Purchase Order Rate Changes;;customsearch_atlas_poratechange;Transaction;Sophia Burr;Public;Export (CSV);Persist (CSV);No;;
Purchase Order to Place;;customsearch_atlas_ap_po_plc_rem;Transaction;Sophia Burr;Public;Export (CSV);Persist (CSV);No;Camilo Montano;20/05/2025 15:09
Purchase Orders Status;;customsearch_atlas_po_status;Transaction;Sophia Burr;Public;Export (CSV);Persist (CSV);No;;
Purchase Orders to Approve;;customsearch_atlas_ap_pp_apprv_rem;Transaction;Sophia Burr;Public;Export (CSV);Persist (CSV);No;Shelby DeCol;17/08/2026 11:02
Purchase Orders to Receive;;customsearch_atlas_po_to_receive_rem;Transaction;Sophia Burr;Public;Export (CSV);Persist (CSV);No;Camilo Montano;20/05/2025 14:43
Purchase Requisitions to Approve;;customsearch_atlas_ap_purchreq_appr_rpt;Transaction;Sophia Burr;Public;Export (CSV);Persist (CSV);No;Nick Cisneros;26/05/2026 11:43
Purchase vs MFG Cost;;customsearch_atlas_mfg_prm_assy_cost;Transaction;Sophia Burr;Public;Export (CSV);Persist (CSV);No;Aaron T Luke;17/08/2026 09:07
Purchasing | 2024 to now Raw Materials;;customsearch4007;Transaction;Ernest Corona;Public;Export (CSV);Persist (CSV);No;Ernest Corona;18/12/2025 06:55
Purchasing | 2025 Materials;;customsearch4018;Transaction;Ernest Corona;Public;Export (CSV);Persist (CSV);No;Ernest Corona;18/12/2025 07:14
Purchasing | All POs Received;;customsearch4031;Transaction;Shelby DeCol;Public;Export (CSV);Persist (CSV);No;Aaron T Luke;12/03/2026 07:55
Purchasing | Approved PO's;;customsearch2783;Transaction;Adrian Palmar;Public;Export (CSV);Persist (CSV);No;Felicity Michaels;17/08/2026 11:49
Purchasing | Bill Credits;;customsearch2814;Transaction;Adrian Palmar;Public;Export (CSV);Persist (CSV);No;Justin  Hapler;17/08/2026 10:43
Purchasing | MFG Job Schedule Tracker (Released WOs);;customsearch2795;Transaction;Adrian Palmar;Public;Export (CSV);Persist (CSV);No;Shelby DeCol;15/10/2025 14:19
Purchasing | Non Inventory Items Received;;customsearch4303;Transaction;Aaron T Luke;Public;Export (CSV);Persist (CSV);No;Ryan Espinoza;5/03/2026 11:30
Purchasing | Open Balance;;customsearch2792;Transaction;Adrian Palmar;Public;Export (CSV);Persist (CSV);No;Justin  Hapler;17/08/2026 10:43
Purchasing | Open POs;;customsearch_atlas_open_pos_rpt_17;Transaction;Adrian Palmar;Public;Export (CSV);Persist (CSV);No;Justin  Hapler;17/08/2026 10:43
Purchasing | Pending Order Requisitions;;customsearch2935;Transaction;Adrian Palmar;Public;Export (CSV);Persist (CSV);No;Shelby DeCol;17/08/2026 11:02
Purchasing | POs Pending Receipt/Partially Received;;customsearch2592;Transaction;Adrian Palmar;Public;Export (CSV);Persist (CSV);No;Aaron T Luke;12/03/2026 07:55
Purchasing | POs Received;;customsearch2602;Transaction;Adrian Palmar;Public;Export (CSV);Persist (CSV);No;Felicity Michaels;17/08/2026 11:49
Purchasing | Saved Searches;;customsearch564_5;Saved Search;Camila Coca;Public;Export (CSV);Persist (CSV);No;Aaron T Luke;22/06/2026 14:26
Purchasing | Shelby's POs Received;;customsearch2595;Transaction;Adrian Palmar;Public;Export (CSV);Persist (CSV);No;Data Ninja;23/10/2025 09:22
Purchasing | YTD Raw Materials;;customsearch3971;Transaction;Ernest Corona;Public;Export (CSV);Persist (CSV);No;Ernest Corona;10/10/2025 11:45
QA | Reviewed Labeling WOs;;customsearch3577;Transaction;Camilo Montano;Public;Export (CSV);Persist (CSV);No;Adrian Palmar;4/09/2025 07:29
Quality | Allergen & Organic Encap Previous year;;customsearch4457;Transaction;Aaron T Luke;Public;Export (CSV);Persist (CSV);No;Sheldon McNiven;13/05/2026 14:23
Quality | Allergen Encap 2024;;customsearch4716;Transaction;Aaron T Luke;Public;Export (CSV);Persist (CSV);No;Sheldon McNiven;13/05/2026 13:16
Quality | Allergen Items List;;customsearch_as_allergen_items_2_3_2;Item;Aaron T Luke;Public;Export (CSV);Persist (CSV);No;Aaron T Luke;10/04/2026 10:24
Quality | Allergen Sales Search Previous Year;;customsearch4420;Transaction;Aaron T Luke;Public;Export (CSV);Persist (CSV);No;Sheldon McNiven;8/05/2026 09:29
Quality | Bottling Production Search;;customsearch4312;Transaction;Aaron T Luke;Public;Export (CSV);Persist (CSV);Yes;Aaron T Luke;1/08/2026 01:00
Quality | Encapsulation Production Search;;customsearch4310;Transaction;Aaron T Luke;Public;Export (CSV);Persist (CSV);Yes;Aaron T Luke;1/08/2026 01:00
Quality | Item Status - QA Inspection;;customsearch4796;Item;Aaron T Luke;Public;Export (CSV);Persist (CSV);No;Aaron T Luke;24/06/2026 07:55
Quality | Items Received;;customsearch3435;Transaction;Aaron T Luke;Public;Export (CSV);Persist (CSV);No;Aaron T Luke;31/07/2025 07:57
Quality | Label Production Search;;customsearch4309;Transaction;Aaron T Luke;Public;Export (CSV);Persist (CSV);Yes;Aaron T Luke;1/08/2026 01:00
Quality | Labeling Production Search;;customsearch4311;Transaction;Aaron T Luke;Public;Export (CSV);Persist (CSV);Yes;Aaron T Luke;1/08/2026 01:00
Quality | Multiple Revision Manufacturing BOMs;;customsearch3343;Bill of Materials;Aaron T Luke;Public;Export (CSV);Persist (CSV);No;Matt Gapinski;2/04/2026 06:25
Quality | New Blends and Capsules;;customsearch3848;Item;Aaron T Luke;Public;Export (CSV);Persist (CSV);No;Ricardo Jimenez;14/08/2026 12:09
Quality | New Inventory Items;;customsearchquality_new_inventory_item;Item;Aaron T Luke;Public;Export (CSV);Persist (CSV);No;Aaron T Luke;17/08/2026 11:19
Quality | New Raw Materials;;customsearch3846;Item;Aaron T Luke;Public;Export (CSV);Persist (CSV);No;Aaron T Luke;12/08/2025 10:43
Quality | Non Allergen & Organic Encap 2024;;customsearch4718;Transaction;Aaron T Luke;Public;Export (CSV);Persist (CSV);No;Sheldon McNiven;14/05/2026 11:04
Quality | Organic Encap 2024;;customsearch4717;Transaction;Aaron T Luke;Public;Export (CSV);Persist (CSV);No;Sheldon McNiven;13/05/2026 13:17
Quality | Organic Sales Search Previous Year;;customsearch4418;Transaction;Aaron T Luke;Public;Export (CSV);Persist (CSV);No;Aaron T Luke;10/04/2026 12:07
Quality | Organic Search;;customsearch4413;Item;Aaron T Luke;Public;Export (CSV);Persist (CSV);No;Sheldon McNiven;8/04/2026 13:39
Quality | Printing Work Orders Scheduled Last 30 days;;customsearch4720;Transaction;Aaron T Luke;Public;Export (CSV);Persist (CSV);No;Tina Briggs;13/05/2026 05:06
Quality | Raw Material Classifications;;customsearch4480;Item;Aaron T Luke;Public;Export (CSV);Persist (CSV);No;Aaron T Luke;7/05/2026 11:25
Quality | Raw Material Conversion Product Types;;customsearch4709;Item;Aaron T Luke;Public;Export (CSV);Persist (CSV);No;Aaron T Luke;28/05/2026 12:31
Quality | Released Printing Work Orders;;customsearch4466;Transaction;Aaron T Luke;Public;Export (CSV);Persist (CSV);No;Kevin Whipple;5/08/2026 05:13
Quality | Sales Search Previous Year;;customsearch4453;Transaction;Aaron T Luke;Public;Export (CSV);Persist (CSV);No;Sheldon McNiven;13/05/2026 14:23
Quality | Saved Searches;;customsearch2949;Saved Search;Camila Coca;Public;Export (CSV);Persist (CSV);No;;
Quality | Scheduled Printing Work Orders;;customsearch4469;Transaction;Aaron T Luke;Public;Export (CSV);Persist (CSV);No;Luis Canelon;19/06/2026 07:40
Quantity Breakdown per Sales Order;591665;customsearch_pickedvsshippedquantiryvari;Transaction;Sophia Burr;Public;Export (CSV);Persist (CSV);No;;
Queued Payment File Administration;533070;customsearch_8859_process_queue;Payment File Administration;Sophia Burr;Public;Export (CSV);Persist (CSV);No;;
Quotes Expiring This Week;;customsearch_atlas_quotes_expiring_rem;Transaction;Sophia Burr;Public;Export (CSV);Persist (CSV);No;Emily Gray;17/08/2026 11:00
RAC Search Transaction ;266623;customsearch_rac_transactionsearch;Transaction;Sophia Burr;Public;Export (CSV);Persist (CSV);No;;
Receipt History;;customsearch_atlas_receipt_history_rpt;Transaction;Sophia Burr;Public;Export (CSV);Persist (CSV);No;Felicity Michaels;17/12/2025 10:23
Records in Draft Approval;203059;customsearch_sas_draft_approval_list;Draft Approval;Sophia Burr;Public;Export (CSV);Persist (CSV);No;;
Released Date [WORKFLOW];;customsearch4953;Transaction;Holden Witt;Public;Export (CSV);Persist (CSV);No;Holden Witt;5/08/2026 12:36
Reorder Multiple Search;;customsearch4766;Item;Shelby DeCol;Public;Export (CSV);Persist (CSV);No;Shelby DeCol;5/08/2026 09:54
Reports History;551966;customsearch_fam_reportshistory;BG Process Instance;Sophia Burr;Public;Export (CSV);Persist (CSV);No;;
Reports History (FPR);551966;customsearch_fam_reportshistory_fpr;FAM Process;Sophia Burr;Public;Export (CSV);Persist (CSV);No;Daniel Merkley;29/08/2025 16:22
Requisition Item List (DO NOT DELETE);;customsearch2903;Item;Adrian Palmar;Public;Export (CSV);Persist (CSV);No;Adrian Palmar;29/10/2025 13:42
Requisitions ;;customsearch4749;Transaction;Holden Witt;Public;Export (CSV);Persist (CSV);No;Holden Witt;2/06/2026 12:11
Returns by Employee;;customsearch_atlas_returnbyemployee_rpt;Transaction;Sophia Burr;Public;Export (CSV);Persist (CSV);No;Camilo Montano;29/05/2025 11:02
Revenue / Cost / Margin / Gross Profit Analysis Report;;customsearch_atlas_margin_rpt;Transaction;Sophia Burr;Public;Export (CSV);Persist (CSV);No;Matt Gapinski;6/08/2026 09:16
Revenue By Class - Graph;;customsearch_atlas_rev_by_class;Transaction;Sophia Burr;Public;Export (CSV);Persist (CSV);No;;
Revenue By Location;;customsearch_atlas_ff_revenue_by_locatio;Transaction;Sophia Burr;Public;Export (CSV);Persist (CSV);No;;
Revenue By Location - Graph;;customsearch_atlas_ff_rev_by_loc_grph;Transaction;Sophia Burr;Public;Export (CSV);Persist (CSV);No;;
Revenue Growth - Graph;;customsearch_atlas_rev_growth_grph;Transaction;Sophia Burr;Public;Export (CSV);Persist (CSV);No;Camilo Montano;27/05/2025 13:58
RFQ Awaiting Response;;customsearch_atlas_ap_rfq_award_rsp_rem;Transaction;Sophia Burr;Public;Export (CSV);Persist (CSV);No;Camilo Montano;21/05/2025 08:30
Right-of-Use Asset Listing Report;551966;customsearch_fam_rou_assetlisting;Transaction;Sophia Burr;Public;Export (CSV);Persist (CSV);No;;
RK Drops Recall;;customsearch2850;Transaction;Adrian Palmar;Public;Export (CSV);Persist (CSV);No;Camilo Montano;19/05/2025 14:11
RK Drops Recall - Camila;;customsearch2858;Transaction;Camila Coca;Public;Export (CSV);Persist (CSV);No;Camilo Montano;19/05/2025 13:59
RMA Lookup;;customsearch_atlas_rma_lookup_rpt;Transaction;Sophia Burr;Public;Export (CSV);Persist (CSV);No;Emily Gray;10/06/2026 10:51
Role Change Log;;customsearch_atlas_it_role_change_rpt;Employee;Sophia Burr;Public;Export (CSV);Persist (CSV);No;;
Role Permission Change Log;;customsearch_atlas_it_role_perm_chng_rpt;Role;Sophia Burr;Public;Export (CSV);Persist (CSV);No;Camilo Montano;29/05/2025 11:13
Routing Sublist;;customsearch_atlas_routing_sublist;Manufacturing Routing;Sophia Burr;Public;Export (CSV);Persist (CSV);No;Shelby DeCol;31/10/2023 08:55
Sales  | Open Quotes;;customsearch_mhi_vox_quotes_me_2;Transaction;Adrian Palmar;Public;Export (CSV);Persist (CSV);No;Camilo Montano;5/08/2026 08:06
Sales  | Open Quotes by Item;;customsearch_mhi_vox_quotes_me_2_3;Transaction;Camilo Montano;Public;Export (CSV);Persist (CSV);No;Camilo Montano;23/06/2026 10:57
Sales & Quotes Data;;customsearch4032;Transaction;Aaron T Luke;Public;Export (CSV);Persist (CSV);Yes;Aaron T Luke;17/08/2026 01:00
Sales Activity - Events;;customsearch_atlas_events_rpt;Event;Sophia Burr;Public;Export (CSV);Persist (CSV);No;Taylor Yates;12/02/2026 18:08
Sales Activity - Phone Calls;;customsearch_atlas_phonecalls_rpt;Phone Call;Sophia Burr;Public;Export (CSV);Persist (CSV);No;Taylor Yates;12/02/2026 18:08
Sales Activity - Tasks;;customsearch_atlas_tasks_rpt;Task;Sophia Burr;Public;Export (CSV);Persist (CSV);No;Taylor Yates;12/02/2026 18:08
Sales and Margin Report;;customsearch_atlas_avg_sales_rpt;Item;Sophia Burr;Public;Export (CSV);Persist (CSV);No;Justin Cobbley;14/08/2026 06:12
Sales by Campaign by Hour of Day;;customsearch_atlas_campaign_by_hr_rpt;Transaction;Sophia Burr;Public;Export (CSV);Persist (CSV);No;;
Sales by Campaign/Promotion;;customsearch_atlas_sales_by_campaign_rpt;Campaign;Sophia Burr;Public;Export (CSV);Persist (CSV);No;;
Sales by Payment Method;;customsearch_atlas_salesbypmt_method_rpt;Transaction;Sophia Burr;Public;Export (CSV);Persist (CSV);No;Matt Gapinski;2/10/2025 07:40
Sales by Product Category;;customsearch_atlas_salesbyprodcat_rpt;Transaction;Sophia Burr;Public;Export (CSV);Persist (CSV);No;Camilo Montano;27/05/2025 13:42
Sales by State;;customsearch_atlas_salesbystate_rpt;Transaction;Sophia Burr;Public;Export (CSV);Persist (CSV);No;Camilo Montano;23/06/2025 10:08
Sales by State - Graph;;customsearch_atlas_salesbystate_grph;Transaction;Sophia Burr;Public;Export (CSV);Persist (CSV);No;;
Sales Detail Query;;customsearch_atlas_salesdetail_query_rpt;Transaction;Sophia Burr;Public;Export (CSV);Persist (CSV);No;Camilo Montano;20/06/2025 14:00
Sales History - Item;;customsearch_atlas_sales_history_grph;Transaction;Sophia Burr;Public;Export (CSV);Persist (CSV);No;Jennilyn Tockstein;19/03/2026 12:45
Sales Order Bookings;;customsearch_atlas_sales_ordr_book_kpi;Transaction;Sophia Burr;Public;Export (CSV);Persist (CSV);No;;
Sales Order by Customer;;customsearch2840;Transaction;Camila Coca;Public;Export (CSV);Persist (CSV);No;Janet Pacheco;3/12/2025 12:21
Sales Order By Location;;customsearch_atlas_so_by_location_rpt;Transaction;Sophia Burr;Public;Export (CSV);Persist (CSV);No;Camilo Montano;23/06/2025 10:06
Sales Order Count by Customer;;customsearch3518;Transaction;Aaron T Luke;Public;Export (CSV);Persist (CSV);No;Camilo Montano;19/06/2025 08:51
Sales Order Details Search;591665;customsearch_packship_salesord_details;Transaction;Kris Bevans;Public;Export (CSV);Persist (CSV);No;Camilo Montano;27/05/2025 15:04
Sales Order Name Search;591665;customsearch_packship_salesorder_name;Transaction;Kris Bevans;Public;Export (CSV);Persist (CSV);No;;
Sales Order Non-Conformance Analysis;;customsearch_atlas_so_nc_rpt;Transaction;Sophia Burr;Public;Export (CSV);Persist (CSV);No;;
Sales Order Number of Lines;;customsearch_atlas_so_number_kpi;Transaction;Sophia Burr;Public;Export (CSV);Persist (CSV);No;Camilo Montano;27/05/2025 15:03
Sales Order Status Report;;customsearch_atlas_so_status_rpt;Transaction;Sophia Burr;Public;Export (CSV);Persist (CSV);No;Tanner Wach;11/08/2025 12:42
Sales Orders (Collagen Gummies);;customsearch2979;Transaction;Adrian Palmar;Public;Export (CSV);Persist (CSV);No;Camilo Montano;23/06/2025 10:34
Sales Orders Billed;;customsearch_atlas_so_billed_trend_kpi;Transaction;Sophia Burr;Public;Export (CSV);Persist (CSV);No;Camilo Montano;2/07/2025 09:45
Sales Orders Pending Fulfillment;;customsearch_atlas_sales_ordr_pend_rem;Transaction;Sophia Burr;Public;Export (CSV);Persist (CSV);No;Janet Pacheco;8/04/2026 06:56
Sales Orders Released (today);;customsearch3983;Transaction;Adrian Palmar;Public;Export (CSV);Persist (CSV);No;Adrian Palmar;1/10/2025 09:51
Sales Orders to Pack Today;591665;customsearch_salesorderstopacktoday;Transaction;Sophia Burr;Public;Export (CSV);Persist (CSV);No;;
Sales Orders to Ship This week;591665;customsearch_salesorderstoshipthisweek;Transaction;Sophia Burr;Public;Export (CSV);Persist (CSV);No;;
Sales Orders to Ship today;591665;customsearch_salesorderstoshiptoday;Transaction;Sophia Burr;Public;Export (CSV);Persist (CSV);No;Justin Kleeger;2/05/2024 06:48
Sales Orders | Pending Accounting Approval (AR);;customsearch4055;Transaction;Adrian Palmar;Public;Export (CSV);Persist (CSV);No;Camilo Montano;17/08/2026 11:45
Sales Orders | Pending Accounting Approval (Paysheet) Old process;;customsearch4093;Transaction;Adrian Palmar;Public;Export (CSV);Persist (CSV);No;Camilo Montano;17/08/2026 11:45
Sales Rep Profit by Sales Order;;customsearch_atlas_salesrep_profit_rpt;Transaction;Sophia Burr;Public;Export (CSV);Persist (CSV);No;Camilo Montano;11/07/2025 15:20
Sales Rep Quote Conversion Rate;;customsearch_atlas_convers_rate_rpt;Transaction;Sophia Burr;Public;Export (CSV);Persist (CSV);No;Camilo Montano;19/06/2025 12:53
Sales |  Vision Health Plus W/O Labels (On Hand);;customsearch4387;Item;Camilo Montano;Public;Export (CSV);Persist (CSV);No;Camilo Montano;28/07/2026 09:20
Sales | 2025 Prop 65 info;;customsearch4115;Transaction;Aaron T Luke;Public;Export (CSV);Persist (CSV);No;Aaron T Luke;14/07/2026 11:21
Sales | 2025 Sales Order by customer and product (project) ;;customsearch4204;Transaction;Camilo Montano;Public;Export (CSV);Persist (CSV);No;Camilo Montano;8/06/2026 14:29
Sales | 2025 Sales Order by customer and product w/date and rate (project) ;;customsearch4252;Transaction;Camilo Montano;Public;Export (CSV);Persist (CSV);No;Camilo Montano;23/01/2026 10:08
Sales | 2025 Sales Order Sum by customer (Until May 8th);;customsearch4771;Transaction;Camilo Montano;Public;Export (CSV);Persist (CSV);No;Ashley Quintana;11/06/2026 12:56
Sales | 2026 Sales Order Sum by customer (Until May 8th);;customsearch4772;Transaction;Camilo Montano;Public;Export (CSV);Persist (CSV);No;Ashley Quintana;11/06/2026 12:56
Sales | Active & Inactive Customers;;customsearch3823;Customer;Jennilyn Tockstein;Public;Export (CSV);Persist (CSV);No;Adrian Palmar;12/01/2026 11:29
Sales | Active Customers;;customsearch2738;Customer;Adrian Palmar;Public;Export (CSV);Persist (CSV);No;Aaron T Luke;21/05/2026 14:50
Sales | Active Customers by Sales Rep (2025);;customsearch4040;Customer;Camilo Montano;Public;Export (CSV);Persist (CSV);No;Camilo Montano;21/04/2026 13:53
Sales | Add to Bottling Job;;customsearch4091;Transaction;Adrian Palmar;Public;Export (CSV);Persist (CSV);No;Camilo Montano;17/08/2026 11:45
Sales | Approved +1K Bottle Orders (Prev Day) – Full Detail;;customsearch3646;Transaction;Camilo Montano;Public;Export (CSV);Persist (CSV);No;Ashley Quintana;8/08/2025 14:57
Sales | B-12 Complex (Open SOs);;customsearch4908;Transaction;Camilo Montano;Public;Export (CSV);Persist (CSV);No;Janet Pacheco;25/06/2026 09:09
Sales | Best Seller Labels (On Hand);;customsearch4356;Item;Camilo Montano;Public;Export (CSV);Persist (CSV);No;Camilo Montano;3/08/2026 10:10
Sales | Blanket Orders (active);;customsearch3623;Transaction;Camilo Montano;Public;Export (CSV);Persist (CSV);No;Mike Wagoner;11/08/2026 06:06
Sales | Blue Collar Nutrition Customer (Open SOs);;customsearch5042;Transaction;Camilo Montano;Public;Export (CSV);Persist (CSV);No;Camilo Montano;7/08/2026 09:18
Sales | Brand On Demand Customer (Open SOs);;customsearch4290;Transaction;Camilo Montano;Public;Export (CSV);Persist (CSV);No;Camilo Montano;10/08/2026 11:40
Sales | Captivate Culture Customer (SOs);;customsearch4950;Transaction;Camilo Montano;Public;Export (CSV);Persist (CSV);No;Emily Gray;13/07/2026 13:57
Sales | Certified Organic Products and Raws;;customsearch3238;Item;Camila Coca;Public;Export (CSV);Persist (CSV);No;Camilo Montano;19/06/2025 11:27
Sales | Christmas List (Top Customers by Current Year's Rev);;customsearch3027;Transaction;Camila Coca;Public;Export (CSV);Persist (CSV);No;Chad Thomas;17/06/2025 10:51
Sales | Component Dimensions;;customsearch4061;Item;Aaron T Luke;Public;Export (CSV);Persist (CSV);No;Aaron T Luke;5/11/2025 12:34
Sales | Concordia Partners (Open SOs);;customsearch4164;Transaction;Camilo Montano;Public;Export (CSV);Persist (CSV);No;Camilo Montano;17/08/2026 08:27
Sales | Contact Search;;customsearch4400;Contact;Aaron T Luke;Public;Export (CSV);Persist (CSV);No;Aaron T Luke;26/03/2026 08:18
Sales | Creation of Laminated Label WO Tracker;;customsearch4101;Transaction;Adrian Palmar;Public;Export (CSV);Persist (CSV);No;Camilo Montano;17/08/2026 11:45
Sales | Customer Contact & Last SO Date;;customsearch2909;Customer;Camila Coca;Public;Export (CSV);Persist (CSV);No;Camilo Montano;20/06/2025 13:57
Sales | Customer Contact List;;customsearch4399;Customer;Aaron T Luke;Public;Export (CSV);Persist (CSV);No;Aaron T Luke;26/03/2026 08:27
Sales | Customer Order Trend;;customsearch3944;Transaction;Camilo Montano;Public;Export (CSV);Persist (CSV);No;Camilo Montano;14/08/2026 15:19
Sales | Customer Prop 65 information;;customsearch4113;Customer;Aaron T Luke;Public;Export (CSV);Persist (CSV);No;Aaron T Luke;14/07/2026 11:22
Sales | Customers by Sales Reps w/Revenue;;customsearch3278;Customer;Camilo Montano;Public;Export (CSV);Persist (CSV);No;Ashley Quintana;9/02/2026 15:20
Sales | Customers Purchased Berberine (last 120 days) ;;customsearch4969;Transaction;Camilo Montano;Public;Export (CSV);Persist (CSV);No;Ruben Espinosa;20/07/2026 12:42
Sales | Customers Purchased Best Sellers Blend (2025);;customsearch4006;Transaction;Camilo Montano;Public;Export (CSV);Persist (CSV);No;Camilo Montano;9/10/2025 12:21
Sales | Customers Purchased Best Sellers Plus (last 120 days) ;;customsearch5028;Transaction;Camilo Montano;Public;Export (CSV);Persist (CSV);No;Ruben Espinosa;4/08/2026 10:04
Sales | Customers Purchased Caralluma (last 120 days) ;;customsearch5006;Transaction;Camilo Montano;Public;Export (CSV);Persist (CSV);No;Camilo Montano;31/07/2026 10:58
Sales | Customers Purchased Cinnamon (last 120 days) ;;customsearch4974;Transaction;Camilo Montano;Public;Export (CSV);Persist (CSV);No;Camilo Montano;28/07/2026 10:34
Sales | Customers Purchased Colon Sweep (last 120 days) ;;customsearch5024;Transaction;Camilo Montano;Public;Export (CSV);Persist (CSV);No;Ruben Espinosa;4/08/2026 10:02
Sales | Customers Purchased Colostrum (last 120 days) ;;customsearch4972;Transaction;Camilo Montano;Public;Export (CSV);Persist (CSV);No;Ruben Espinosa;17/07/2026 10:02
Sales | Customers Purchased Creatine (last 120 days) ;;customsearch5019;Transaction;Camilo Montano;Public;Export (CSV);Persist (CSV);No;Ruben Espinosa;6/08/2026 05:41
Sales | Customers Purchased Digestive Enzyme (last 120 days);;customsearch4359;Transaction;Camilo Montano;Public;Export (CSV);Persist (CSV);No;Ruben Espinosa;7/08/2026 09:08
Sales | Customers Purchased Garcinia Cambogia Complex (last 120 days);;customsearch4162;Transaction;Camilo Montano;Public;Export (CSV);Persist (CSV);No;Camilo Montano;9/01/2026 14:04
Sales | Customers Purchased Hydration Fruit Punch (last 120 days);;customsearch4326;Transaction;Camilo Montano;Public;Export (CSV);Persist (CSV);No;Camilo Montano;26/02/2026 13:44
Sales | Customers Purchased Joint Support (last 120 days) ;;customsearch4998;Transaction;Camilo Montano;Public;Export (CSV);Persist (CSV);No;Ruben Espinosa;28/07/2026 07:24
Sales | Customers Purchased K2D3 (last 120 days);;customsearch4329;Transaction;Camilo Montano;Public;Export (CSV);Persist (CSV);No;Kami Butcher;2/03/2026 13:56
Sales | Customers Purchased Liposomal Vitamin C (last 12 months);;customsearch4799;Transaction;Camilo Montano;Public;Export (CSV);Persist (CSV);No;Janet Pacheco;23/06/2026 10:56
Sales | Customers Purchased Moringa (last 120 days) ;;customsearch5026;Transaction;Camilo Montano;Public;Export (CSV);Persist (CSV);No;Camilo Montano;6/08/2026 09:45
Sales | Customers Purchased Myo & D-Chiro (last 12 months);;customsearch4939;Transaction;Camilo Montano;Public;Export (CSV);Persist (CSV);No;Camilo Montano;9/07/2026 08:48
Sales | Customers Purchased Nitric Shock (Blue Raspberry) (last 120 days) ;;customsearch4051;Transaction;Camilo Montano;Public;Export (CSV);Persist (CSV);No;Camilo Montano;15/07/2026 12:25
Sales | Customers Purchased Nitric Shock (Fruit Punch) (last 120 days) ;;customsearch5004;Transaction;Camilo Montano;Public;Export (CSV);Persist (CSV);No;Ruben Espinosa;28/07/2026 12:35
Sales | Customers Purchased Omega 3 (last 12 months);;customsearch3799;Transaction;Camilo Montano;Public;Export (CSV);Persist (CSV);No;Ashley Quintana;28/07/2026 15:45
Sales | Customers Purchased Oxy Burn W/O Red/Black (2026);;customsearch5040;Transaction;Camilo Montano;Public;Export (CSV);Persist (CSV);No;Janet Pacheco;11/08/2026 13:24
Sales | Customers Purchased Prostate (last 120 days) ;;customsearch5017;Transaction;Camilo Montano;Public;Export (CSV);Persist (CSV);No;Ruben Espinosa;4/08/2026 05:43
Sales | Customers Purchased Saffron (2026);;customsearch5041;Transaction;Camilo Montano;Public;Export (CSV);Persist (CSV);No;Ruben Espinosa;7/08/2026 12:41
Sales | Customers Purchased Tribulus (last 120 days) ;;customsearch4984;Transaction;Camilo Montano;Public;Export (CSV);Persist (CSV);No;Ruben Espinosa;20/07/2026 12:43
Sales | Customers Purchased Ultra Test (last 120 days) ;;customsearch5015;Transaction;Camilo Montano;Public;Export (CSV);Persist (CSV);No;Ruben Espinosa;3/08/2026 06:43
Sales | Customers who ordered: Omega 3 Soft Gels;;customsearch3895;Transaction;Shelby DeCol;Public;Export (CSV);Persist (CSV);No;Camilo Montano;10/02/2026 11:14
Sales | Customers who ordered: Probiotic 40B - 60B, Women's Probiotic 50B and Menopause (18 months);;customsearch3705;Transaction;Camilo Montano;Public;Export (CSV);Persist (CSV);No;Camilo Montano;21/04/2026 13:54
Sales | Customers without Shipping Address ;;customsearch4128;Customer;Camilo Montano;Public;Export (CSV);Persist (CSV);No;Camilo Montano;1/12/2025 10:42
Sales | Daily QA Hold Changes;;customsearch2923;Transaction;Camila Coca;Public;Export (CSV);Persist (CSV);No;Camilo Montano;19/05/2025 10:04
Sales | Daily Released Changes ;;customsearch2927;Transaction;Camila Coca;Public;Export (CSV);Persist (CSV);No;Adrian Palmar;16/05/2025 14:21
Sales | Digestive Enzyme Labels (On Hand);;customsearch4360;Item;Camilo Montano;Public;Export (CSV);Persist (CSV);No;Camilo Montano;6/08/2026 09:46
Sales | Item History;;customsearch_atlas_sales_history_grph_2;Transaction;Adrian Palmar;Public;Export (CSV);Persist (CSV);No;Jennilyn Tockstein;19/03/2026 12:45
Sales | K2D3 Labels On Hand;;customsearch4328;Item;Camilo Montano;Public;Export (CSV);Persist (CSV);No;Kami Butcher;2/03/2026 13:55
Sales | Kapsulations SOs by Item (Open);;customsearch4095;Transaction;Camilo Montano;Public;Export (CSV);Persist (CSV);No;Camilo Montano;13/11/2025 09:50
Sales | Kaya Naturals Customer (Open SOs);;customsearch4983;Transaction;Camilo Montano;Public;Export (CSV);Persist (CSV);No;Ashley Quintana;31/07/2026 08:53
Sales | Kaya SOs by Item (Open);;customsearch4080;Transaction;Camilo Montano;Public;Export (CSV);Persist (CSV);No;Camilo Montano;31/07/2026 08:28
Sales | Label Search 5-HTP;;customsearch3526;Item;Aaron T Luke;Public;Export (CSV);Persist (CSV);No;Camilo Montano;7/07/2025 13:40
Sales | Label Search Acai Max Detox;;customsearch3547;Item;Aaron T Luke;Public;Export (CSV);Persist (CSV);No;Camilo Montano;15/07/2026 12:30
Sales | Label Search Anxiety Plus;;customsearch3530;Item;Camilo Montano;Public;Export (CSV);Persist (CSV);No;Camilo Montano;16/12/2025 08:10
Sales | Label Search Ashwagandha;;customsearch3525;Item;Aaron T Luke;Public;Export (CSV);Persist (CSV);No;Ashley Quintana;13/03/2025 15:35
Sales | Label Search Berberine;;customsearch3538;Item;Camilo Montano;Public;Export (CSV);Persist (CSV);No;Camilo Montano;15/07/2026 12:37
Sales | Label Search Berberine (On Hand);;customsearch4970;Item;Camilo Montano;Public;Export (CSV);Persist (CSV);No;Claudio Soto;20/07/2026 12:55
Sales | Label Search Best Seller Ultra;;customsearch3539;Item;Aaron T Luke;Public;Export (CSV);Persist (CSV);No;Camilo Montano;12/03/2026 10:55
Sales | Label Search Best Sellers Plus (On Hand);;customsearch5029;Item;Camilo Montano;Public;Export (CSV);Persist (CSV);No;Camilo Montano;3/08/2026 12:11
Sales | Label Search Blood Sugar;;customsearch3540;Item;Aaron T Luke;Public;Export (CSV);Persist (CSV);No;Ashley Quintana;13/03/2025 15:28
Sales | Label Search Caralluma;;customsearch3537;Item;Aaron T Luke;Public;Export (CSV);Persist (CSV);No;Ashley Quintana;13/03/2025 15:25
Sales | Label Search Caralluma (On Hand);;customsearch5007;Item;Camilo Montano;Public;Export (CSV);Persist (CSV);No;Camilo Montano;31/07/2026 10:59
Sales | Label Search Ceylon Cinnamon;;customsearch3551;Item;Camilo Montano;Public;Export (CSV);Persist (CSV);No;Ashley Quintana;13/03/2025 15:29
Sales | Label Search Cinnamon (On Hand);;customsearch4975;Item;Camilo Montano;Public;Export (CSV);Persist (CSV);No;Camilo Montano;28/07/2026 10:38
Sales | Label Search Collagen Complex;;customsearch3527;Item;Aaron T Luke;Public;Export (CSV);Persist (CSV);No;Ashley Quintana;13/03/2025 15:25
Sales | Label Search Colon Sweep;;customsearch3541;Item;Aaron T Luke;Public;Export (CSV);Persist (CSV);No;Ashley Quintana;13/03/2025 15:26
Sales | Label Search Colon Sweep (On Hand);;customsearch5025;Item;Camilo Montano;Public;Export (CSV);Persist (CSV);No;Camilo Montano;3/08/2026 12:10
Sales | Label Search Colostrum (On Hand);;customsearch4973;Item;Camilo Montano;Public;Export (CSV);Persist (CSV);No;Camilo Montano;17/07/2026 08:04
Sales | Label Search CoQ10 (On Hand);;customsearch5003;Item;Camilo Montano;Public;Export (CSV);Persist (CSV);No;Camilo Montano;28/07/2026 09:49
Sales | Label Search Creatine (On Hand);;customsearch5020;Item;Camilo Montano;Public;Export (CSV);Persist (CSV);No;Camilo Montano;3/08/2026 11:56
Sales | Label Search Emergency Immune ;;customsearch3777;Item;Camilo Montano;Public;Export (CSV);Persist (CSV);No;Camilo Montano;23/07/2025 15:29
Sales | Label Search Eye Formula;;customsearch3529;Item;Aaron T Luke;Public;Export (CSV);Persist (CSV);No;Ashley Quintana;13/03/2025 15:26
Sales | Label Search Female Enhancement;;customsearch3536;Item;Aaron T Luke;Public;Export (CSV);Persist (CSV);No;Camilo Montano;31/03/2025 14:10
Sales | Label Search Garcinia Cambogia Complex ;;customsearch4163;Item;Camilo Montano;Public;Export (CSV);Persist (CSV);No;Camilo Montano;9/01/2026 14:02
Sales | Label Search Ginkgo Biloba Ultra;;customsearch3550;Item;Aaron T Luke;Public;Export (CSV);Persist (CSV);No;Camilo Montano;16/12/2025 13:50
Sales | Label Search Joint Support;;customsearch3544;Item;Aaron T Luke;Public;Export (CSV);Persist (CSV);No;Ashley Quintana;13/03/2025 15:30
Sales | Label Search Joint Support (On Hand);;customsearch4999;Item;Camilo Montano;Public;Export (CSV);Persist (CSV);No;Camilo Montano;27/07/2026 13:21
Sales | Label Search K2D3;;customsearch3546;Item;Aaron T Luke;Public;Export (CSV);Persist (CSV);No;Camilo Montano;26/02/2026 13:35
Sales | Label Search Liver Support;;customsearch3532;Item;Aaron T Luke;Public;Export (CSV);Persist (CSV);No;Ashley Quintana;13/03/2025 15:30
Sales | Label Search Magnesium Complex;;customsearch3534;Item;Camilo Montano;Public;Export (CSV);Persist (CSV);No;Ashley Quintana;13/03/2025 15:34
Sales | Label Search Max Detox (On Hand);;customsearch5001;Item;Camilo Montano;Public;Export (CSV);Persist (CSV);No;Camilo Montano;27/07/2026 13:22
Sales | Label Search Melatonin Plus;;customsearch3535;Item;Aaron T Luke;Public;Export (CSV);Persist (CSV);No;Ashley Quintana;13/03/2025 15:31
Sales | Label Search Men's and Women's Multi;;customsearch3533;Item;Aaron T Luke;Public;Export (CSV);Persist (CSV);No;Ashley Quintana;13/03/2025 15:31
Sales | Label Search Menopause Plus;;customsearch3528;Item;Camilo Montano;Public;Export (CSV);Persist (CSV);No;Camilo Montano;1/06/2026 12:02
Sales | Label Search Moringa ;;customsearch3521;Item;Camilo Montano;Public;Export (CSV);Persist (CSV);No;Ashley Quintana;13/03/2025 15:34
Sales | Label Search Moringa (On Hand);;customsearch5027;Item;Camilo Montano;Public;Export (CSV);Persist (CSV);No;Camilo Montano;6/08/2026 09:43
Sales | Label Search Neuro Plus Brain and Focus;;customsearch3531;Item;Camilo Montano;Public;Export (CSV);Persist (CSV);No;Ashley Quintana;13/03/2025 15:34
Sales | Label Search Nitric Shock (Fruit Punch) (On Hand);;customsearch5005;Item;Camilo Montano;Public;Export (CSV);Persist (CSV);No;Camilo Montano;28/07/2026 10:26
Sales | Label Search Omega Softgel;;customsearch3548;Item;Camilo Montano;Public;Export (CSV);Persist (CSV);No;Ashley Quintana;13/03/2025 15:33
Sales | Label Search Probiotic 40B;;customsearch3774;Item;Camilo Montano;Public;Export (CSV);Persist (CSV);No;Camilo Montano;23/07/2025 15:31
Sales | Label Search Probiotic 60B;;customsearch3776;Item;Camilo Montano;Public;Export (CSV);Persist (CSV);No;Camilo Montano;23/07/2025 15:26
Sales | Label Search Prostate (On Hand);;customsearch5018;Item;Camilo Montano;Public;Export (CSV);Persist (CSV);No;Camilo Montano;31/07/2026 11:05
Sales | Label Search Prostate Formula;;customsearch3545;Item;Camilo Montano;Public;Export (CSV);Persist (CSV);No;Ashley Quintana;13/03/2025 15:33
Sales | Label Search Quercetin Plus;;customsearch3543;Item;Camilo Montano;Public;Export (CSV);Persist (CSV);No;Ashley Quintana;13/03/2025 15:33
Sales | Label Search Resveratrol;;customsearch3524;Item;Aaron T Luke;Public;Export (CSV);Persist (CSV);No;Maria Zambrano;14/03/2025 05:10
Sales | Label Search Sea Moss;;customsearch3549;Item;Aaron T Luke;Public;Export (CSV);Persist (CSV);No;Ashley Quintana;13/03/2025 15:32
Sales | Label Search Tribulus (On Hand);;customsearch4985;Item;Camilo Montano;Public;Export (CSV);Persist (CSV);No;Tyler Hall;20/07/2026 11:42
Sales | Label Search Turmeric w/Bio;;customsearch3766;Item;Camilo Montano;Public;Export (CSV);Persist (CSV);No;Ashley Quintana;24/07/2025 09:35
Sales | Label Search Turmeric w/Ginger;;customsearch3520;Item;Aaron T Luke;Public;Export (CSV);Persist (CSV);No;Camilo Montano;21/01/2026 14:33
Sales | Label Search Ultra Test;;customsearch3522;Item;Aaron T Luke;Public;Export (CSV);Persist (CSV);No;Ashley Quintana;13/03/2025 15:32
Sales | Label Search Ultra Test (On Hand);;customsearch5016;Item;Camilo Montano;Public;Export (CSV);Persist (CSV);No;Camilo Montano;31/07/2026 10:59
Sales | Label Search Women's Probiotic 50B;;customsearch3775;Item;Camilo Montano;Public;Export (CSV);Persist (CSV);No;Camilo Montano;23/07/2025 15:21
Sales | Laminated Labels (CL) Stock ;;customsearch4211;Item;Camilo Montano;Public;Export (CSV);Persist (CSV);No;Camilo Montano;20/01/2026 15:06
Sales | Laminated Labels (Pending Print Option);;customsearch4265;Transaction;Adrian Palmar;Public;Export (CSV);Persist (CSV);No;Camilo Montano;17/08/2026 11:45
Sales | Maxwell Nutrition Total SOs (2025);;customsearch3962;Transaction;Camilo Montano;Public;Export (CSV);Persist (CSV);No;Camilo Montano;13/04/2026 06:49
Sales | Menopause Labels On Hand;;customsearch4756;Item;Camilo Montano;Public;Export (CSV);Persist (CSV);No;Camilo Montano;1/06/2026 12:04
Sales | NHC Group (Label Search) ;;customsearch4332;Item;Camilo Montano;Public;Export (CSV);Persist (CSV);No;Camilo Montano;2/03/2026 14:10
Sales | NHC Group Customer (Open SOs);;customsearch3959;Transaction;Camilo Montano;Public;Export (CSV);Persist (CSV);No;Camilo Montano;11/12/2025 08:12
Sales | NMN Labels (On Hand);;customsearch4406;Item;Camilo Montano;Public;Export (CSV);Persist (CSV);No;Camilo Montano;6/08/2026 09:50
Sales | NSF Label Search ;;customsearch4160;Item;Camilo Montano;Public;Export (CSV);Persist (CSV);No;Camilo Montano;13/01/2026 07:36
Sales | On Demand Fulfillment Customer (Open SOs);;customsearch3434;Transaction;Camilo Montano;Public;Export (CSV);Persist (CSV);No;Ashley Quintana;17/08/2026 10:31
Sales | On Demand Fulfillment Customer (SOs Completed);;customsearch5043;Transaction;Camilo Montano;Public;Export (CSV);Persist (CSV);No;Camilo Montano;7/08/2026 09:47
Sales | Open Planned Work Orders;;customsearch4390;Transaction;Aaron T Luke;Public;Export (CSV);Persist (CSV);No;Ashley Quintana;25/03/2026 14:29
Sales | Open Released Work Orders;;customsearch4389;Transaction;Aaron T Luke;Public;Export (CSV);Persist (CSV);No;Kami Butcher;23/03/2026 08:18
Sales | Open Sales Orders by Customer;;customsearch3633;Transaction;Camilo Montano;Public;Export (CSV);Persist (CSV);No;Emily Gray;3/09/2025 07:30
Sales | Open Sales Orders w/Item Promised Date ;;customsearch4245;Transaction;Camilo Montano;Public;Export (CSV);Persist (CSV);No;Camilo Montano;28/01/2026 08:47
Sales | Open Sample Orders (Pending Fulfillment);;customsearch2933;Transaction;Adrian Palmar;Public;Export (CSV);Persist (CSV);No;Camilo Montano;17/08/2026 11:45
Sales | Open SOs Menopause (V3);;customsearch3927;Transaction;Camilo Montano;Public;Export (CSV);Persist (CSV);No;Ernest Corona;15/09/2025 08:12
Sales | Overstocked Products;;customsearch3641;Item;Camilo Montano;Public;Export (CSV);Persist (CSV);No;Chad Thomas;20/05/2025 09:28
Sales | Pending Approval SOs;;customsearch3852;Transaction;Adrian Palmar;Public;Export (CSV);Persist (CSV);No;Kami Butcher;3/08/2026 13:34
Sales | Pending Certificates;;customsearch4102;Transaction;Adrian Palmar;Public;Export (CSV);Persist (CSV);No;Camilo Montano;17/08/2026 11:45
Sales | Plant Protein Chocolate Labels On Hand;;customsearch4382;Item;Camilo Montano;Public;Export (CSV);Persist (CSV);No;Janet Pacheco;25/03/2026 12:04
Sales | Plant Protein Vanilla Labels On Hand;;customsearch4383;Item;Camilo Montano;Public;Export (CSV);Persist (CSV);No;Janet Pacheco;25/03/2026 12:05
Sales | Powders Sold (2025) ;;customsearch4094;Transaction;Camilo Montano;Public;Export (CSV);Persist (CSV);No;Mark Bible;10/03/2026 08:12
Sales | Private Label Powders Sold 2,500+ (2025) ;;customsearch4109;Transaction;Camilo Montano;Public;Export (CSV);Persist (CSV);No;Camilo Montano;19/11/2025 14:56
Sales | Products to be discontinued ordered by customers (last 12 months);;customsearch3510;Item;Camilo Montano;Public;Export (CSV);Persist (CSV);No;Camilo Montano;15/01/2026 11:33
Sales | Prop 65 Monthly Mailings;;customsearch4042;Customer;Aaron T Luke;Public;Export (CSV);Persist (CSV);Yes;Aaron T Luke;17/08/2026 01:00
Sales | Q4 500+ Customers 2025;;customsearch4110;Transaction;Camilo Montano;Public;Export (CSV);Persist (CSV);No;Emily Gray;3/12/2025 09:51
Sales | Q4 5k+ Customers 2025;;customsearch4112;Transaction;Camilo Montano;Public;Export (CSV);Persist (CSV);No;Camilo Montano;3/12/2025 11:01
Sales | Q4 5k+ Customers 2025 (Green Price) ;;customsearch4136;Transaction;Camilo Montano;Public;Export (CSV);Persist (CSV);No;Ashley Quintana;16/12/2025 15:28
Sales | Red Rock Labs Customer (Neuro SOs);;customsearch4802;Transaction;Camilo Montano;Public;Export (CSV);Persist (CSV);No;Camilo Montano;19/06/2026 11:32
Sales | Red Rock Labs Customer (Open SOs);;customsearch4421;Transaction;Camilo Montano;Public;Export (CSV);Persist (CSV);No;Camilo Montano;17/08/2026 10:03
Sales | Red Rock Labs Customer (SOs by Item);;customsearch4446;Transaction;Camilo Montano;Public;Export (CSV);Persist (CSV);No;Camilo Montano;4/08/2026 11:03
Sales | Red Rock Labs Customer (SOs);;customsearch4473;Transaction;Camilo Montano;Public;Export (CSV);Persist (CSV);No;Camilo Montano;7/08/2026 09:36
Sales | Released Bottling Work orders;;customsearch4357;Transaction;Aaron T Luke;Public;Export (CSV);Persist (CSV);No;Aaron T Luke;19/03/2026 08:35
Sales | Released Labeling Work orders;;customsearch4349;Transaction;Aaron T Luke;Public;Export (CSV);Persist (CSV);No;Taylor Wach;7/04/2026 12:59
Sales | Released Printing Work Orders;;customsearch4350;Transaction;Aaron T Luke;Public;Export (CSV);Persist (CSV);No;Aaron T Luke;19/03/2026 08:35
Sales | Sales Orders by month;;customsearch2974;Transaction;Adrian Palmar;Public;Export (CSV);Persist (CSV);No;Jennilyn Tockstein;1/08/2025 13:23
Sales | Saved Searches;;customsearch2921;Saved Search;Camila Coca;Public;Export (CSV);Persist (CSV);No;Aaron T Luke;22/05/2026 07:42
Sales | SilverOnyx Open SOs ;;customsearch3713;Transaction;Camilo Montano;Public;Export (CSV);Persist (CSV);No;Camilo Montano;23/01/2026 15:36
Sales | SilverOnyx SOs by month (2025);;customsearch4254;Transaction;Camilo Montano;Public;Export (CSV);Persist (CSV);No;Ashley Quintana;29/01/2026 07:52
Sales | Simplified Nutrition Total SOs (2025);;customsearch4458;Transaction;Camilo Montano;Public;Export (CSV);Persist (CSV);No;Camilo Montano;13/04/2026 06:51
Sales | SO & QUO Line Items & QTY ;;customsearch3939;Transaction;Camilo Montano;Public;Export (CSV);Persist (CSV);No;Claudio Soto;17/08/2026 11:48
Sales | SO Line Items & QTY;;customsearch3240;Transaction;Camila Coca;Public;Export (CSV);Persist (CSV);No;Janet Pacheco;17/08/2026 11:13
Sales | SO Status;;customsearchtransactiondefaultview_16_2;Transaction;Camila Coca;Public;Export (CSV);Persist (CSV);No;Janet Pacheco;11/08/2026 12:27
Sales | SO's (w/ certificate of free sale or of origin);;customsearch3365;Transaction;Camilo Montano;Public;Export (CSV);Persist (CSV);No;Camilo Montano;6/03/2026 09:36
Sales | SO's (w/ VOX NSF Label Submission or NSF Fee);;customsearch3323;Transaction;Camilo Montano;Public;Export (CSV);Persist (CSV);No;Camilo Montano;3/04/2025 08:31
Sales | SO's Approved MTD;;customsearch3272;Transaction;Aaron T Luke;Public;Export (CSV);Persist (CSV);No;Ashley Quintana;17/08/2026 10:21
Sales | SO's Approved MTD (TEST);;customsearch4392;Transaction;Aaron T Luke;Public;Export (CSV);Persist (CSV);Yes;Aaron T Luke;16/08/2026 22:00
Sales | SO's Fulfilled by date (2025);;customsearch3637;Transaction;Camilo Montano;Public;Export (CSV);Persist (CSV);No;Adrian Palmar;16/01/2026 07:41
Sales | SO's Partially Fulfilled ;;customsearch3594;Transaction;Camilo Montano;Public;Export (CSV);Persist (CSV);No;Kami Butcher;3/04/2025 10:48
Sales | SO's Pending Approval 2025;;customsearch3578;Transaction;Camilo Montano;Public;Export (CSV);Persist (CSV);No;Camilo Montano;12/05/2026 11:30
Sales | SO's Pending Approval w/Payment;;customsearch3341;Transaction;Camilo Montano;Public;Export (CSV);Persist (CSV);No;Ashley Quintana;21/07/2026 13:17
Sales | SO's Revenue from Design Department YTD;;customsearch3595;Transaction;Adrian Palmar;Public;Export (CSV);Persist (CSV);Yes;Camilo Montano;10/02/2026 10:16
Sales | SO's w/ R&D or Misc. Service ;;customsearch3413;Transaction;Camilo Montano;Public;Export (CSV);Persist (CSV);No;Camilo Montano;30/01/2025 13:47
Sales | SOs w/discounts (new);;customsearch3765;Transaction;Camilo Montano;Public;Export (CSV);Persist (CSV);No;Kami Butcher;3/08/2026 13:29
Sales | Stock Capsules and Bottles Inventory;;customsearch3239;Item;Camila Coca;Public;Export (CSV);Persist (CSV);No;Camilo Montano;30/05/2025 12:31
Sales | Total Amount Sold - Apple Cider Vinegar Gummies (last 9 months);;customsearch3627;Transaction;Camilo Montano;Public;Export (CSV);Persist (CSV);No;Camilo Montano;5/12/2025 13:11
Sales | Total Amount Sold - Collagen Pectin Gummies (last 9 months);;customsearch3626;Transaction;Camilo Montano;Public;Export (CSV);Persist (CSV);No;Camilo Montano;24/11/2025 10:37
Sales | Total Amount Sold - Hair Vitamin Gummies (last 9 months);;customsearch3628;Transaction;Camilo Montano;Public;Export (CSV);Persist (CSV);No;Camilo Montano;18/05/2026 13:52
Sales | Total Amount Sold - Organic Products (2024);;customsearch4120;Transaction;Camilo Montano;Public;Export (CSV);Persist (CSV);No;Ashley Quintana;25/11/2025 10:31
Sales | UAB Bioma Health by SKU (last 12 months);;customsearch4124;Transaction;Camilo Montano;Public;Export (CSV);Persist (CSV);No;Taylor Yates;26/11/2025 12:38
Sales | UAB Bodhi Wellness by SKU (last 12 months);;customsearch4126;Transaction;Camilo Montano;Public;Export (CSV);Persist (CSV);No;Taylor Yates;26/11/2025 12:40
Sales | UAB Fast Fast by SKU (last 12 months);;customsearch4127;Transaction;Camilo Montano;Public;Export (CSV);Persist (CSV);No;Taylor Yates;26/11/2025 12:41
Sales | UAB Gut Health by SKU (last 12 months);;customsearch4125;Transaction;Camilo Montano;Public;Export (CSV);Persist (CSV);No;Taylor Yates;26/11/2025 12:39
Sales | Vimerson Open SOs;;customsearch3669;Transaction;Camilo Montano;Public;Export (CSV);Persist (CSV);No;Emily Gray;21/08/2025 09:26
Sales | Whey Protein Chocolate Labels On Hand;;customsearch4384;Item;Camilo Montano;Public;Export (CSV);Persist (CSV);No;Janet Pacheco;25/03/2026 12:05
Sales | Whey Protein Vanilla Labels On Hand;;customsearch4385;Item;Camilo Montano;Public;Export (CSV);Persist (CSV);No;Janet Pacheco;25/03/2026 12:05
Sales | WO's partially buildable (Labeling);;customsearchcustoms1;Transaction;Camilo Montano;Public;Export (CSV);Persist (CSV);Yes;Camilo Montano;17/08/2026 07:07
Sales | WOs w/ buildable percentage (released day before) ;;customsearch3657;Transaction;Adrian Palmar;Public;Export (CSV);Persist (CSV);Yes;Adrian Palmar;6/02/2026 02:00
salesCustomer Open orders;;customsearchtransactiondefaultview_10_2;Transaction;Sarah Bega;Public;Export (CSV);Persist (CSV);No;Tyler Hall;17/08/2026 09:00
salesCustomer Open orders - partials;;customsearch2626;Transaction;Sarah Bega;Public;Export (CSV);Persist (CSV);No;Camilo Montano;27/05/2025 14:40
Salesforce Orders | Review;;customsearch2340;Transaction;Chirag Su;Public;Export (CSV);Persist (CSV);No;Camilo Montano;29/05/2025 13:25
Salesforce Quotes | Review;;customsearch2341;Transaction;Chirag Su;Public;Export (CSV);Persist (CSV);No;Camilo Montano;29/05/2025 13:27
Sample Bottle Items;;customsearch2479;Item;Camila Coca;Public;Export (CSV);Persist (CSV);No;Aaron T Luke;16/09/2025 10:24
Sample Bottle Items w/ Reorder Points;;customsearch2495;Item;Alisa Farnsworth;Public;Export (CSV);Persist (CSV);No;Aaron T Luke;16/09/2025 10:24
Sample Room - Standard Labels;;customsearch2607;Item;Camila Coca;Public;Export (CSV);Persist (CSV);No;Aaron T Luke;21/07/2025 11:14
Sample Room Invoices;;customsearch2548;Transaction;Adrian Palmar;Public;Export (CSV);Persist (CSV);No;Melissa Nicholls;4/12/2025 12:31
Sample Room Invoices for sales tax-Scheduled;;customsearch4050;Transaction;Matt Gapinski;Public;Export (CSV);Persist (CSV);Yes;Matt Gapinski;20/07/2026 07:30
SAS Approval Rule List Search;203059;customsearch_sas_ss_approvalrule_list;Approval Rule;Sophia Burr;Public;Export (CSV);Persist (CSV);No;Adrian Palmar;23/12/2025 09:29
SAS Email Approval Log List Search;203059;customsearch_sas_ss_email_approval_logs;Email Approval Log;Sophia Burr;Public;Export (CSV);Persist (CSV);No;;
SAS Expense Report List Search;203059;customsearch_sas_ss_er_list;Transaction;Sophia Burr;Public;Export (CSV);Persist (CSV);No;;
SAS Journal Entry List Search;203059;customsearch_sas_ss_je_list;Transaction;Data Ninja;Public;Export (CSV);Persist (CSV);No;;
SAS Purchase Order List Search;203059;customsearch_sas_ss_po_list;Transaction;Sophia Burr;Public;Export (CSV);Persist (CSV);No;;
SAS Vendor Bill List Search;203059;customsearch_sas_ss_vendorbill_list;Transaction;Sophia Burr;Public;Export (CSV);Persist (CSV);No;;
Saved Search Log;;customsearch_atlas_saved_search_rpt;Saved Search;Sophia Burr;Public;Export (CSV);Persist (CSV);No;Matt Gapinski;13/02/2026 11:21
Scheduled Script IF Update;312584;customsearch_sch_script_if_update;Scheduled Script Instance;Sophia Burr;Public;Export (CSV);Persist (CSV);No;;
SCM EOD Shipping List;47193;customsearch_scm_eodshippinglist;Transaction;Sophia Burr;Public;Export (CSV);Persist (CSV);No;Camilo Montano;27/05/2025 13:36
SCM EOD Shipping Transaction Search;47193;customsearch_scm_eodshippingrpt;Transaction;Sophia Burr;Public;Export (CSV);Persist (CSV);No;;
SCM Inventory Count Sheet;47193;customsearch_scm_inventorycountsheetrprt;Transaction;Sophia Burr;Public;Export (CSV);Persist (CSV);No;Camilo Montano;29/05/2025 11:11
SCM Manufacturing Dispatch List Search;47193;customsearch_scm_mnfctrngdispatchlstrprt;Transaction;Sophia Burr;Public;Export (CSV);Persist (CSV);No;;
SCM Manufacturing Traveler Search;47193;customsearch_scm_mnfctrngtravelerrprt;Transaction;Sophia Burr;Public;Export (CSV);Persist (CSV);No;;
Script Changes Log;;customsearch_atlas_scrpt_chng_rem;Document;Sophia Burr;Public;Export (CSV);Persist (CSV);No;Camilo Montano;17/08/2026 08:52
Serialized/Lot Numbered Items on Hand;;customsearch_atlas_serial_lot_on_hnd_rpt;Inventory Numbers;Sophia Burr;Public;Export (CSV);Persist (CSV);No;Camilo Montano;22/05/2025 11:21
Shelby | VRMA Search;;customsearch3575;Transaction;Shelby DeCol;Public;Export (CSV);Persist (CSV);No;Shelby DeCol;17/08/2026 11:02
Ship Central - Packing Search;591665;customsearch_shipcentrpackingrolesearch;Role;Kris Bevans;Public;Export (CSV);Persist (CSV);No;;
Ship Central - Role Search;591665;customsearch_shipcentrrolesearch;Role;Kris Bevans;Public;Export (CSV);Persist (CSV);No;;
Ship Central - Shipping Search;591665;customsearch_shipcentrshippingrolesearch;Role;Kris Bevans;Public;Export (CSV);Persist (CSV);No;;
Ship Central / UPS Open Purchase Orders Pending Bill - Shelby;;customsearch2466;Transaction;Shelby DeCol;Public;Export (CSV);Persist (CSV);No;Shelby DeCol;17/08/2026 11:02
Ship Central Sales Order Search;591665;customsearch_shipcentralsalesordersearch;Transaction;Sophia Burr;Public;Export (CSV);Persist (CSV);No;Melissa Gilbert;8/08/2025 07:08
Ship Method Internal Id;591665;customsearch_packship_ship_internalid;Shipping Item;Kris Bevans;Public;Export (CSV);Persist (CSV);No;;
Shipments On Time;;customsearch_atlas_ot_ship_rpt;Transaction;Sophia Burr;Public;Export (CSV);Persist (CSV);No;Emilio Dominguez;10/08/2026 10:18
Shipments to Ship;591665;customsearch_shipmentswaitingforshipping;PackShip - Shipment;Sophia Burr;Public;Export (CSV);Persist (CSV);No;;
Shipped Orders;;customsearch_atlas_ship_so_trend_kpi;Transaction;Sophia Burr;Public;Export (CSV);Persist (CSV);No;Felicity Michaels;9/12/2025 16:03
Shipped Sales Orders;591665;customsearch_shipped_salesorders;Transaction;Sophia Burr;Public;Export (CSV);Persist (CSV);No;;
Shipped Transfer Orders;591665;customsearch_shipped_transferorders;Transaction;Sophia Burr;Public;Export (CSV);Persist (CSV);No;;
Shipping Cost;;customsearch_atlas_shipcost_grph;Transaction;Sophia Burr;Public;Export (CSV);Persist (CSV);No;Emilio Dominguez;17/08/2026 11:22
Shipping Cost Variance;591665;customsearch_shipping_cost_variance;Transaction;Kris Bevans;Public;Export (CSV);Persist (CSV);No;Camilo Montano;22/05/2025 11:35
Shipping Information and Revenue;;customsearch3953;Transaction;Aaron T Luke;Public;Export (CSV);Persist (CSV);No;Matt Gapinski;8/06/2026 07:23
Shipping Transactions (Testing);;customsearch_vox_shipping_2;Transaction;Camila Coca;Public;Export (CSV);Persist (CSV);No;Camilo Montano;22/05/2025 11:21
Shipping | Aging Report 120 Day Notices;;customsearch2896;Transaction;Aaron T Luke;Public;Export (CSV);Persist (CSV);No;Camilo Montano;30/05/2025 13:12
Shipping | Aging Report 14 Day Notices;;customsearch2891;Transaction;Aaron T Luke;Public;Export (CSV);Persist (CSV);No;Aaron T Luke;31/07/2025 13:24
Shipping | Aging Report 150 Day Notices;;customsearch2897;Transaction;Aaron T Luke;Public;Export (CSV);Persist (CSV);No;Camilo Montano;30/05/2025 13:09
Shipping | Aging Report 180 Day Notices;;customsearch2898;Transaction;Aaron T Luke;Public;Export (CSV);Persist (CSV);No;Camilo Montano;25/06/2025 07:50
Shipping | Aging Report 21 Day Notices;;customsearch2892;Transaction;Aaron T Luke;Public;Export (CSV);Persist (CSV);No;Aaron T Luke;31/07/2025 13:24
Shipping | Aging Report 28 Day Notices;;customsearch2893;Transaction;Aaron T Luke;Public;Export (CSV);Persist (CSV);No;Aaron T Luke;15/10/2024 07:55
Shipping | Aging Report 45 Day Notices;;customsearch2894;Transaction;Aaron T Luke;Public;Export (CSV);Persist (CSV);No;Camilo Montano;30/05/2025 13:09
Shipping | Aging Report 7 Day Notices;;customsearch2890;Transaction;Aaron T Luke;Public;Export (CSV);Persist (CSV);No;Aaron T Luke;31/07/2025 13:24
Shipping | Aging Report 90 Day Notices;;customsearch2895;Transaction;Aaron T Luke;Public;Export (CSV);Persist (CSV);No;Camilo Montano;30/05/2025 13:10
Shipping | Aging Report Email List;;customsearch2942;Transaction;Aaron T Luke;Public;Export (CSV);Persist (CSV);Yes;Felicity Michaels;17/08/2026 11:49
Shipping | KPI Daily SO Ship Count;;customsearchshippingsoshipcount;Transaction;Aaron T Luke;Public;Export (CSV);Persist (CSV);No;Adrian Palmar;7/11/2025 08:05
Shipping | KPI Daily Units Shipped;;customsearchshippingsoshipcount_2;Transaction;Aaron T Luke;Public;Export (CSV);Persist (CSV);No;Matt Gapinski;8/06/2026 07:23
Shipping | KPI MTD SO Ship Count;;customsearchshippingsoshipcount_3;Transaction;Aaron T Luke;Public;Export (CSV);Persist (CSV);No;Camilo Montano;29/08/2025 09:00
Shipping | KPI MTD Units Shipped;;customsearchshippingsoshipcount_2_2;Transaction;Aaron T Luke;Public;Export (CSV);Persist (CSV);No;Matt Gapinski;8/06/2026 07:23
Shipping | New Work Orders Received;;customsearch2881;Transaction;Aaron T Luke;Public;Export (CSV);Persist (CSV);No;Shipping Team;26/06/2025 14:41
Shipping | Partially Shipped Sales Orders;;customsearch4275;Transaction;Aaron T Luke;Public;Export (CSV);Persist (CSV);No;Aaron T Luke;17/02/2026 13:20
Shipping | Revenue From Shipped Items;;customsearchrevenue_shipped;Transaction;Aaron T Luke;Public;Export (CSV);Persist (CSV);No;Aaron T Luke;18/06/2026 08:10
Shipping | Revenue Waiting to be Shipped;;customsearch2945;Transaction;Aaron T Luke;Public;Export (CSV);Persist (CSV);Yes;Aaron T Luke;17/08/2026 01:00
Shipping | Saved Searches;;customsearch564_6;Saved Search;Camila Coca;Public;Export (CSV);Persist (CSV);No;Aaron T Luke;22/06/2026 14:26
Shipping |Work Orders in Shipping;;customsearch_vox_shipping_3;Transaction;Aaron T Luke;Public;Export (CSV);Persist (CSV);No;Aaron T Luke;31/07/2025 13:24
Shipping |Work Orders in Shipping (Testing);;customsearch_vox_shipping_3_2;Transaction;Aaron T Luke;Public;Export (CSV);Persist (CSV);No;Camilo Montano;19/06/2025 11:49
ShipStation Transaction search;591665;customsearch_shipstation_transaction_det;Transaction;Sophia Burr;Public;Export (CSV);Persist (CSV);No;;
Shop for rates details search;591665;customsearch_packship_shop_details;Transaction;Kris Bevans;Public;Export (CSV);Persist (CSV);No;;
Short Term Lease Liability Report;551966;customsearch_fam_shortterm_leaseliab;Lease Payments;Sophia Burr;Public;Export (CSV);Persist (CSV);No;;
Shortcut Group Search;186103;customsearch_nav_shortcutgroup;Navigation Shortcut Group;Sophia Burr;Public;Export (CSV);Persist (CSV);No;Emilio Dominguez;17/08/2026 11:22
Single-thread PFA Queue;533070;customsearch_ep_single_thread_pfa_queue;Payment File Administration;Sophia Burr;Public;Export (CSV);Persist (CSV);No;;
Slow Moving Inventory;;customsearch_atlas_slow_moving_inv_rpt;Transaction;Sophia Burr;Public;Export (CSV);Persist (CSV);No;;
SO + WO + Fulflfillment date;;customsearch2940;Transaction;Camila Coca;Public;Export (CSV);Persist (CSV);No;Camilo Montano;20/05/2025 14:42
SO Lookup;;customsearch_atlas_so_lookup_rpt;Transaction;Sophia Burr;Public;Export (CSV);Persist (CSV);No;Adrian Palmar;3/12/2025 13:28
SOs changed from Pending Fulfillment to Closed;;customsearch4261;Transaction;Camilo Montano;Public;Export (CSV);Persist (CSV);No;Camilo Montano;23/07/2026 17:08
Spend by Class;;customsearch_atlas_ap_spend_by_class_rpt;Transaction;Sophia Burr;Public;Export (CSV);Persist (CSV);No;;
Spend by Class - Graph;;customsearch_atlas_ap_spend_class_grph;Transaction;Sophia Burr;Public;Export (CSV);Persist (CSV);No;Justin  Hapler;22/07/2026 13:13
Spend by Department;;customsearch_atlas_ap_spend_by_dept_rpt;Transaction;Sophia Burr;Public;Export (CSV);Persist (CSV);No;Justin  Hapler;22/07/2026 13:13
Spend By Department - Graph;;customsearch_atlas_spend_by_dprt_grph;Transaction;Sophia Burr;Public;Export (CSV);Persist (CSV);No;;
Spend by Location;;customsearch_atlas_ap_spend_by_loc_rpt;Transaction;Sophia Burr;Public;Export (CSV);Persist (CSV);No;;
Spend by Location - Graph;;customsearch_atlas_spend_by_loc_grph;Transaction;Sophia Burr;Public;Export (CSV);Persist (CSV);No;Justin  Hapler;22/07/2026 13:13
Spend by Vendor;;customsearch_atlas_ap_spend_by_vndr_rpt;Transaction;Sophia Burr;Public;Export (CSV);Persist (CSV);No;Felicity Michaels;14/08/2026 11:13
Spend by Vendor - Graph;;customsearch_atlas_ap_spend_by_vndr_grph;Transaction;Sophia Burr;Public;Export (CSV);Persist (CSV);No;Justin  Hapler;8/06/2026 09:40
Spend Not Under Contract;;customsearch_atlas_spend_not_under_cntrc;Transaction;Sophia Burr;Public;Export (CSV);Persist (CSV);No;Shelby DeCol;17/08/2026 11:02
Standard Cost Items;;customsearch_atlas_std_cost_item_rpt;Item;Sophia Burr;Public;Export (CSV);Persist (CSV);No;Camilo Montano;30/05/2025 13:48
Standard Cost Sublist;;customsearch_sdf_stnd_cost_sublist;Item;Sophia Burr;Public;Export (CSV);Persist (CSV);No;Camilo Montano;27/05/2025 11:59
Summary Project Readiness Scorecard View;39609;customsearch127;Project Readiness Scorecard;Sophia Burr;Public;Export (CSV);Persist (CSV);No;;
Supply Plans Created This Week;;customsearch_atlas_spply_pln_rem;Item Supply Plan;Sophia Burr;Public;Export (CSV);Persist (CSV);No;;
SVox | Inventory Valuation;;customsearch2463;Transaction;Data Ninja Support;Public;Export (CSV);Persist (CSV);No;Camilo Montano;23/05/2025 06:26
System Notes Audit Log;;customsearch_atlas_systemnotes_rpt;System Note;Sophia Burr;Public;Export (CSV);Persist (CSV);No;Camilo Montano;17/08/2026 08:52
System Notes For Configuration Settings;;customsearch_atlas_admin_sysnts_cnfg_rpt;System Note;Sophia Burr;Public;Export (CSV);Persist (CSV);No;Matt Gapinski;13/02/2026 11:21
System Notes on Custom Records;;customsearch_atlas_sysnote_custrec_rpt;System Note;Sophia Burr;Public;Export (CSV);Persist (CSV);No;Camilo Montano;28/05/2025 09:57
System Server Script Log;;customsearch_atlas_sys_srvr_scrpt_rpt;Server Script Log;Sophia Burr;Public;Export (CSV);Persist (CSV);No;Holden Witt;8/06/2026 11:02
TAT Report V2 Test (DNU);;customsearch2811;Transaction;Adrian Palmar;Public;Export (CSV);Persist (CSV);No;Jennilyn Tockstein;13/07/2026 08:38
Tax, Amortization, Interest and Depreciation expense;;customsearch_atlas_tax_int_dep_exp_rpt;Transaction;Sophia Burr;Public;Export (CSV);Persist (CSV);No;;
Terminated Employees;;customsearch_atlas_term_emp_kpi;Employee;Sophia Burr;Public;Export (CSV);Persist (CSV);No;;
To Delete (Labels CL);;customsearch2394;Item;Camila Coca;Public;Export (CSV);Persist (CSV);No;Camilo Montano;30/05/2025 13:22
Top products Data (last 3 months);;customsearch3835;Transaction;Adrian Palmar;Public;Export (CSV);Persist (CSV);No;Camilo Montano;29/07/2026 09:34
Total Active Employees;;customsearch_atlas_total_employee_rpt;Employee;Sophia Burr;Public;Export (CSV);Persist (CSV);No;;
Total Active Vendors;;customsearch_atlas_active_vendor_kpi;Vendor;Sophia Burr;Public;Export (CSV);Persist (CSV);No;Justin  Hapler;18/05/2026 10:15
Total Assembly Component Consumption;;customsearch_atlas_total_assy_mnth_rpt;Transaction;Sophia Burr;Public;Export (CSV);Persist (CSV);No;Adrian Palmar;24/07/2025 11:49
Total Customers Count;;customsearch_atlas_total_custbased_rpt;Customer;Sophia Burr;Public;Export (CSV);Persist (CSV);No;;
Total Expenses (excluding Tax, Amortization and Depreciation expense);;customsearch_atlas_total_expenses_kpi;Transaction;Sophia Burr;Public;Export (CSV);Persist (CSV);No;;
Total Orders;;customsearch_atlas_total_orders_kpi;Transaction;Sophia Burr;Public;Export (CSV);Persist (CSV);No;;
Total Purchase Orders;;customsearch_atlas_ap_total_po_kpi;Transaction;Sophia Burr;Public;Export (CSV);Persist (CSV);No;;
Total Purchase Orders Count;;customsearch_atlas_ap_total_po_count_kpi;Transaction;Sophia Burr;Public;Export (CSV);Persist (CSV);No;Felicity Michaels;14/08/2026 11:13
Total Purchase Orders Value;;customsearch_atlas_ap_total_po_value_kpi;Transaction;Sophia Burr;Public;Export (CSV);Persist (CSV);No;Felicity Michaels;14/08/2026 11:13
Total Shipments per Carrier;591665;customsearch_shipmentbycarrier;PackShip - Shipment;Sophia Burr;Public;Export (CSV);Persist (CSV);No;;
Trace - Consumed By Tab;322956;customsearch_sn_build_subtab_forward;Transaction;Sophia Burr;Public;Export (CSV);Persist (CSV);No;;
Trace - Fullfilment subtab;322956;customsearch_ss_trace_fulfillment_rpt;Transaction;Sophia Burr;Public;Export (CSV);Persist (CSV);No;;
Trace - Inbound subtab;322956;customsearch_ss_trace_procurement_rpt;Transaction;Sophia Burr;Public;Export (CSV);Persist (CSV);No;;
Trace - Other Transactions subtab;322956;customsearch_ss_trace_other_trx_rpt;Transaction;Sophia Burr;Public;Export (CSV);Persist (CSV);No;;
Trace - Production subtab;322956;customsearch_ss_trace_build_rpt;Transaction;Sophia Burr;Public;Export (CSV);Persist (CSV);No;Camilo Montano;23/05/2025 09:45
Tracking Numbers by Sales Orders;;customsearch_atlas_trackingnumber_so_rpt;Transaction;Sophia Burr;Public;Export (CSV);Persist (CSV);No;;
Transaction Audit Log;;customsearch_atlas_transaction_audit_rpt;System Note;Sophia Burr;Public;Export (CSV);Persist (CSV);No;Jennilyn Tockstein;13/08/2026 13:17
Transactions Approved By Creator Alert;;customsearch_atlas_trns_apprv_alert;Transaction;Sophia Burr;Public;Export (CSV);Persist (CSV);No;Camilo Montano;30/05/2025 12:24
Transactions Missing Taxes;;customsearch_atlas_trans_missing_tax_rem;Transaction;Sophia Burr;Public;Export (CSV);Persist (CSV);No;Matt Gapinski;26/05/2026 14:04
Transfer Order Status With Locations;;customsearch_atlas_tostatwithloc;Transaction;Sophia Burr;Public;Export (CSV);Persist (CSV);No;;
Transfer Orders to Pack Today;591665;customsearch_transferorderspacktoday;Transaction;Sophia Burr;Public;Export (CSV);Persist (CSV);No;;
Transfer Orders to Receive;;customsearch_atlas_transfer_receive_rem;Transaction;Sophia Burr;Public;Export (CSV);Persist (CSV);No;Emilio Dominguez;17/08/2026 11:22
Transfer Orders to Ship;;customsearch_atlas_transfer_ord_shp_rpt;Transaction;Sophia Burr;Public;Export (CSV);Persist (CSV);No;Emilio Dominguez;17/08/2026 11:22
Transfer Orders to Ship This week;591665;customsearch_transorderstoshipthisweek;Transaction;Kris Bevans;Public;Export (CSV);Persist (CSV);No;Camilo Montano;28/05/2025 10:47
Transfer Orders to Ship Today;591665;customsearch_transferorderstoshiptoday;Transaction;Sophia Burr;Public;Export (CSV);Persist (CSV);No;Camilo Montano;28/05/2025 10:47
Transfers by Location;;customsearch_atlas_transfer_by_loc_rpt;Transaction;Sophia Burr;Public;Export (CSV);Persist (CSV);No;;
TW - Open SO by Salesperson;;customsearch2970;Transaction;Taylor Wach;Public;Export (CSV);Persist (CSV);No;Camilo Montano;20/06/2025 10:48
TW - Open SO by Salesperson!!!!;;customsearch2973;Transaction;Taylor Wach;Public;Export (CSV);Persist (CSV);No;Camilo Montano;20/06/2025 10:48
Unassigned Cases;;customsearch_atlas_unassigned_case_rem;Case;Sophia Burr;Public;Export (CSV);Persist (CSV);No;Aiskel Salvatore;20/11/2025 10:59
Unprocessed Transactions;533070;customsearch_9997_unprocessed_trans;Transaction;Sophia Burr;Public;Export (CSV);Persist (CSV);No;;
Unrecognized Revenue;;customsearch3918;Transaction;Adrian Palmar;Public;Export (CSV);Persist (CSV);No;Matt Gapinski;6/08/2026 12:47
User Note Log;;customsearch_atlas_usernote_log_rpt;User Note;Sophia Burr;Public;Export (CSV);Persist (CSV);No;Camilo Montano;30/05/2025 12:14
Value of Customer Returns;;customsearch_atlas_value_returns;Transaction;Sophia Burr;Public;Export (CSV);Persist (CSV);No;Emilio Dominguez;10/08/2026 10:18
Value of Late Purchase Orders;;customsearch_atlas_value_late_po_kpi;Transaction;Sophia Burr;Public;Export (CSV);Persist (CSV);No;Justin  Hapler;22/07/2026 13:13
Value of Open Opportunities;;customsearch_atlas_val_open_opps_kpi;Transaction;Sophia Burr;Public;Export (CSV);Persist (CSV);No;;
Value of Open Purchase Orders;;customsearch_atlas_vpo;Transaction;Sophia Burr;Public;Export (CSV);Persist (CSV);No;Felicity Michaels;14/08/2026 11:13
Value of Open Purchase Orders - KPI;;customsearch_atlas_vpo_kpi;Transaction;Sophia Burr;Public;Export (CSV);Persist (CSV);No;;
Value of Open Purchase Orders - Proc;;customsearch_sdf_vpo_kpi;Transaction;Sophia Burr;Public;Export (CSV);Persist (CSV);No;;
Value of Purchase Orders Received;;customsearch_atlas_vpo_receive_kpi;Transaction;Sophia Burr;Public;Export (CSV);Persist (CSV);No;;
Value of Shipping Charges;;customsearch_atlas_val_of_ship_chrg_rpt;Transaction;Sophia Burr;Public;Export (CSV);Persist (CSV);No;Paul Eischens;6/05/2025 06:15
Value of Shipping Charges - Graph;;customsearch_atlas_val_of_ship_chrg_grph;Transaction;Sophia Burr;Public;Export (CSV);Persist (CSV);No;Emilio Dominguez;10/08/2026 10:18
Value of Won Opportunities;;customsearch_atlas_val_won_opps_kpi;Transaction;Sophia Burr;Public;Export (CSV);Persist (CSV);No;;
Vendor Access;;customsearch_atlas_vendor_access_rem;Vendor;Sophia Burr;Public;Export (CSV);Persist (CSV);No;;
Vendor Access Log;;customsearch_atlas_vendor_access_log_rpt;Vendor;Sophia Burr;Public;Export (CSV);Persist (CSV);No;;
Vendor Approvals Expiring;;customsearch_atlas_vendor_apprvl_exp_rem;Vendor Certification;Sophia Burr;Public;Export (CSV);Persist (CSV);No;Camilo Montano;30/05/2025 13:46
Vendor Average Days Late;;customsearch_atlas_vendor_days_late_kpi;Transaction;Sophia Burr;Public;Export (CSV);Persist (CSV);No;Camilo Montano;28/05/2025 10:46
Vendor Balances Overview;;customsearch_atlas_vendor_balance_rpt;Vendor;Sophia Burr;Public;Export (CSV);Persist (CSV);No;Justin Johnston;31/07/2026 05:40
Vendor Bill PO Amount Check;240841;customsearch_vb_po_amount_rule;Transaction;Sophia Burr;Public;Export (CSV);Persist (CSV);No;Camilo Montano;19/05/2025 10:46
Vendor Bill PO Partial Rcpt Amt Check;240841;customsearch_vb_po_partial_amt;Transaction;Sophia Burr;Public;Export (CSV);Persist (CSV);No;;
Vendor Bill PO Partial Rcpt Qty Check;240841;customsearch_vb_po_partial_rcpt;Transaction;Sophia Burr;Public;Export (CSV);Persist (CSV);No;;
Vendor Bill PO Quantity Check;240841;customsearch_vb_po_qty_rule;Transaction;Sophia Burr;Public;Export (CSV);Persist (CSV);No;Camilo Montano;19/05/2025 12:56
Vendor Bill Standalone;240841;customsearch_vb_standalone_rule;Transaction;Sophia Burr;Public;Export (CSV);Persist (CSV);No;Camilo Montano;23/05/2025 06:37
Vendor Bills to Approve;;customsearch_atlas_vb_app;Transaction;Sophia Burr;Public;Export (CSV);Persist (CSV);No;Camilo Montano;30/06/2025 14:27
Vendor Certification;;customsearch_atlas_vendor_cert_sublist;Vendor Certification;Sophia Burr;Public;Export (CSV);Persist (CSV);No;;
Vendor Credits to Apply;;customsearch_atlas_vendor_crdt_rpt;Transaction;Sophia Burr;Public;Export (CSV);Persist (CSV);No;Ryan Espinoza;17/08/2026 10:30
Vendor Items Returned (Vendor Record);;customsearch_atlas_vdr_items_rtrn_sblist;Transaction;Sophia Burr;Public;Export (CSV);Persist (CSV);No;Felicity Michaels;7/08/2026 07:16
Vendor Late Purchase Orders;;customsearch_atlas_late_po_rpt;Transaction;Sophia Burr;Public;Export (CSV);Persist (CSV);No;Shelby DeCol;17/08/2026 11:02
Vendor Late Purchase Orders (Vendor Record);;customsearch_atlas_late_po_sblist;Transaction;Sophia Burr;Public;Export (CSV);Persist (CSV);No;Felicity Michaels;7/08/2026 07:16
Vendor Late Purchase Orders.;;customsearch_atlas_late_po_rpt_3;Transaction;Shelby DeCol;Public;Export (CSV);Persist (CSV);No;Ernest Corona;10/09/2025 13:07
Vendor Lookup;;customsearch_atlas_vendor_lookup;Vendor;Sophia Burr;Public;Export (CSV);Persist (CSV);No;;
Vendor Open Bills and Credits (Vendor Record);;customsearch_atlas_opn_vdr_bls_bc_sblist;Transaction;Sophia Burr;Public;Export (CSV);Persist (CSV);No;Felicity Michaels;7/08/2026 07:16
Vendor Open POs (Vendor Record);;customsearch_atlas_vdr_open_po_sblist;Transaction;Sophia Burr;Public;Export (CSV);Persist (CSV);No;Felicity Michaels;7/08/2026 07:16
Vendor PO History w Highlighting;;customsearch_atlas_vendr_po_hist_sub_rpt;Transaction;Sophia Burr;Public;Export (CSV);Persist (CSV);No;Camilo Montano;22/05/2025 10:31
Vendor PO History w Highlighting (Vendor Record);;customsearch_atlas_vnd_po_hist_sblist;Transaction;Sophia Burr;Public;Export (CSV);Persist (CSV);No;Ryan Espinoza;14/08/2026 10:06
Vendor Prepayment Transactions for EP;533070;customsearch_12793_vprep_for_ep;Transaction;Sophia Burr;Public;Export (CSV);Persist (CSV);No;;
Vendor Prepayments by Date;;customsearch3507;Transaction;Adrian Palmar;Public;Export (CSV);Persist (CSV);No;Camilo Montano;19/06/2025 11:02
Vendor Prepayments to Apply;;customsearch_atlas_vendorprepaymts_apply;Vendor;Sophia Burr;Public;Export (CSV);Persist (CSV);No;Sydney Walker;14/08/2026 12:20
Vendor Prepayments to Apply.;;customsearch_atlas_vendorprepaymts_app_2;Vendor;Shelby DeCol;Public;Export (CSV);Persist (CSV);No;Melissa Gilbert;13/08/2026 08:27
Vendor Purchases Last 12 Months (Vendor Record);;customsearch_atlas_12m_purchase_sblist;Transaction;Sophia Burr;Public;Export (CSV);Persist (CSV);No;Felicity Michaels;7/08/2026 07:16
Vendor Rank;;customsearch_atlas_vendor_rank_rpt;Vendor;Sophia Burr;Public;Export (CSV);Persist (CSV);No;;
Vendor Returns;;customsearch_atlas_ap_vendor_return_kpi;Transaction;Sophia Burr;Public;Export (CSV);Persist (CSV);No;Justin  Hapler;22/07/2026 13:13
Vendor Returns Last 12 Months (Vendor Record);;customsearch_atlas_12m_vdrreturn_sblist;Transaction;Sophia Burr;Public;Export (CSV);Persist (CSV);No;Felicity Michaels;7/08/2026 07:16
Vendor Returns to Ship;;customsearch_atlas_vendr_retrns_ship_rem;Transaction;Sophia Burr;Public;Export (CSV);Persist (CSV);No;Ryan Espinoza;17/08/2026 10:30
Vendor RFQ Responses;;customsearch_atlas_ap_venfor_rsp_rpt;Transaction;Sophia Burr;Public;Export (CSV);Persist (CSV);No;;
Vendor Top Purchased Items (Vendor Record);;customsearch_atlas_vdr_top_items_sblist;Transaction;Sophia Burr;Public;Export (CSV);Persist (CSV);No;Felicity Michaels;7/08/2026 07:16
Voided Labels List;591665;customsearch_voidlabellist;PackShip - Printed Shipping Data;Kris Bevans;Public;Export (CSV);Persist (CSV);No;;
VOX - Assemblies with BOM and Master Default;;customsearch2400;Item;Blend ERP Login 1;Public;Export (CSV);Persist (CSV);No;Jennilyn Tockstein;20/07/2026 10:45
VOX - Blend - Basic Details;;customsearch_blend_item_basic_details_2;Item;Blend ERP Login 1;Public;Export (CSV);Persist (CSV);No;Camilo Montano;19/06/2025 11:31
VOX - Blend - Item Profile Default View;;customsearch2118;Blend - Item Profile;Blend ERP Login 1;Public;Export (CSV);Persist (CSV);No;Aaron T Luke;10/06/2026 11:18
VOX - Blend - Packaged by Capsule;;customsearch_blend_item_basic_details__2;Item;Blend ERP Login 1;Public;Export (CSV);Persist (CSV);No;Camilo Montano;16/06/2025 15:22
VOX - Blend items to delete;;customsearch2115;Item;Blend ERP Login 1;Public;Export (CSV);Persist (CSV);No;Camilo Montano;21/05/2025 08:31
Vox - CM Transfer Orders to Receive;;customsearch_atlas_cm_transfer_rcv_rpt_2;Transaction;Sophia Burr;Public;Export (CSV);Persist (CSV);No;Camilo Montano;28/05/2025 11:36
Vox - CM Transfer Orders to Ship;;customsearch_atlas_cm_transfer_ord_rpt_2;Transaction;Sophia Burr;Public;Export (CSV);Persist (CSV);No;Camilo Montano;28/05/2025 11:36
VOX - Items Flagged to Remove from Alisa;;customsearch2251;Item;Blend ERP Login 1;Public;Export (CSV);Persist (CSV);No;Camilo Montano;30/05/2025 12:29
VOX - Newly Created Items for R&D Review;;customsearch2120;Item;Blend ERP Login 1;Public;Export (CSV);Persist (CSV);No;Camilo Montano;23/05/2025 09:50
Vox - Tax, Amortization, Interest and Depreciation expense;;customsearch_atlas_tax_int_dep_exp_rpt_2;Transaction;Sophia Burr;Public;Export (CSV);Persist (CSV);No;Justin Johnston;31/07/2026 05:40
Vox - Work Orders - CM Status;;customsearch_atlas_cmwo_rpt_2;Transaction;Sophia Burr;Public;Export (CSV);Persist (CSV);No;Camilo Montano;27/05/2025 13:55
VOX label Item Search;;customsearch2402;Item;Blend ERP Login 1;Public;Export (CSV);Persist (CSV);No;Camilo Montano;30/05/2025 13:21
Vox Open POs 2;;customsearchvox_open_pos2_sd;Transaction;Shelby DeCol;Public;Export (CSV);Persist (CSV);No;Tera T Sadler;27/06/2025 06:59
VOX PO's Past Due;;customsearch_atlas_late_po_lines_3;Transaction;Alisa Farnsworth;Public;Export (CSV);Persist (CSV);No;Shelby DeCol;5/08/2025 16:45
Vox | 13XXX ;;customsearch3833;Item;Shelby DeCol;Public;Export (CSV);Persist (CSV);No;Shelby DeCol;8/08/2025 11:39
Vox | 13XXX Inventory OH;;customsearch2630;Item;Adrian Palmar;Public;Export (CSV);Persist (CSV);No;Ashley Quintana;10/10/2025 13:51
Vox | 14XXX Inventory OH;;customsearch2631;Item;Adrian Palmar;Public;Export (CSV);Persist (CSV);No;Shelby DeCol;17/08/2026 09:07
Vox | 14XXX Inventory OH.;;customsearch5062;Item;Shelby DeCol;Public;Export (CSV);Persist (CSV);No;Shelby DeCol;17/08/2026 09:08
Vox | 15XXX Inventory OH;;customsearch2632;Item;Adrian Palmar;Public;Export (CSV);Persist (CSV);No;Shelby DeCol;3/08/2026 10:50
Vox | 30 Days Customer Sales 4;;customsearch_mhi_vox_30_days_2_2_3;Transaction;Adrian Palmar;Public;Export (CSV);Persist (CSV);No;Felicity Michaels;17/08/2026 11:49
Vox | 30 Days Customer Total (Customer Field);;customsearch_mhi_vox_30_days_2_2_2;Transaction;Sophia Burr;Public;Export (CSV);Persist (CSV);No;Claudio Soto;17/08/2026 11:46
Vox | 45 Day Volume Ordered (Total);;customsearch3281;Transaction;Adrian Palmar;Public;Export (CSV);Persist (CSV);No;Claudio Soto;17/08/2026 11:46
Vox | 45 Days Customer Sales 2;;customsearch_mhi_vox_30_days_2_3;Transaction;Sophia Burr;Public;Export (CSV);Persist (CSV);No;Felicity Michaels;17/08/2026 11:49
Vox | Allocation Report;;customsearch_mhi_vox_wo_so_report;Transaction;Sophia Burr;Public;Export (CSV);Persist (CSV);No;Ivanesky Urdaneta;21/07/2026 06:40
VOX | Approved Credit Memos;;customsearch_mhi_vox_approvedcreditmemo;Transaction;Illaha Tahir;Public;Export (CSV);Persist (CSV);No;Ashley Quintana;4/08/2025 13:11
Vox | Assembly Items and Class;;customsearch_mhi_vox_assembly_class;Item;Sophia Burr;Public;Export (CSV);Persist (CSV);No;Camilo Montano;28/05/2025 10:59
VOX | B13 Item BOM Source;;customsearch_mhi_vox_b13source;Bill of Materials Revision;Illaha Tahir;Public;Export (CSV);Persist (CSV);No;Camilo Montano;19/06/2025 14:58
VOX | B13 Items;;customsearch2366;Item;Illaha Tahir;Public;Export (CSV);Persist (CSV);No;Camilo Montano;29/05/2025 13:23
VOX | Backordered Items ;;customsearch_mhi_vox_backordered;Transaction;Illaha Tahir;Public;Export (CSV);Persist (CSV);No;Shelby DeCol;19/03/2026 12:38
Vox | BCAA (Fruit Punch) (Old) - Labels Parts;;customsearch3497;Item;Camilo Montano;Public;Export (CSV);Persist (CSV);No;Camilo Montano;7/07/2025 13:23
Vox | BCAA (Fruit Punch) (Old) Items w/label;;customsearch3572;Item;Camilo Montano;Public;Export (CSV);Persist (CSV);No;Camilo Montano;9/05/2025 09:55
Vox | Best Sellers Blend - Labels Parts;;customsearch3602;Item;Camilo Montano;Public;Export (CSV);Persist (CSV);No;Camilo Montano;26/06/2025 09:56
Vox | Blank Bottle Orders Histpry;;customsearch2601;Transaction;Camila Coca;Public;Export (CSV);Persist (CSV);No;Camilo Montano;25/04/2025 08:28
Vox | Blending / Picking / Ready.;;customsearch3969;Transaction;Shelby DeCol;Public;Export (CSV);Persist (CSV);No;Ernest Corona;11/11/2025 05:38
Vox | Closed SOs;;customsearch_mhi_vox_closed_sos;Transaction;Sophia Burr;Public;Export (CSV);Persist (CSV);No;Sydney Walker;27/05/2026 08:33
Vox | Closed Work Orders;;customsearch_mhi_vox_closed_wos;Transaction;Sophia Burr;Public;Export (CSV);Persist (CSV);No;Camilo Montano;19/06/2025 11:37
Vox | Commissions;;customsearch_mhi_vox_commissions;Transaction;Sophia Burr;Public;Export (CSV);Persist (CSV);No;Camilo Montano;19/05/2025 13:25
Vox | Commissions Revised;;customsearch_mhi_vox_commissions_4;Transaction;Sarah Bega;Public;Export (CSV);Persist (CSV);No;Camilo Montano;23/05/2025 09:59
Vox | Commissions V 2;;customsearch_mhi_vox_commissions_5;Transaction;Sarah Bega;Public;Export (CSV);Persist (CSV);No;Jennilyn Tockstein;7/08/2025 11:27
Vox | Commissions V 2.0;;customsearch_mhi_vox_commissions_2;Transaction;Sarah Bega;Public;Export (CSV);Persist (CSV);No;Jennilyn Tockstein;7/08/2025 11:29
Vox | Commissions v2;;customsearch_mhi_vox_commissions_3;Transaction;Sarah Bega;Public;Export (CSV);Persist (CSV);No;Camilo Montano;21/05/2025 08:45
Vox | Created From WOs ;;customsearch_mhi_vox_createdfromwo;Transaction;Illaha Tahir;Public;Export (CSV);Persist (CSV);No;-System-;17/08/2026 11:46
Vox | Current SOs;;customsearch_mhi_vox_current_sos;Transaction;Sophia Burr;Public;Export (CSV);Persist (CSV);No;Camilo Montano;29/05/2025 13:10
Vox | Current SOs to import ;;customsearch_mhi_vox_current_sos_2;Transaction;Sophia Burr;Public;Export (CSV);Persist (CSV);No;Camilo Montano;19/05/2025 13:54
Vox | Customer Deposit Amount;;customsearch_mhi_vox_deposits;Transaction;Sophia Burr;Public;Export (CSV);Persist (CSV);No;Felicity Michaels;17/08/2026 11:49
Vox | Customer Deposits w/o SOs ;;customsearch_mhi_vox_cd_wo_sos;Transaction;Sophia Burr;Public;Export (CSV);Persist (CSV);No;Tera T Sadler;27/06/2025 06:59
Vox | Customer Refund Amount;;customsearch_mhi_vox_customer_refund_amt;Transaction;Sophia Burr;Public;Export (CSV);Persist (CSV);No;Felicity Michaels;17/08/2026 11:49
Vox | Customer Refund Amount TEST;;customsearch_mhi_vox_customer_refund_a_2;Transaction;Holden Witt;Public;Export (CSV);Persist (CSV);No;Felicity Michaels;17/08/2026 11:49
Vox | Customer Statement;;customsearch_mhi_vox_customer_statement;Transaction;Sophia Burr;Public;Export (CSV);Persist (CSV);No;Camilo Montano;23/06/2025 10:30
Vox | Delete Customer Deposits ;;customsearch2304;Transaction;Sophia Burr;Public;Export (CSV);Persist (CSV);No;Camilo Montano;29/05/2025 13:09
Vox | Delete SO;;customsearch_mhi_vox_delete_sos;Transaction;Sophia Burr;Public;Export (CSV);Persist (CSV);No;Camilo Montano;29/05/2025 13:06
Vox | Deleted Items in Use;;customsearch_mhi_vox_delete_use;Transaction;Sophia Burr;Public;Export (CSV);Persist (CSV);No;Sophia Burr;12/01/2024 07:20
Vox | EPSON Printer SOs;;customsearch2788;Transaction;Camilo Montano;Public;Export (CSV);Persist (CSV);No;Aaron T Luke;3/02/2026 09:30
Vox | EPSON Printer WOs (Released) 10:00am ;;customsearch4404;Transaction;Camilo Montano;Public;Export (CSV);Persist (CSV);Yes;Camilo Montano;17/08/2026 09:00
Vox | EPSON Printer WOs (Released) 12:00pm ;;customsearch4088;Transaction;Camilo Montano;Public;Export (CSV);Persist (CSV);Yes;Camilo Montano;17/08/2026 11:00
Vox | EPSON Printer WOs (Released) 1:00pm ;;customsearch4277;Transaction;Camilo Montano;Public;Export (CSV);Persist (CSV);Yes;Camilo Montano;14/08/2026 12:00
Vox | EPSON Printer WOs (Released) 6:00am ;;customsearch2782;Transaction;Camilo Montano;Public;Export (CSV);Persist (CSV);Yes;Camilo Montano;17/08/2026 11:45
Vox | EPSON Printer WOs (Released) 7:00am ;;customsearch4276;Transaction;Camilo Montano;Public;Export (CSV);Persist (CSV);Yes;Camilo Montano;17/08/2026 06:00
Vox | EPSON Printer WOs (Released) 8:00am ;;customsearch4403;Transaction;Camilo Montano;Public;Export (CSV);Persist (CSV);Yes;Camilo Montano;17/08/2026 07:00
Vox | EPSON Printer WOs (Released) 9:00am ;;customsearch4087;Transaction;Camilo Montano;Public;Export (CSV);Persist (CSV);Yes;Camilo Montano;17/08/2026 08:00
Vox | EPSON Printer WOs (Released) as updated;;customsearch4361;Transaction;Aaron T Luke;Public;Export (CSV);Persist (CSV);No;Felicity Michaels;17/08/2026 11:49
VOX | IA Est. Unit Cost Update;;customsearch_mhi_vox_ia_update;Transaction;Illaha Tahir;Public;Export (CSV);Persist (CSV);No;Camilo Montano;29/05/2025 13:29
VOX | IA Est. Unit Cost Update MHI;;customsearch_mhi_vox_ia_update_2;Transaction;Lara Zidine;Public;Export (CSV);Persist (CSV);No;Camilo Montano;29/05/2025 13:28
Vox | Inventory Balance Search;;customsearch_mhi_vox_inventory_27;Inventory Balance;Sophia Burr;Public;Export (CSV);Persist (CSV);No;Jennilyn Tockstein;26/06/2026 09:47
Vox | Inventory Items (Basic List);;customsearch_inventory_items;Item;Camila Coca;Public;Export (CSV);Persist (CSV);No;Ryan Espinoza;31/07/2026 13:33
Vox | Inventory Items and Prices;;customsearch_mhi_vox_items_prices;Item;Sophia Burr;Public;Export (CSV);Persist (CSV);No;Camilo Montano;23/05/2025 09:39
Vox | Inventory Items/Lead Time;;customsearch2919;Item;Camilo Montano;Public;Export (CSV);Persist (CSV);No;Justin  Hapler;10/08/2026 13:37
Vox | Inventory On Hand;;customsearch2922;Inventory Balance;Camila Coca;Public;Export (CSV);Persist (CSV);No;Camilo Montano;17/08/2026 10:23
Vox | Inventory Valuation;;customsearch2458;Transaction;Sophia Burr;Public;Export (CSV);Persist (CSV);No;Camilo Montano;22/05/2025 10:27
Vox | Inventory Valuation;;customsearch2534;Transaction;Adrian Palmar;Public;Export (CSV);Persist (CSV);No;Jennilyn Tockstein;26/06/2026 09:48
Vox | Item Filter Ready for Sale;;customsearch_mhi_vox_item_sale_filter;Item;Sophia Burr;Public;Export (CSV);Persist (CSV);No;Aaron T Luke;19/05/2026 13:21
Vox | Item Usage;;customsearch_mhi_vox_item_qtys_2;Item;Sophia Burr;Public;Export (CSV);Persist (CSV);No;Justin  Hapler;21/05/2026 08:52
Vox | Items Display Names;;customsearch_mhi_vox_display_names;Item;Sophia Burr;Public;Export (CSV);Persist (CSV);No;Camilo Montano;29/05/2025 13:19
Vox | Items that auto generate WO;;customsearch_vox_items_that_auto_generat;Item;Lara Zidine;Public;Export (CSV);Persist (CSV);No;Camilo Montano;12/06/2025 10:58
Vox | Items to be deleted ;;customsearch_mhi_vox_item_delete;Item;Sophia Burr;Public;Export (CSV);Persist (CSV);No;Camilo Montano;30/05/2025 13:44
VOX | Label Search 5-HTP (w/ inventory);;customsearch3688;Item;Camilo Montano;Public;Export (CSV);Persist (CSV);No;Ashley Quintana;24/07/2025 09:40
VOX | Label Search Emergency Immune Support (w/ inventory);;customsearch3704;Item;Camilo Montano;Public;Export (CSV);Persist (CSV);No;Ashley Quintana;24/07/2025 09:39
VOX | Label Search Probiotic 40B (w/ inventory);;customsearch3689;Item;Camilo Montano;Public;Export (CSV);Persist (CSV);No;Ashley Quintana;24/07/2025 09:41
VOX | Label Search Probiotic 60B (w/ inventory);;customsearch3690;Item;Camilo Montano;Public;Export (CSV);Persist (CSV);No;Ashley Quintana;24/07/2025 09:41
VOX | Label Search Women's Probiotic 50B (w/ inventory);;customsearch3703;Item;Camilo Montano;Public;Export (CSV);Persist (CSV);No;Ashley Quintana;24/07/2025 09:39
Vox | Labels Part Numbers;;customsearch3451;Item;Camilo Montano;Public;Export (CSV);Persist (CSV);No;Sydney Walker;13/08/2026 09:55
Vox | Labels Received this Week;;customsearch_atlas_open_pos_rpt_15_2;Transaction;Camila Coca;Public;Export (CSV);Persist (CSV);No;Camilo Montano;23/06/2025 10:35
Vox | Landed Cost Calc;;customsearchitemtransactionsublistview;Transaction;Lara Zidine;Public;Export (CSV);Persist (CSV);No;Ernest Corona;30/09/2025 14:49
Vox | Last 30 Days Quantity Ordered;;customsearch2119;Transaction;Sophia Burr;Public;Export (CSV);Persist (CSV);No;Camilo Montano;20/06/2025 13:59
VOX | Lid Sticker Search (w/ inventory) ;;customsearch3694;Item;Camilo Montano;Public;Export (CSV);Persist (CSV);No;Tyler Hall;21/07/2025 08:44
Vox | Mass Delete Req;;customsearch_mhi_mass_delete;Transaction;Sophia Burr;Public;Export (CSV);Persist (CSV);No;Camilo Montano;29/05/2025 13:18
Vox | Open Sales Orders by Sales Rep;;customsearch3412;Transaction;Camilo Montano;Public;Export (CSV);Persist (CSV);No;Camilo Montano;25/11/2025 15:25
Vox | Pending Approval PO (CEO);;customsearch_mhi_vox_po_approve_shelby_4;Transaction;Camila Coca;Public;Export (CSV);Persist (CSV);No;Felicity Michaels;17/08/2026 11:49
Vox | Pending Approval Req (Quality Director);;customsearch2889;Transaction;Adrian Palmar;Public;Export (CSV);Persist (CSV);No;Jerald Wilson;6/05/2026 11:53
VOX | Pending Credit Memo Approval by Sales Director;;customsearch_mhi_vox_approvedcreditmem_2;Transaction;Illaha Tahir;Public;Export (CSV);Persist (CSV);No;Camilo Montano;20/06/2025 10:58
VOX | Pending Credit Memos Approval by Controller;;customsearch_mhi_vox_approvedcreditmem_3;Transaction;Illaha Tahir;Public;Export (CSV);Persist (CSV);No;Tera T Sadler;27/06/2025 06:59
VOX | Products to be discontinued;;customsearch3491;Item;Camilo Montano;Public;Export (CSV);Persist (CSV);Yes;Aaron T Luke;17/08/2026 08:55
VOX | Products to be discontinued.;;customsearch4209;Item;Shelby DeCol;Public;Export (CSV);Persist (CSV);Yes;Aaron T Luke;17/08/2026 08:55
Vox | Purchase Order Item Descriptions ;;customsearch_mhi_vox_po_description;Transaction;Sophia Burr;Public;Export (CSV);Persist (CSV);No;Camilo Montano;30/05/2025 12:18
Vox | Purchase Orders to Approve;;customsearch_atlas_ap_pp_apprv_rem_2;Transaction;Sophia Burr;Public;Export (CSV);Persist (CSV);No;Shelby DeCol;27/06/2025 09:37
Vox | Purchase Orders to Approve for Alisa;;customsearch_mhi_vox_po_approve_alisa;Transaction;Sophia Burr;Public;Export (CSV);Persist (CSV);No;Camilo Montano;23/05/2025 09:55
Vox | Purchase Orders to Approve for COO;;customsearch_mhi_vox_po_approve_shelby_3;Transaction;Adrian Palmar;Public;Export (CSV);Persist (CSV);No;Felicity Michaels;17/08/2026 11:49
Vox | Purchase Orders to Approve for Director [WORKFLOW];;customsearch_mhi_vox_po_approve_shelby_2;Transaction;Sophia Burr;Public;Export (CSV);Persist (CSV);No;Felicity Michaels;17/08/2026 11:49
Vox | Purchase Orders to Approve for Shelby;;customsearch_mhi_vox_po_approve_shelby;Transaction;Sophia Burr;Public;Export (CSV);Persist (CSV);No;Felicity Michaels;17/08/2026 11:49
Vox | Purchase Orders to Receive in NS;;customsearch_mhi_vox_po_ir_ns;Transaction;Sophia Burr;Public;Export (CSV);Persist (CSV);No;Camilo Montano;29/05/2025 13:37
Vox | Purchase Orders with Prepayments;;customsearch2260;Transaction;Sophia Burr;Public;Export (CSV);Persist (CSV);No;Melissa Gilbert;13/08/2026 08:27
Vox | Purchase Orders with Prepayments Today;;customsearch2261;Transaction;Sophia Burr;Public;Export (CSV);Persist (CSV);No;Camilo Montano;5/06/2025 09:50
Vox | QA HOLD Inventory ;;customsearch2591;Inventory Number Item Balance;Adrian Palmar;Public;Export (CSV);Persist (CSV);No;Adrian Palmar;30/07/2025 14:34
Vox | Quarantine Inventory;;customsearch2565;Inventory Detail;Camila Coca;Public;Export (CSV);Persist (CSV);Yes;Camilo Montano;19/06/2025 09:04
Vox | Quotes Created by 'Me';;customsearch_mhi_vox_quotes_me;Transaction;Illaha Tahir;Public;Export (CSV);Persist (CSV);No;Ashley Quintana;12/11/2025 06:50
Vox | Rejection Reason;;customsearch_mhi_vox_rejection_reason;Rejection Reason;Sophia Burr;Public;Export (CSV);Persist (CSV);No;David Powell;17/08/2026 07:52
Vox | RMA - Pending Receipt;;customsearch2503;Transaction;Adrian Palmar;Public;Export (CSV);Persist (CSV);No;Felicity Michaels;17/08/2026 11:49
Vox | RMA - Pending Refund;;customsearch2504;Transaction;Adrian Palmar;Public;Export (CSV);Persist (CSV);No;Felicity Michaels;17/08/2026 11:49
Vox | RUSH Open SOs (1pm);;customsearch3970;Transaction;Camilo Montano;Public;Export (CSV);Persist (CSV);Yes;Camilo Montano;14/08/2026 12:00
Vox | RUSH Open SOs (6am);;customsearch3928;Transaction;Camilo Montano;Public;Export (CSV);Persist (CSV);Yes;Emilio Dominguez;17/08/2026 11:49
Vox | Sales by month / Sales Rep (Month);;customsearch3915;Transaction;Camilo Montano;Public;Export (CSV);Persist (CSV);No;Ashley Quintana;5/11/2025 06:54
Vox | Sales Order Lines to Ship;;customsearch_mhi_vox_sos_to_ship;Transaction;Sophia Burr;Public;Export (CSV);Persist (CSV);No;Camilo Montano;23/05/2025 06:53
Vox | Sales Order to Approve (Accounting);;customsearch_mhi_vox_so_approve_sd_2;Transaction;Sophia Burr;Public;Export (CSV);Persist (CSV);No;Jennilyn Tockstein;1/08/2025 13:25
Vox | Sales Order to Approve (Sales);;customsearch_mhi_vox_so_approve_sd;Transaction;Sophia Burr;Public;Export (CSV);Persist (CSV);No;Camilo Montano;23/06/2025 10:27
Vox | Sales Order Without Customer Deposit;;customsearch_mhi_vox_so_approve_sd_2_2;Transaction;Sophia Burr;Public;Export (CSV);Persist (CSV);No;Ashley Quintana;12/11/2025 06:50
Vox | Sales Orders with Work Orders;;customsearch_mhi_vox_so_w_wo;Transaction;Sophia Burr;Public;Export (CSV);Persist (CSV);No;Adrian Palmar;12/01/2026 14:33
VOX | Sales Orders without Shipping Item (Other Charge);;customsearch_mhi_vox_orderwithoutship;Transaction;Illaha Tahir;Public;Export (CSV);Persist (CSV);No;Kami Butcher;27/06/2025 06:27
Vox | Sample Room Usage;;customsearch3276;Item;Camilo Montano;Public;Export (CSV);Persist (CSV);No;Camilo Montano;23/06/2025 10:40
Vox | Saved Searches;;customsearch2950;Saved Search;Camila Coca;Public;Export (CSV);Persist (CSV);No;Aaron T Luke;21/04/2026 07:46
Vox | SO Validation;;customsearch_mhi_vox_so_validation;Transaction;Sophia Burr;Public;Export (CSV);Persist (CSV);No;Camilo Montano;29/05/2025 13:15
Vox | To be deleted;;customsearch_mhi_vox_to_be_deleted;Transaction;Sophia Burr;Public;Export (CSV);Persist (CSV);No;Camilo Montano;29/05/2025 13:11
Vox | Unapplied Customer Deposit ;;customsearch_mhi_vox_unapplied_deposits;Transaction;Sophia Burr;Public;Export (CSV);Persist (CSV);No;Camilo Montano;19/06/2025 12:52
Vox | Vendor Bills to Approve;;customsearch_atlas_vb_app_2;Transaction;Sophia Burr;Public;Export (CSV);Persist (CSV);No;Tera T Sadler;27/06/2025 06:59
Vox | Vendor Prepayment Amount;;customsearch_mhi_vox_vendor_prepay_amt;Transaction;Sophia Burr;Public;Export (CSV);Persist (CSV);No;Shelby DeCol;17/08/2026 11:49
Vox | VRMA - Pending Credit;;customsearch2604;Transaction;Adrian Palmar;Public;Export (CSV);Persist (CSV);No;Felicity Michaels;17/08/2026 11:49
Vox | VRMA - Pending Return;;customsearch2524;Transaction;Adrian Palmar;Public;Export (CSV);Persist (CSV);No;Felicity Michaels;17/08/2026 11:49
Vox | Work Orders with Work Orders;;customsearch_mhi_vox_wo_w_wo;Transaction;Sophia Burr;Public;Export (CSV);Persist (CSV);No;Camilo Montano;30/05/2025 13:29
Vox|Pending Billing/Partially Fulfilled Orders;;customsearch_mhi_vox_pendingbill;Transaction;Illaha Tahir;Public;Export (CSV);Persist (CSV);No;Camilo Montano;3/04/2025 07:28
VPI - Fill Rates;;customsearch_atlas_vpi_fill_rates_kpi;Transaction;Sophia Burr;Public;Export (CSV);Persist (CSV);No;Shelby DeCol;17/08/2026 11:02
VPI - Number of Bills Received (Vendor Record);;customsearch_atlas_vpi_bills_rcvd_vn_kpi;Transaction;Sophia Burr;Public;Export (CSV);Persist (CSV);No;;
VPI - Number of Orders;;customsearch_atlas_vpi_ordercount_kpi;Transaction;Sophia Burr;Public;Export (CSV);Persist (CSV);No;;
VPI - Number of Orders (Vendor Record);;customsearch_atlas_vpi_ordercount_vn_kpi;Transaction;Sophia Burr;Public;Export (CSV);Persist (CSV);No;;
VPI - Number of Orders Received;;customsearch_atlas_vpi_orders_rcvd_kpi;Transaction;Sophia Burr;Public;Export (CSV);Persist (CSV);No;Justin  Hapler;8/06/2026 09:40
VPI - Number of Orders Received (Vendor Record);;customsearch_atlas_vpi_ordrs_rcvd_vn_kpi;Transaction;Sophia Burr;Public;Export (CSV);Persist (CSV);No;;
VPI - Number of Returns;;customsearch_atlas_vpi_returns_kpi;Transaction;Sophia Burr;Public;Export (CSV);Persist (CSV);No;Justin  Hapler;8/06/2026 09:40
VPI - Number of Returns (Vendor Record);;customsearch_atlas_vpi_returns_vn_kpi;Transaction;Sophia Burr;Public;Export (CSV);Persist (CSV);No;;
VPI - On Time Deliveries - All Receipts;;customsearch_atlas_vpi_ot_all_rceipt_kpi;Transaction;Sophia Burr;Public;Export (CSV);Persist (CSV);No;Justin  Hapler;8/06/2026 09:40
VPI - On Time Deliveries - Average Days;;customsearch_atlas_vpi_ot_deliveries_kpi;Transaction;Sophia Burr;Public;Export (CSV);Persist (CSV);No;;
VPI - On Time Deliveries - Average Days (Vendor Record);;customsearch_atlas_vpi_ot_dlvr_vn_kpi;Transaction;Sophia Burr;Public;Export (CSV);Persist (CSV);No;;
VPI - On Time Deliveries - Late Count;;customsearch_atlas_vpi_ot_late_count_kpi;Transaction;Sophia Burr;Public;Export (CSV);Persist (CSV);No;;
VPI - On Time Deliveries - Late Count (Vendor Record);;customsearch_atlas_vpi_ot_lte_cnt_vn_kpi;Transaction;Sophia Burr;Public;Export (CSV);Persist (CSV);No;;
VPI - Value of Returns;;customsearch_atlas_vpi_value_returns_kpi;Transaction;Sophia Burr;Public;Export (CSV);Persist (CSV);No;Justin  Hapler;8/06/2026 09:40
VPI - Value of Returns (Vendor Record);;customsearch_atlas_vpi_vle_rtrns_vn_kpi;Transaction;Sophia Burr;Public;Export (CSV);Persist (CSV);No;;
VPI - Vendor Scorecard (Vendor Record);;customsearch_atlas_vnd_scorecard_sblist;Transaction;Sophia Burr;Public;Export (CSV);Persist (CSV);No;Felicity Michaels;7/08/2026 07:16
Warehouse Stock Overstocked;;customsearch2787;Item;Alisa Farnsworth;Public;Export (CSV);Persist (CSV);No;Alisa Farnsworth;19/05/2025 12:49
Wave Search;591665;customsearch_wave_transaction;Pick Task;Kris Bevans;Public;Export (CSV);Persist (CSV);No;;
Web Browser Stats;;customsearch_atlas_webbrwsr_stat_rpt;Login Audit Trail;Sophia Burr;Public;Export (CSV);Persist (CSV);No;Camilo Montano;23/05/2025 09:38
Weekly Cash Projection;;customsearch_atlas_weeklycashproject_rpt;Transaction;Sophia Burr;Public;Export (CSV);Persist (CSV);No;Justin Johnston;31/07/2026 05:40
Weekly TAT Report [EMAIL];;customsearch4931;Transaction;Holden Witt;Public;Export (CSV);Persist (CSV);Yes;Holden Witt;16/08/2026 01:00
Weekly TAT Report [TEMP];;customsearch4951;Transaction;Holden Witt;Public;Export (CSV);Persist (CSV);Yes;Holden Witt;16/08/2026 01:00
Weeks of Supply;;customsearch_atlas_weeks_of_supply_rpt;Transaction;Sophia Burr;Public;Export (CSV);Persist (CSV);No;;
WIP Reconciliation Report;;customsearch_atlas_wip_recon_rpt;Transaction;Sophia Burr;Public;Export (CSV);Persist (CSV);No;Adrian Palmar;7/11/2025 07:08
WIP Revenue with Promise Dates;;customsearch3964;Transaction;Aaron T Luke;Public;Export (CSV);Persist (CSV);Yes;Aaron T Luke;17/08/2026 02:00
WO Release Date;;customsearch2743;Transaction;Adrian Palmar;Public;Export (CSV);Persist (CSV);No;Adrian Palmar;20/03/2025 11:34
WO Released Date (DO NOT DELETE);;customsearch2851;Transaction;Adrian Palmar;Public;Export (CSV);Persist (CSV);No;Camilo Montano;24/06/2025 14:48
Work Center List;;customsearch_atlas_work_center_list_rpt;Group;Sophia Burr;Public;Export (CSV);Persist (CSV);No;;
Work Center Load;;customsearch_atlas_wc_load;Manufacturing Operation Task;Sophia Burr;Public;Export (CSV);Persist (CSV);No;;
Work Order C & V Summary - Operations;;customsearch_atlas_wo_cv_sum_op_rpt;Manufacturing Operation Task;Sophia Burr;Public;Export (CSV);Persist (CSV);No;;
Work Order Form;;customsearch_atlas_woprint_rpt;Transaction;Sophia Burr;Public;Export (CSV);Persist (CSV);No;Camilo Montano;29/05/2025 13:33
Work Orders - Built;;customsearch_atlas_wo_built_kpi;Transaction;Sophia Burr;Public;Export (CSV);Persist (CSV);No;Camilo Montano;24/06/2025 14:30
Work Orders - Built Detail;;customsearch_atlas_wo_built_rpt;Transaction;Sophia Burr;Public;Export (CSV);Persist (CSV);No;Camilo Montano;30/05/2025 12:34
Work Orders - Closed;;customsearch_atlas_wo_closed_kpi;Transaction;Sophia Burr;Public;Export (CSV);Persist (CSV);No;Camilo Montano;24/06/2025 14:30
Work Orders - CM Status;;customsearch_atlas_cmwo_rpt;Transaction;Sophia Burr;Public;Export (CSV);Persist (CSV);No;Camilo Montano;23/05/2025 10:40
Work Orders - Created;;customsearch_atlas_wo_kpi;Transaction;Sophia Burr;Public;Export (CSV);Persist (CSV);No;Paul Eischens;6/03/2025 05:48
Work Orders - In Process Detail;;customsearch_atlas_wo_inprocess_rpt;Transaction;Sophia Burr;Public;Export (CSV);Persist (CSV);No;Camilo Montano;27/05/2025 14:00
Work Orders - Inspection Results;;customsearch_atlas_wo_insp_results_rpt;Transaction;Sophia Burr;Public;Export (CSV);Persist (CSV);No;;
Work Orders - Lot Tracking;;customsearch_atlas_wo_lot_tracking_rpt;Transaction;Sophia Burr;Public;Export (CSV);Persist (CSV);No;Data Ninja;11/03/2026 08:58
Work Orders - Operation Sequence;;customsearch_atlas_wo_opseq_rpt;Transaction;Sophia Burr;Public;Export (CSV);Persist (CSV);No;Camilo Montano;23/05/2025 06:23
Work Orders - Partially Built;;customsearch_atlas_partial_built_kpi;Transaction;Sophia Burr;Public;Export (CSV);Persist (CSV);No;Camilo Montano;19/06/2025 11:47
Work Orders - Past Due;;customsearch_atlas_wo_pastdueopen_rpt;Transaction;Sophia Burr;Public;Export (CSV);Persist (CSV);No;Camilo Montano;19/05/2025 09:48
Work Orders - Past Due KPI;;customsearch_atlas_wo_pastdueopen_kpi;Transaction;Sophia Burr;Public;Export (CSV);Persist (CSV);No;;
Work Orders - Past Due Operations;;customsearch_atlas_wo_pastdue_opseq_rpt;Transaction;Sophia Burr;Public;Export (CSV);Persist (CSV);No;Illaha Tahir;27/10/2023 09:17
Work Orders - Planned;;customsearch_atlas_wo_planned_kpi;Transaction;Sophia Burr;Public;Export (CSV);Persist (CSV);No;Camilo Montano;24/06/2025 14:47
Work Orders - Planned Detail;;customsearch_atlas_wo_planned_rpt;Transaction;Sophia Burr;Public;Export (CSV);Persist (CSV);No;Camilo Montano;28/05/2025 11:01
Work Orders - Planned Hours;;customsearch_atlas_wo_pltime_rpt;Transaction;Sophia Burr;Public;Export (CSV);Persist (CSV);No;;
Work Orders - Released;;customsearch_atlas_wo_released_rpt;Transaction;Sophia Burr;Public;Export (CSV);Persist (CSV);No;Claudio Soto;23/09/2025 12:41
Work Orders - Released KPI;;customsearch_atlas_wo_released_kpi;Transaction;Sophia Burr;Public;Export (CSV);Persist (CSV);No;Camilo Montano;19/06/2025 11:39
Work Orders - Schedule;;customsearch_atlas_wo_schedule_rpt;Transaction;Sophia Burr;Public;Export (CSV);Persist (CSV);No;Camilo Montano;20/06/2025 11:56
Work Orders - Status;;customsearch_atlas_wo_wip_rpt;Transaction;Sophia Burr;Public;Export (CSV);Persist (CSV);No;Labeling Department;12/08/2026 08:37
Work Orders - To be Scheduled;;customsearch_atlas_wo_sched_rpt;Transaction;Sophia Burr;Public;Export (CSV);Persist (CSV);No;Camilo Montano;30/06/2025 14:24
Work Orders - Value of Completed;;customsearch_atlas_wo_value_complete_kpi;Transaction;Sophia Burr;Public;Export (CSV);Persist (CSV);No;Camilo Montano;12/06/2025 10:58
Work Orders - Value of Released;;customsearch_atlas_wo_value_released_rpt;Transaction;Sophia Burr;Public;Export (CSV);Persist (CSV);No;Camilo Montano;12/06/2025 10:59
Work Orders In Process;;customsearch2594;Transaction;Adrian Palmar;Public;Export (CSV);Persist (CSV);No;Aaron T Luke;17/08/2026 10:26
Workflow Log;;customsearch_atlas_workflowlog_rpt;Workflow Instance;Sophia Burr;Public;Export (CSV);Persist (CSV);No;Data Ninja;31/01/2025 22:40
WOs with duplicate components;;customsearch4219;Transaction;Adrian Palmar;Public;Export (CSV);Persist (CSV);No;Aaron T Luke;17/08/2026 10:26
Yearly Supply Plans;;customsearch_atlas_yearly_sply_plan_rpt;Item Supply Plan;Sophia Burr;Public;Export (CSV);Persist (CSV);No;Justin  Hapler;21/05/2026 08:59
YTD Operations Work Order Production (Filterable by dept);;customsearch4149;Transaction;Aaron T Luke;Public;Export (CSV);Persist (CSV);No;Aaron T Luke;10/12/2025 09:12
